Customer ID,Recency,Frequency,Monetary,Total_Quantity,Unique_Products,Average_Order_Value
12346.0,326,12,77556.46,74285,27,6463.038333333334
12608.0,405,1,415.79,323,16,415.79
12745.0,487,2,723.85,467,20,361.925
12746.0,541,1,254.55,97,17,254.55
12747.0,2,26,8898.48,2640,85,342.24923076923073
12748.0,1,336,53539.64,37109,2286,159.34416666666667
12749.0,4,9,6897.36,2360,260,766.3733333333333
12777.0,458,1,519.45,458,26,519.45
12819.0,458,1,540.52,344,19,540.52
12820.0,3,11,2689.52,1964,131,244.50181818181818
12821.0,214,2,220.8,162,13,110.4
12822.0,71,2,948.88,550,41,474.44
12823.0,75,18,6501.5,930,1,361.19444444444446
12824.0,60,1,397.12,232,25,397.12
12825.0,521,2,518.63,139,20,259.315
12826.0,3,12,2800.75,1915,93,233.39583333333334
12827.0,6,3,430.15000000000003,197,19,143.38333333333335
12828.0,3,6,1018.71,494,46,169.785
12829.0,337,3,385.3,550,17,128.43333333333334
12830.0,38,6,6814.64,9848,13,1135.7733333333333
12831.0,262,3,451.11,303,16,150.37
12832.0,32,2,383.03,195,27,191.515
12833.0,145,1,417.38,156,24,417.38
12834.0,283,1,312.38,110,18,312.38
12835.0,428,41,5996.83,2349,138,146.2641463414634
12836.0,59,15,6559.7300000000005,2231,280,437.31533333333334
12837.0,173,2,662.66,194,83,331.33
12838.0,34,10,2975.91,1606,230,297.591
12839.0,3,26,9669.12,6578,156,371.8892307692308
12840.0,144,7,4041.97,2258,109,577.4242857142857
12841.0,5,40,6958.2,5008,307,173.95499999999998
12842.0,70,4,1917.99,887,45,479.4975
12843.0,66,30,6583.36,3028,130,219.4453333333333
12844.0,29,4,648.6,223,88,162.15
12845.0,267,4,354.09,204,26,88.5225
12846.0,682,1,15.58,1,1,15.58
12847.0,22,2,1609.0,1497,100,804.5
12848.0,676,1,208.0,58,16,208.0
12849.0,31,6,3042.47,1855,123,507.0783333333333
12850.0,446,1,330.0,200,2,330.0
12851.0,97,2,280.76,157,71,140.38
12852.0,295,1,311.55,149,17,311.55
12853.0,135,11,3907.5,1668,111,355.22727272727275
12854.0,79,7,2970.9700000000003,1630,188,424.42428571428576
12855.0,373,4,612.84,240,65,153.21
12856.0,8,6,2170.78,1076,155,361.7966666666667
12857.0,211,6,3688.0,1420,71,614.6666666666666
12858.0,383,1,147.27,51,36,147.27
12859.0,459,1,575.1,292,21,575.1
12860.0,693,1,54.22,26,16,54.22
12861.0,620,1,68.25,27,4,68.25
12862.0,426,2,984.62,611,119,492.31
12863.0,52,6,2792.5499999999997,895,24,465.42499999999995
12864.0,138,2,299.57,447,5,149.785
12867.0,26,13,7829.26,7876,365,602.2507692307693
12868.0,186,8,2043.76,1170,86,255.47
12869.0,682,1,337.66999999999996,144,35,337.66999999999996
12870.0,375,3,1676.95,906,85,558.9833333333333
12871.0,84,3,744.02,484,13,248.00666666666666
12872.0,327,12,3283.96,1642,217,273.66333333333336
12873.0,282,3,2027.3,786,33,675.7666666666667
12875.0,143,5,1356.99,5187,2,271.398
12877.0,4,20,2942.14,2237,149,147.107
12878.0,236,2,854.99,547,38,427.495
12879.0,45,3,573.22,370,7,191.07333333333335
12880.0,382,2,640.13,279,32,320.065
12881.0,276,1,298.0,21,7,298.0
12882.0,9,2,1463.04,246,12,731.52
12883.0,25,4,703.47,196,39,175.8675
12884.0,88,1,309.05,43,7,309.05
12885.0,63,3,1175.22,655,66,391.74
12886.0,68,2,1378.4,770,75,689.2
12887.0,384,1,222.4,100,13,222.4
12888.0,214,2,354.12,76,4,177.06
12889.0,381,4,385.46000000000004,124,25,96.36500000000001
12890.0,24,2,706.02,457,124,353.01
12891.0,186,11,840.5,2325,2,76.4090909090909
12892.0,397,1,263.38,140,18,263.38
12893.0,31,1,176.55,90,27,176.55
12894.0,575,1,157.35,33,21,157.35
12895.0,42,2,372.8,210,22,186.4
12897.0,205,4,514.25,249,10,128.5625
12898.0,464,2,296.21000000000004,235,27,148.10500000000002
12899.0,414,1,366.4,108,17,366.4
12900.0,422,1,340.33,139,13,340.33
12901.0,9,28,17654.54,23075,30,630.5192857142857
12902.0,265,1,138.68,66,10,138.68
12903.0,429,1,833.53,493,41,833.53
12904.0,18,2,496.06,294,59,248.03
12905.0,577,2,1018.42,532,52,509.21
12906.0,12,5,2919.81,1749,55,583.962
12907.0,396,2,508.91,177,23,254.455
12908.0,176,5,1776.0,3000,1,355.2
12909.0,40,8,3103.19,1948,120,387.89875
12910.0,23,13,5796.52,3632,75,445.8861538461539
12911.0,552,1,1651.72,807,220,1651.72
12912.0,3,5,1662.3,670,17,332.46
12913.0,5,13,6283.24,3086,52,483.32615384615383
12914.0,401,1,223.98,336,9,223.98
12915.0,149,4,975.1,411,46,243.775
12916.0,139,7,4479.73,1681,82,639.9614285714285
12917.0,128,6,4359.2,1104,45,726.5333333333333
12918.0,626,1,10953.5,1,1,10953.5
12919.0,8,6,1335.19,673,34,222.53166666666667
12920.0,17,4,486.64,420,59,121.66
12921.0,9,74,35233.24,21328,322,476.12486486486483
12922.0,161,1,405.38,370,28,405.38
12923.0,64,3,770.42,230,54,256.8066666666667
12924.0,88,12,2469.4,1423,56,205.78333333333333
12925.0,5,3,729.3299999999999,649,46,243.10999999999999
12926.0,411,4,1523.97,754,202,380.9925
12927.0,395,1,197.31,145,11,197.31
12928.0,35,12,4304.89,2899,94,358.74083333333334
12929.0,312,1,117.85,37,8,117.85
12930.0,78,2,415.8,252,20,207.9
12931.0,22,57,92347.34,62906,37,1620.1287719298246
12932.0,539,8,1698.56,1609,69,212.32
12933.0,24,8,1636.6299999999999,949,227,204.57874999999999
12934.0,737,1,181.65,31,2,181.65
12935.0,2,15,4243.86,3201,113,282.924
12936.0,17,4,1063.9,559,56,265.975
12937.0,15,9,3097.61,1983,128,344.1788888888889
12938.0,26,1,114.14,140,9,114.14
12939.0,64,20,25264.8,10328,24,1263.24
12940.0,55,2,899.69,404,87,449.845
12941.0,724,1,377.49,381,27,377.49
12942.0,131,3,675.6,198,68,225.20000000000002
12943.0,558,2,496.5,222,22,248.25
12944.0,36,2,604.51,289,29,302.255
12945.0,288,2,900.11,446,47,450.055
12946.0,437,1,324.45,149,20,324.45
12947.0,144,6,1603.99,1165,83,267.33166666666665
12948.0,16,9,2317.43,1304,89,257.4922222222222
12949.0,31,22,15526.7,8233,347,705.7590909090909
12950.0,2,3,1843.0,1380,13,614.3333333333334
12951.0,9,15,3213.7200000000003,1662,110,214.24800000000002
12952.0,6,4,1387.79,653,64,346.9475
12953.0,10,2,828.8100000000001,364,45,414.40500000000003
12954.0,639,1,162.45,83,10,162.45
12955.0,1,11,4757.16,3664,81,432.4690909090909
12956.0,306,4,521.89,340,42,130.4725
12957.0,10,13,8706.97,4686,402,669.766923076923
12958.0,400,2,467.34,118,45,233.67
12959.0,484,1,150.95,109,8,150.95
12960.0,414,4,1322.07,1379,49,330.5175
12961.0,379,1,211.99,180,37,211.99
12962.0,7,2,266.39,129,15,133.195
12963.0,8,12,3235.79,1637,129,269.64916666666664
12964.0,437,1,132.24,56,26,132.24
12965.0,89,1,769.8100000000001,282,108,769.8100000000001
12966.0,10,1,160.18,75,10,160.18
12967.0,358,3,2938.52,912,47,979.5066666666667
12968.0,112,1,135.95,73,5,135.95
12969.0,603,1,122.45,55,5,122.45
12970.0,7,10,1453.6,954,280,145.35999999999999
12971.0,4,116,15704.6,14306,102,135.3844827586207
12972.0,414,4,1161.2,844,69,290.3
12973.0,414,1,385.55,31,6,385.55
12974.0,198,2,408.95,104,27,204.475
12975.0,437,6,2100.09,911,92,350.01500000000004
12976.0,212,8,3156.38,2684,106,394.5475
12977.0,156,4,513.88,128,54,128.47
12978.0,385,5,2502.82,1394,126,500.564
12980.0,158,21,16245.78,1910,7,773.6085714285715
12981.0,30,2,372.21999999999997,242,12,186.10999999999999
12982.0,243,8,2744.81,1729,139,343.10125
12983.0,598,1,490.08000000000004,638,30,490.08000000000004
12984.0,19,1,97.5,26,4,97.5
12985.0,1,2,1239.38,1533,73,619.69
12986.0,429,10,2729.84,1164,61,272.98400000000004
12987.0,74,5,1312.21,585,61,262.442
12988.0,292,1,505.82,126,75,505.82
12989.0,3,33,13551.75,6935,50,410.65909090909093
12990.0,31,7,955.5,480,9,136.5
12991.0,23,3,764.82,483,45,254.94000000000003
12992.0,725,1,93.35000000000001,21,6,93.35000000000001
12993.0,23,8,1259.6299999999999,751,57,157.45374999999999
12994.0,4,3,974.4200000000001,459,52,324.8066666666667
12995.0,85,1,211.32,108,3,211.32
12996.0,376,1,355.5,122,22,355.5
12997.0,22,8,2110.91,1186,65,263.86375
12998.0,493,3,920.08,1124,58,306.6933333333333
12999.0,196,3,455.88,342,25,151.96
13000.0,107,4,1032.5,548,57,258.125
13001.0,4,33,24042.65,13448,300,728.5651515151516
13002.0,318,3,414.13,201,19,138.04333333333332
13003.0,106,3,149.05,103,4,49.68333333333334
13004.0,12,36,11650.85,8768,417,323.63472222222225
13005.0,174,4,999.68,462,41,249.92
13006.0,56,1,81.57,55,4,81.57
13007.0,580,1,175.25,59,11,175.25
13008.0,323,3,612.13,379,31,204.04333333333332
13009.0,673,1,234.0,120,4,234.0
13010.0,374,2,330.12,323,10,165.06
13011.0,372,1,50.550000000000004,13,3,50.550000000000004
13012.0,9,11,2957.83,1559,95,268.89363636363635
13013.0,1,29,11097.43,5661,289,382.67
13014.0,11,11,5381.08,1979,140,489.1890909090909
13015.0,53,11,6579.78,3527,260,598.1618181818181
13016.0,73,3,789.89,527,39,263.2966666666667
13017.0,7,1,204.0,48,1,204.0
13018.0,16,35,9763.16,6746,401,278.9474285714286
13019.0,379,6,1229.95,397,46,204.99166666666667
13020.0,563,2,618.96,278,38,309.48
13021.0,4,17,4887.24,2546,166,287.48470588235296
13023.0,64,3,1449.03,585,69,483.01
13024.0,471,2,555.87,181,26,277.935
13025.0,732,1,323.39,241,13,323.39
13026.0,1,9,1733.08,2466,52,192.56444444444443
13027.0,114,19,17239.2,42840,7,907.3263157894737
13028.0,23,2,661.3199999999999,798,40,330.65999999999997
13029.0,31,5,1927.3,194,13,385.46
13030.0,11,2,752.4399999999999,348,76,376.21999999999997
13031.0,407,5,3292.84,2309,275,658.568
13032.0,52,9,2815.96,1274,147,312.88444444444445
13033.0,357,2,220.55,98,12,110.275
13034.0,55,3,756.82,406,42,252.27333333333334
13035.0,74,3,1364.2,926,27,454.73333333333335
13036.0,685,1,307.1,38,6,307.1
13037.0,138,12,3914.9500000000003,2130,181,326.24583333333334
13038.0,80,3,908.46,360,24,302.82
13039.0,584,4,1010.73,290,37,252.6825
13040.0,9,2,676.99,355,38,338.495
13041.0,451,4,799.13,335,23,199.7825
13042.0,598,3,1488.59,812,164,496.19666666666666
13043.0,273,1,516.42,254,13,516.42
13044.0,291,11,4848.05,2548,356,440.7318181818182
13045.0,99,3,808.92,405,41,269.64
13046.0,31,3,949.25,505,50,316.4166666666667
13047.0,32,24,8428.53,3328,190,351.18875
13048.0,14,9,4049.13,2661,125,449.90333333333336
13049.0,64,4,1408.24,620,19,352.06
13050.0,15,35,11986.52,7015,513,342.47200000000004
13051.0,579,2,155.8,72,4,77.9
13052.0,212,7,3119.33,1424,161,445.61857142857144
13053.0,622,1,127.65,47,17,127.65
13055.0,78,4,2321.11,1821,145,580.2775
13056.0,551,1,209.48,158,18,209.48
13057.0,530,3,709.59,456,34,236.53
13058.0,25,3,271.40000000000003,52,5,90.46666666666668
13059.0,250,10,2291.77,860,155,229.177
13060.0,254,1,307.53,123,15,307.53
13061.0,72,1,248.61,107,10,248.61
13062.0,191,1,346.98,343,11,346.98
13063.0,481,1,188.4,116,12,188.4
13064.0,13,6,1666.8400000000001,668,58,277.8066666666667
13065.0,373,5,1055.05,381,49,211.01
13066.0,24,2,470.8,322,48,235.4
13067.0,82,3,508.51,131,24,169.50333333333333
13068.0,10,2,344.0,200,1,172.0
13069.0,1,38,9284.45,15171,573,244.32763157894738
13070.0,192,4,751.7,372,12,187.925
13071.0,612,1,129.22,30,12,129.22
13072.0,267,1,177.15,69,7,177.15
13073.0,411,2,418.08,261,25,209.04
13074.0,511,4,1378.74,826,26,344.685
13075.0,130,1,919.61,485,22,919.61
13076.0,458,1,135.4,44,9,135.4
13077.0,1,11,2740.65,2468,208,249.15
13078.0,3,57,29018.06,12032,153,509.0887719298246
13079.0,4,6,419.18,158,11,69.86333333333333
13080.0,179,4,280.73,193,17,70.1825
13081.0,12,28,56838.37,40077,738,2029.9417857142857
13082.0,126,21,7335.75,8466,99,349.32142857142856
13083.0,4,3,395.43,307,19,131.81
13084.0,492,1,122.39999999999999,144,2,122.39999999999999
13085.0,158,8,2433.28,944,50,304.16
13086.0,383,1,439.33000000000004,155,47,439.33000000000004
13087.0,726,1,313.64,86,15,313.64
13088.0,417,1,236.11,76,19,236.11
13089.0,3,203,113416.91,58932,857,558.7039901477833
13090.0,9,24,13091.74,3247,163,545.4891666666666
13091.0,28,3,2321.82,1339,41,773.94
13092.0,71,12,2140.28,664,52,178.35666666666668
13093.0,276,55,54144.25,25971,199,984.4409090909091
13094.0,21,13,2209.44,1896,5,169.9569230769231
13095.0,71,1,74.39999999999999,144,6,74.39999999999999
13096.0,394,1,419.70000000000005,6,1,419.70000000000005
13097.0,33,28,13324.1,5345,390,475.8607142857143
13098.0,1,28,28882.44,15968,156,1031.5157142857142
13099.0,99,1,207.35999999999999,288,1,207.35999999999999
13101.0,234,4,695.4,478,48,173.85
13102.0,1,37,11380.1,6366,212,307.57027027027027
13103.0,40,3,709.64,426,27,236.54666666666665
13104.0,3,9,1709.1,834,15,189.89999999999998
13105.0,436,1,72.0,100,1,72.0
13106.0,133,2,603.46,231,15,301.73
13107.0,44,9,5253.07,4316,142,583.6744444444444
13108.0,373,2,748.46,745,27,374.23
13109.0,60,3,1134.03,757,57,378.01
13110.0,31,12,2957.4700000000003,763,167,246.45583333333335
13111.0,719,1,321.88000000000005,180,12,321.88000000000005
13112.0,541,1,20.6,11,2,20.6
13113.0,1,37,18230.07,4435,166,492.7045945945946
13114.0,731,1,234.38,74,16,234.38
13115.0,12,10,5494.7,3934,178,549.47
13116.0,138,1,501.14,291,30,501.14
13117.0,22,18,2255.66,1852,122,125.31444444444443
13118.0,20,9,2415.41,834,111,268.37888888888887
13119.0,669,1,134.9,110,11,134.9
13120.0,239,1,30.599999999999998,12,1,30.599999999999998
13121.0,269,1,283.73,252,50,283.73
13122.0,94,2,922.39,585,54,461.195
13123.0,473,2,506.75,268,36,253.375
13124.0,90,4,4641.66,2738,216,1160.415
13125.0,524,1,148.62,53,20,148.62
13126.0,5,13,3774.81,3289,183,290.37
13127.0,78,1,259.17,127,15,259.17
13128.0,631,1,263.5,31,1,263.5
13129.0,452,2,233.25,296,10,116.625
13130.0,94,1,64.0,32,2,64.0
13131.0,23,7,3313.77,1523,107,473.3957142857143
13132.0,262,1,77.3,20,3,77.3
13133.0,274,3,200.45000000000002,55,12,66.81666666666668
13134.0,86,6,2475.23,1364,110,412.53833333333336
13135.0,197,2,3371.45,4423,18,1685.725
13136.0,56,13,6274.56,3109,204,482.65846153846155
13137.0,11,16,7586.94,4238,628,474.18375
13138.0,22,7,1274.01,593,41,182.00142857142856
13139.0,16,8,8202.98,4614,214,1025.3725
13140.0,108,5,1054.92,572,89,210.984
13141.0,85,17,7656.08,5159,285,450.35764705882355
13142.0,19,1,307.09,258,23,307.09
13143.0,585,1,405.1,198,23,405.1
13144.0,333,2,135.35,29,6,67.675
13145.0,40,7,1128.52,265,5,161.21714285714285
13146.0,26,1,228.91,154,16,228.91
13147.0,10,4,712.8000000000001,144,1,178.20000000000002
13148.0,29,26,8497.82,4487,451,326.83923076923077
13149.0,14,4,1676.06,1280,76,419.015
13150.0,484,3,449.96999999999997,171,7,149.98999999999998
13151.0,296,3,2465.21,813,131,821.7366666666667
13152.0,417,7,2146.38,977,114,306.6257142857143
13153.0,6,1,486.22,418,15,486.22
13154.0,399,3,1624.84,976,78,541.6133333333333
13155.0,33,6,1370.48,741,79,228.41333333333333
13156.0,385,3,1586.54,914,94,528.8466666666667
13157.0,49,9,5687.36,4762,173,631.9288888888889
13158.0,95,5,1508.18,992,70,301.636
13159.0,9,4,1429.35,1058,114,357.3375
13160.0,22,1,91.8,56,4,91.8
13161.0,313,2,472.13,105,30,236.065
13162.0,122,16,9275.49,5755,186,579.718125
13163.0,610,1,17.65,3,2,17.65
13164.0,569,2,372.2,120,7,186.1
13165.0,46,3,1451.16,1736,47,483.72
13166.0,283,2,875.93,522,55,437.965
13167.0,19,5,1125.15,1007,64,225.03000000000003
13168.0,36,5,1840.73,898,127,368.146
13169.0,64,3,840.08,296,16,280.0266666666667
13170.0,27,1,108.81,141,29,108.81
13171.0,22,3,468.41,229,37,156.13666666666668
13172.0,400,1,69.6,48,1,69.6
13173.0,4,11,2399.82,1481,160,218.16545454545457
13174.0,16,12,7995.36,3794,602,666.28
13175.0,582,2,831.45,423,40,415.725
13176.0,46,1,481.49,448,66,481.49
13177.0,65,2,512.2,180,23,256.1
13178.0,26,21,14059.19,8778,194,669.4852380952382
13179.0,619,1,572.3100000000001,368,34,572.3100000000001
13180.0,607,1,86.10000000000001,42,4,86.10000000000001
13181.0,381,1,359.69,171,19,359.69
13182.0,45,1,121.18,201,11,121.18
13183.0,8,15,7036.18,4027,64,469.07866666666666
13184.0,15,10,1668.95,1662,138,166.895
13185.0,268,1,71.4,12,1,71.4
13186.0,40,3,1575.89,820,69,525.2966666666667
13187.0,337,4,341.36,296,51,85.34
13188.0,11,1,114.60000000000001,25,2,114.60000000000001
13189.0,19,2,260.68,842,29,130.34
13190.0,544,3,570.66,308,16,190.22
13191.0,658,1,164.69,115,58,164.69
13192.0,95,6,2558.58,1629,135,426.43
13193.0,61,1,112.08,46,22,112.08
13194.0,136,2,472.78,326,10,236.39
13195.0,414,1,136.73,70,43,136.73
13196.0,11,7,3068.84,2006,141,438.4057142857143
13197.0,610,1,373.01000000000005,204,19,373.01000000000005
13198.0,10,8,4974.2300000000005,3449,265,621.7787500000001
13199.0,4,67,15964.210000000001,11567,61,238.27179104477614
13200.0,19,4,870.09,516,42,217.5225
13201.0,502,4,1233.06,1036,65,308.265
13202.0,394,7,1580.3,572,55,225.75714285714284
13203.0,10,10,2648.25,2413,158,264.825
13204.0,731,1,966.6600000000001,428,57,966.6600000000001
13205.0,443,1,2803.2,256,1,2803.2
13206.0,400,13,8308.19,7086,393,639.0915384615384
13207.0,15,4,535.86,178,10,133.965
13208.0,59,9,1976.3,1343,198,219.58888888888887
13209.0,30,13,8509.51,5781,284,654.5776923076924
13210.0,94,1,353.48,316,22,353.48
13211.0,10,10,2618.77,1845,98,261.877
13212.0,20,3,786.83,309,128,262.2766666666667
13213.0,57,11,3851.52,2962,181,350.1381818181818
13214.0,418,7,3264.23,2966,207,466.31857142857143
13215.0,402,1,81.6,96,1,81.6
13216.0,268,1,333.74,297,5,333.74
13217.0,122,4,666.48,512,3,166.62
13218.0,127,1,62.63999999999999,88,5,62.63999999999999
13219.0,618,1,76.23,11,11,76.23
13220.0,78,5,1336.0900000000001,396,46,267.218
13221.0,240,2,847.41,244,62,423.705
13222.0,577,1,88.5,30,1,88.5
13223.0,200,6,969.1200000000001,568,8,161.52
13224.0,60,2,2155.95,1518,101,1077.975
13225.0,3,16,16260.07,7401,60,1016.254375
13226.0,273,2,312.46,179,28,156.23
13227.0,202,1,257.7,99,9,257.7
13228.0,81,1,358.0,200,2,358.0
13229.0,226,1,160.95,63,10,160.95
13230.0,4,30,6120.01,3520,653,204.00033333333334
13232.0,13,7,1328.35,773,147,189.7642857142857
13233.0,74,4,1176.46,1604,74,294.115
13234.0,673,2,346.5,159,56,173.25
13235.0,212,1,1031.07,441,53,1031.07
13236.0,24,2,744.85,416,34,372.425
13237.0,388,1,643.0,128,24,643.0
13238.0,17,6,1006.63,442,24,167.77166666666668
13239.0,262,5,1594.69,1151,86,318.938
13240.0,96,8,1475.79,709,160,184.47375
13241.0,412,1,112.53,46,40,112.53
13242.0,112,7,699.4,350,19,99.91428571428571
13243.0,203,5,1220.38,554,165,244.07600000000002
13244.0,93,1,121.74000000000001,38,27,121.74000000000001
13245.0,51,2,989.22,371,43,494.61
13246.0,18,11,3351.75,2796,229,304.70454545454544
13247.0,18,4,501.12,328,18,125.28
13248.0,125,2,465.68,305,25,232.84
13249.0,92,9,1608.93,1246,21,178.77
13250.0,461,2,253.09,107,17,126.545
13251.0,402,1,252.68,215,25,252.68
13252.0,394,2,399.3,134,19,199.65
13253.0,157,4,2951.11,3015,73,737.7775
13254.0,376,1,51.410000000000004,43,4,51.410000000000004
13255.0,9,3,678.76,407,26,226.25333333333333
13257.0,436,1,149.75,33,7,149.75
13258.0,12,5,1009.43,446,29,201.886
13259.0,62,9,1402.54,503,234,155.83777777777777
13260.0,61,1,557.62,142,8,557.62
13261.0,269,2,944.1,210,8,472.05
13262.0,263,3,573.45,247,48,191.15
13263.0,1,39,8676.2,5372,507,222.4666666666667
13264.0,443,1,722.5600000000001,375,38,722.5600000000001
13265.0,53,5,2092.66,1740,66,418.532
13266.0,11,19,6135.04,6837,154,322.89684210526315
13267.0,3,36,9429.81,3959,152,261.93916666666667
13268.0,18,11,3174.75,3624,257,288.6136363636364
13269.0,1,28,8537.32,6366,238,304.9042857142857
13270.0,366,1,590.0,200,1,590.0
13271.0,37,1,211.49,240,79,211.49
13272.0,31,2,276.56,96,15,138.28
13273.0,113,1,138.98,153,16,138.98
13274.0,409,1,360.85,199,19,360.85
13275.0,384,2,238.86,138,48,119.43
13276.0,64,5,1891.91,840,209,378.382
13277.0,16,7,523.3,382,10,74.75714285714285
13278.0,41,4,1435.85,1358,80,358.9625
13279.0,78,1,137.75,73,9,137.75
13280.0,122,7,2293.33,1489,159,327.61857142857144
13281.0,439,1,350.85,201,22,350.85
13282.0,18,4,1313.19,410,42,328.2975
13283.0,60,4,373.36,204,19,93.34
13284.0,331,1,201.19,91,13,201.19
13285.0,23,6,3364.59,2457,182,560.765
13286.0,600,1,734.91,274,46,734.91
13287.0,603,3,781.59,429,46,260.53000000000003
13288.0,443,5,927.61,379,7,185.522
13289.0,724,1,307.95,119,16,307.95
13290.0,438,1,208.63,1,1,208.63
13291.0,156,11,3270.79,1600,155,297.3445454545454
13292.0,39,5,994.51,530,55,198.902
13293.0,392,6,1192.94,555,51,198.82333333333335
13294.0,190,3,1689.53,996,93,563.1766666666666
13295.0,360,4,1101.97,733,56,275.4925
13296.0,137,6,792.51,653,50,132.085
13297.0,8,7,4368.62,2694,108,624.0885714285714
13298.0,1,1,360.0,96,2,360.0
13299.0,268,3,1218.7,416,56,406.23333333333335
13300.0,169,3,1285.51,455,44,428.50333333333333
13301.0,104,4,618.09,345,75,154.5225
13302.0,155,2,159.2,12,3,79.6
13303.0,400,1,61.72,26,4,61.72
13304.0,351,4,1217.99,716,59,304.4975
13305.0,4,16,3616.41,2228,153,226.025625
13306.0,430,1,53.65,74,4,53.65
13307.0,120,3,273.34,140,15,91.11333333333333
13308.0,23,4,1670.3700000000001,1073,65,417.59250000000003
13309.0,7,6,1706.3700000000001,1914,95,284.39500000000004
13310.0,28,5,1541.2,816,80,308.24
13311.0,4,2,598.57,305,25,299.285
13312.0,451,1,124.75,41,5,124.75
13313.0,22,12,3445.32,2308,105,287.11
13314.0,2,3,775.94,560,55,258.6466666666667
13315.0,689,1,310.26,232,22,310.26
13316.0,37,10,12940.82,19931,115,1294.0819999999999
13317.0,66,19,6486.091,3149,222,341.3732105263158
13318.0,1,3,640.76,304,14,213.58666666666667
13319.0,5,58,21323.22,8974,345,367.6417241379311
13320.0,78,6,2211.6,1509,98,368.59999999999997
13321.0,72,2,567.36,372,10,283.68
13322.0,17,1,199.48000000000002,117,25,199.48000000000002
13323.0,3,5,787.85,175,6,157.57
13324.0,36,18,10513.47,8448,36,584.0816666666666
13325.0,82,1,675.3,240,12,675.3
13326.0,432,1,281.76,140,13,281.76
13327.0,39,20,9134.48,4203,175,456.724
13328.0,316,1,1308.48,680,17,1308.48
13329.0,32,8,4808.77,3311,68,601.09625
13330.0,93,6,2796.1,1951,80,466.01666666666665
13331.0,402,1,262.4,54,12,262.4
13332.0,14,1,350.9,179,21,350.9
13333.0,411,3,1015.74,685,54,338.58
13334.0,82,5,6201.8,3198,307,1240.3600000000001
13336.0,77,1,795.12,559,51,795.12
13337.0,546,1,1575.26,980,87,1575.26
13338.0,158,4,2445.62,1151,113,611.405
13339.0,201,1,860.12,326,54,860.12
13340.0,45,12,22100.56,9636,190,1841.7133333333334
13341.0,261,1,775.85,301,42,775.85
13343.0,178,1,353.43,135,19,353.43
13344.0,68,3,2511.69,952,115,837.23
13345.0,288,1,389.5,141,20,389.5
13346.0,463,6,299.4,180,4,49.9
13347.0,70,1,341.36,205,8,341.36
13348.0,64,1,233.76,136,14,233.76
13349.0,11,1,247.32,225,16,247.32
13350.0,16,2,979.12,287,36,489.56
13351.0,66,1,373.94,117,16,373.94
13352.0,60,1,397.97999999999996,321,24,397.97999999999996
13354.0,71,1,743.53,604,51,743.53
13355.0,122,1,674.7,314,32,674.7
13356.0,80,1,768.24,325,42,768.24
13357.0,257,5,3805.5099999999998,2112,284,761.102
13358.0,269,1,439.03,285,29,439.03
13359.0,64,2,1043.31,381,52,521.655
13360.0,432,4,1553.65,942,58,388.4125
13361.0,472,2,1450.5,324,29,725.25
13362.0,9,7,5394.07,2481,186,770.5814285714285
13363.0,18,3,1723.86,1146,78,574.62
13364.0,71,1,134.95999999999998,71,10,134.95999999999998
13365.0,34,2,2225.37,1247,122,1112.685
13366.0,50,1,56.160000000000004,144,1,56.160000000000004
13367.0,432,1,510.20000000000005,253,20,510.20000000000005
13368.0,257,4,1121.5,606,45,280.375
13369.0,366,1,308.28000000000003,149,14,308.28000000000003
13370.0,372,1,754.87,343,39,754.87
13371.0,505,2,2297.66,1019,75,1148.83
13372.0,90,1,378.64,159,23,378.64
13373.0,61,6,7587.1900000000005,4263,292,1264.5316666666668
13374.0,415,2,422.8,135,17,211.4
13375.0,89,2,1792.23,1124,62,896.115
13376.0,99,3,1019.76,493,45,339.92
13377.0,397,2,1552.88,748,71,776.44
13379.0,26,3,572.56,601,85,190.85333333333332
13380.0,433,1,62.4,48,3,62.4
13381.0,32,12,8224.37,5125,154,685.3641666666667
13382.0,281,5,1387.58,863,74,277.51599999999996
13383.0,544,1,305.28000000000003,288,1,305.28000000000003
13384.0,31,11,6680.83,4142,192,607.3481818181818
13385.0,330,1,534.57,281,35,534.57
13386.0,414,2,835.46,514,24,417.73
13387.0,417,1,186.94,123,71,186.94
13388.0,131,3,1185.65,701,68,395.2166666666667
13389.0,11,3,797.96,429,50,265.9866666666667
13390.0,75,1,544.08,224,13,544.08
13391.0,204,1,59.8,4,1,59.8
13392.0,677,1,91.14,82,8,91.14
13393.0,584,4,1131.45,662,53,282.8625
13394.0,2,19,6621.7,5354,254,348.5105263157895
13395.0,185,3,1180.23,1660,77,393.41
13396.0,29,2,1360.99,600,42,680.495
13397.0,73,10,3191.87,1336,68,319.187
13398.0,192,2,670.34,341,37,335.17
13399.0,464,3,275.4,120,10,91.8
13400.0,583,1,310.83,284,23,310.83
13402.0,127,4,1226.8500000000001,917,55,306.71250000000003
13403.0,18,3,229.5,114,9,76.5
13404.0,1,2,252.49,111,11,126.245
13405.0,74,6,1213.811,855,33,202.30183333333332
13406.0,427,2,568.92,292,7,284.46
13407.0,579,3,2244.7,1690,85,748.2333333333332
13408.0,2,106,50174.782,28675,321,473.347
13410.0,24,9,2201.96,1244,25,244.66222222222223
13411.0,107,1,213.55,72,17,213.55
13412.0,620,1,487.34999999999997,176,33,487.34999999999997
13413.0,640,6,429.44,455,38,71.57333333333334
13414.0,134,6,2494.14,2702,48,415.69
13415.0,473,4,784.17,496,85,196.0425
13416.0,44,3,940.8000000000001,208,16,313.6
13417.0,5,6,1669.49,532,57,278.24833333333333
13418.0,12,31,11559.66,7354,328,372.8922580645161
13419.0,64,1,221.06,275,16,221.06
13420.0,150,2,159.85,101,8,79.925
13421.0,40,8,4058.75,2351,174,507.34375
13422.0,64,1,2626.3,1326,127,2626.3
13423.0,429,1,217.03,141,12,217.03
13424.0,450,1,572.77,529,40,572.77
13425.0,108,5,3390.4300000000003,2358,124,678.086
13426.0,1,22,8167.38,4868,162,371.24454545454546
13427.0,19,6,1006.53,880,35,167.755
13428.0,10,3,478.54,356,122,159.51333333333335
13429.0,11,4,1006.8,1390,55,251.7
13430.0,19,2,679.45,751,48,339.725
13431.0,67,8,3316.24,1570,113,414.53
13432.0,571,2,439.1,217,98,219.55
13433.0,501,4,658.3199999999999,190,22,164.57999999999998
13434.0,74,5,1666.8600000000001,864,17,333.372
13435.0,5,9,4447.33,2754,96,494.1477777777778
13436.0,2,1,196.89,76,12,196.89
13437.0,14,7,3408.06,1283,143,486.86571428571426
13438.0,547,1,46.5,10,1,46.5
13439.0,255,3,986.61,952,132,328.87
13440.0,423,7,1295.25,573,49,185.03571428571428
13441.0,92,2,720.9,520,33,360.45
13442.0,667,3,419.87,115,33,139.95666666666668
13443.0,449,6,1273.16,805,176,212.19333333333336
13444.0,374,2,619.08,331,51,309.54
13445.0,626,1,241.89999999999998,198,7,241.89999999999998
13446.0,430,11,3881.89,2403,113,352.8990909090909
13447.0,23,3,1129.14,584,55,376.38000000000005
13448.0,17,13,8745.93,4195,321,672.7638461538462
13449.0,24,1,291.88,222,19,291.88
13450.0,27,13,4120.04,4318,57,316.92615384615385
13451.0,26,11,7090.06,5229,561,644.5509090909092
13452.0,259,3,729.8,6,2,243.26666666666665
13453.0,166,3,781.6899999999999,341,33,260.56333333333333
13454.0,641,1,219.87,198,23,219.87
13455.0,25,6,2212.9900000000002,795,79,368.8316666666667
13456.0,18,6,1766.72,765,43,294.4533333333333
13457.0,689,2,148.22,96,9,74.11
13458.0,7,16,11959.27,6760,290,747.454375
13459.0,625,2,1160.4099999999999,986,57,580.2049999999999
13460.0,29,2,183.44,286,16,91.72
13461.0,39,6,4160.0,3132,30,693.3333333333334
13462.0,253,5,1153.85,697,64,230.76999999999998
13464.0,58,6,3097.64,1440,128,516.2733333333333
13465.0,446,2,931.12,584,34,465.56
13466.0,184,5,1013.35,660,49,202.67000000000002
13467.0,11,2,1071.91,580,89,535.955
13468.0,2,72,12793.28,5617,290,177.68444444444447
13469.0,653,1,82.4,52,6,82.4
13470.0,99,2,165.0,100,7,82.5
13471.0,1,4,2501.84,1583,214,625.46
13472.0,464,2,592.24,310,24,296.12
13473.0,61,8,2657.7599999999998,1000,65,332.21999999999997
13474.0,236,3,646.59,318,116,215.53
13475.0,191,4,1431.78,1012,64,357.945
13476.0,179,5,2061.4700000000003,713,86,412.29400000000004
13477.0,38,11,2819.17,2091,112,256.28818181818184
13478.0,469,5,2215.78,1189,114,443.15600000000006
13479.0,201,4,851.37,716,45,212.8425
13480.0,417,2,627.82,362,40,313.91
13481.0,46,11,3830.84,2055,162,348.2581818181818
13482.0,232,2,336.09,187,20,168.045
13483.0,66,1,140.34,160,10,140.34
13484.0,241,3,790.72,224,38,263.5733333333333
13485.0,233,11,3019.2200000000003,1798,131,274.4745454545455
13486.0,78,3,1122.41,669,69,374.1366666666667
13487.0,58,5,846.87,362,31,169.374
13488.0,17,23,14205.96,7375,370,617.6504347826086
13489.0,105,4,449.52,560,11,112.38
13490.0,654,1,154.25,25,8,154.25
13491.0,52,27,4467.66,2349,144,165.46888888888887
13494.0,312,1,316.26000000000005,162,18,316.26000000000005
13495.0,8,10,4863.31,2465,59,486.331
13496.0,11,2,653.33,341,28,326.665
13497.0,283,6,1166.83,525,52,194.47166666666666
13498.0,730,1,327.38,362,17,327.38
13499.0,18,5,1159.11,1365,31,231.82199999999997
13500.0,23,4,1466.3,838,77,366.575
13502.0,17,5,780.5,490,28,156.1
13503.0,71,6,1859.24,1105,158,309.87333333333333
13504.0,64,1,295.93,178,22,295.93
13506.0,316,5,1338.08,942,55,267.616
13507.0,3,4,2479.16,1597,146,619.79
13508.0,244,2,287.05,180,27,143.525
13509.0,9,8,1114.72,1214,27,139.34
13510.0,1,11,4558.29,3044,176,414.39
13511.0,677,1,282.76,60,5,282.76
13512.0,261,4,713.39,419,31,178.3475
13513.0,127,3,824.59,364,32,274.86333333333334
13514.0,74,4,815.9000000000001,288,15,203.97500000000002
13515.0,73,6,1265.82,819,64,210.97
13516.0,21,4,1685.26,1114,55,421.315
13517.0,60,3,2128.42,1369,125,709.4733333333334
13518.0,86,1,627.16,382,36,627.16
13519.0,78,2,343.21,133,19,171.605
13521.0,1,3,1071.73,718,313,357.24333333333334
13522.0,30,1,125.80000000000001,44,5,125.80000000000001
13523.0,33,6,4534.57,1989,177,755.7616666666667
13524.0,41,5,680.1800000000001,324,17,136.036
13525.0,15,2,628.78,394,5,314.39
13526.0,738,2,1182.0,1911,29,591.0
13527.0,34,12,4541.29,2736,266,378.44083333333333
13529.0,79,2,307.76,74,15,153.88
13530.0,634,1,402.97999999999996,272,18,402.97999999999996
13531.0,205,6,1433.07,497,44,238.845
13532.0,34,1,210.31,129,66,210.31
13533.0,183,3,269.09,202,61,89.69666666666666
13534.0,2,35,7720.9,3869,163,220.59714285714284
13535.0,403,1,89.5,10,1,89.5
13536.0,1,7,3444.39,2126,91,492.05571428571426
13537.0,426,2,717.85,337,38,358.925
13538.0,43,12,3103.13,959,105,258.5941666666667
13539.0,86,7,1569.3600000000001,710,69,224.19428571428574
13540.0,467,3,632.39,189,26,210.79666666666665
13541.0,427,2,785.25,279,10,392.625
13542.0,377,17,3959.4900000000002,804,98,232.91117647058826
13543.0,634,2,1439.6100000000001,329,37,719.8050000000001
13544.0,40,6,790.2,331,219,131.70000000000002
13545.0,391,2,364.93,252,54,182.465
13546.0,12,5,1086.24,587,95,217.248
13547.0,408,1,167.08,79,44,167.08
13548.0,96,3,901.44,558,169,300.48
13549.0,26,8,1005.8,554,44,125.725
13550.0,383,1,342.55,430,40,342.55
13551.0,319,2,244.2,36,5,122.1
13552.0,66,22,6948.92,2630,162,315.86
13553.0,675,1,499.6,201,85,499.6
13554.0,380,7,1629.35,578,156,232.7642857142857
13555.0,74,13,8891.84,4762,264,683.9876923076923
13556.0,429,2,200.82,134,8,100.41
13557.0,28,13,3032.26,2398,126,233.25076923076924
13558.0,6,4,594.52,338,123,148.63
13559.0,513,2,990.0,360,1,495.0
13560.0,7,1,171.42000000000002,63,32,171.42000000000002
13561.0,216,11,1803.4,1125,131,163.94545454545457
13562.0,82,8,4838.18,1603,88,604.7725
13563.0,84,2,777.53,209,49,388.765
13564.0,144,37,16498.97,8878,484,445.91810810810813
13565.0,19,3,414.8,260,45,138.26666666666668
13566.0,41,5,1688.6,1257,263,337.71999999999997
13567.0,428,4,1079.29,643,180,269.8225
13568.0,173,1,187.05,66,41,187.05
13569.0,17,4,726.54,345,140,181.635
13570.0,243,1,239.49,161,27,239.49
13571.0,13,26,4537.26,3191,263,174.51000000000002
13572.0,206,1,1384.25,534,32,1384.25
13573.0,50,6,904.52,647,73,150.75333333333333
13574.0,411,1,404.45,304,84,404.45
13575.0,23,5,732.0699999999999,449,41,146.414
13576.0,10,28,11202.59,4506,145,400.09250000000003
13577.0,25,11,3489.28,1661,102,317.20727272727277
13578.0,409,1,147.66,127,9,147.66
13579.0,15,5,1374.34,718,72,274.868
13580.0,406,1,107.75,45,5,107.75
13581.0,309,2,280.53000000000003,119,32,140.26500000000001
13582.0,390,2,241.68,106,10,120.84
13583.0,156,2,1445.031,1097,93,722.5155
13584.0,307,3,385.7,360,74,128.56666666666666
13585.0,531,3,684.54,1386,29,228.17999999999998
13586.0,541,1,127.28,38,20,127.28
13587.0,64,4,1673.5,664,27,418.375
13588.0,16,9,2478.95,2606,131,275.43888888888887
13589.0,15,6,1120.74,293,48,186.79
13590.0,11,18,6336.04,5271,255,352.0022222222222
13591.0,65,7,2093.94,850,89,299.13428571428574
13592.0,36,4,247.95999999999998,84,15,61.989999999999995
13593.0,108,14,5493.29,2170,212,392.3778571428571
13594.0,53,2,533.32,396,31,266.66
13595.0,517,3,784.48,341,114,261.49333333333334
13596.0,6,2,664.11,384,133,332.055
13597.0,400,2,396.71,231,17,198.355
13598.0,47,5,761.96,393,78,152.392
13599.0,1,33,9811.04,6248,235,297.30424242424243
13600.0,312,2,518.42,599,35,259.21
13601.0,45,4,1159.99,957,160,289.9975
13602.0,65,4,1025.17,538,49,256.2925
13603.0,26,1,164.34,164,27,164.34
13604.0,659,1,717.62,242,21,717.62
13605.0,387,2,522.67,425,50,261.335
13606.0,29,3,276.75,276,40,92.25
13607.0,40,2,1075.81,466,110,537.905
13608.0,541,1,232.05,110,31,232.05
13609.0,593,1,167.35,19,7,167.35
13610.0,12,14,2103.71,869,309,150.26500000000001
13611.0,89,10,3297.9300000000003,1988,170,329.793
13612.0,633,1,818.29,444,50,818.29
13613.0,453,5,1039.8500000000001,445,50,207.97000000000003
13614.0,24,6,2332.74,821,227,388.78999999999996
13615.0,319,8,6272.53,2910,259,784.06625
13616.0,568,2,283.85,172,31,141.925
13617.0,40,8,1278.75,593,48,159.84375
13618.0,174,1,177.34,246,13,177.34
13619.0,545,2,224.94,79,39,112.47
13620.0,528,1,112.34,74,5,112.34
13621.0,117,1,213.85,343,19,213.85
13622.0,696,1,658.95,379,32,658.95
13623.0,31,10,2533.06,1010,211,253.30599999999998
13624.0,388,1,462.08,820,22,462.08
13625.0,597,1,301.26,144,21,301.26
13626.0,253,2,707.04,398,44,353.52
13627.0,59,7,2245.9,1632,118,320.84285714285716
13628.0,676,1,310.14,106,16,310.14
13629.0,23,19,13370.86,7722,28,703.7294736842106
13630.0,5,7,2031.78,1391,51,290.2542857142857
13631.0,100,11,3070.42,467,6,279.1290909090909
13632.0,25,8,3645.81,1633,166,455.72625
13634.0,33,16,5033.77,2090,269,314.610625
13635.0,68,4,2999.16,1884,135,749.79
13636.0,37,5,949.12,592,57,189.824
13637.0,52,3,804.3,405,79,268.09999999999997
13638.0,16,1,122.64,93,8,122.64
13639.0,74,2,1346.27,997,49,673.135
13640.0,611,1,405.0,108,4,405.0
13641.0,641,5,1016.47,1098,41,203.294
13642.0,216,4,472.2,231,93,118.05
13643.0,31,10,2156.77,902,71,215.677
13644.0,16,4,2624.26,2067,144,656.065
13645.0,120,1,252.1,158,5,252.1
13646.0,400,2,326.25,79,58,163.125
13647.0,10,8,3041.68,1795,98,380.21
13648.0,400,8,1764.02,960,95,220.5025
13649.0,257,6,1453.68,782,97,242.28
13650.0,17,10,3288.0,1746,127,328.8
13651.0,35,3,226.85,62,14,75.61666666666666
13652.0,46,5,2262.05,1458,116,452.41
13653.0,488,1,152.2,72,9,152.2
13654.0,43,11,6308.0,4762,262,573.4545454545455
13655.0,114,6,2280.51,1225,103,380.08500000000004
13656.0,165,4,1078.85,862,81,269.7125
13657.0,11,2,382.14,209,16,191.07
13658.0,10,9,6025.5,2171,164,669.5
13659.0,206,12,4884.68,2527,224,407.0566666666667
13660.0,400,1,306.64,136,39,306.64
13661.0,603,1,325.24,118,17,325.24
13662.0,86,11,2233.61,1169,126,203.05545454545455
13663.0,179,5,2047.51,893,87,409.502
13665.0,386,3,1711.6599999999999,1652,97,570.5533333333333
13666.0,60,5,127.89999999999999,54,19,25.58
13667.0,149,1,299.05,149,82,299.05
13668.0,3,35,12948.48,6096,411,369.9565714285714
13669.0,51,3,413.55,393,13,137.85
13670.0,75,1,349.7,282,25,349.7
13671.0,395,1,172.6,95,61,172.6
13672.0,301,3,419.92,138,13,139.97333333333333
13673.0,19,2,387.44,114,47,193.72
13674.0,433,1,240.68,102,14,240.68
13675.0,151,2,486.82000000000005,330,25,243.41000000000003
13676.0,539,2,243.9,104,13,121.95
13677.0,405,2,551.24,217,98,275.62
13678.0,152,1,232.6,924,16,232.6
13679.0,494,3,281.26,102,44,93.75333333333333
13680.0,1,12,11419.67,5244,354,951.6391666666667
13681.0,18,4,827.83,360,37,206.9575
13682.0,187,1,59.5,10,3,59.5
13683.0,458,1,258.6,180,10,258.6
13684.0,286,4,594.88,234,81,148.72
13685.0,3,7,3119.44,5056,29,445.63428571428574
13686.0,183,3,409.04,378,27,136.34666666666666
13687.0,438,1,11880.84,87167,45,11880.84
13688.0,635,1,375.5,130,5,375.5
13689.0,63,2,1259.5,722,6,629.75
13690.0,59,1,172.25,67,9,172.25
13691.0,396,1,212.78,145,54,212.78
13692.0,25,5,3114.4,2101,83,622.88
13693.0,374,9,2011.82,880,78,223.53555555555556
13694.0,4,143,195640.69,188201,896,1368.1167132867133
13695.0,31,16,2770.73,1791,47,173.170625
13696.0,422,3,2020.4,552,24,673.4666666666667
13697.0,39,1,151.29999999999998,177,12,151.29999999999998
13698.0,597,2,451.73,227,31,225.865
13699.0,155,2,764.15,219,33,382.075
13700.0,26,13,2596.9700000000003,2786,163,199.7669230769231
13701.0,447,1,161.0,80,9,161.0
13702.0,446,1,135.18,74,5,135.18
13703.0,318,2,425.56,128,36,212.78
13704.0,5,9,2308.06,1531,111,256.4511111111111
13705.0,8,7,1717.19,906,55,245.31285714285715
13706.0,303,2,631.17,301,38,315.585
13707.0,267,5,3365.86,2210,142,673.172
13708.0,271,1,285.33,301,49,285.33
13709.0,4,18,7571.35,4122,296,420.6305555555556
13710.0,32,3,509.52,336,13,169.84
13711.0,219,9,1792.26,819,80,199.14
13712.0,247,2,766.42,1128,32,383.21
13713.0,408,3,740.76,284,70,246.92
13714.0,465,1,161.35,50,30,161.35
13715.0,281,17,8153.04,4800,277,479.5905882352941
13716.0,269,1,138.28,138,21,138.28
13717.0,32,8,1763.3,2144,110,220.4125
13718.0,246,2,306.55,173,9,153.275
13719.0,15,11,2783.08,1588,194,253.00727272727272
13720.0,117,4,799.9,501,42,199.975
13721.0,36,2,741.54,512,41,370.77
13722.0,132,10,5635.41,3059,137,563.5409999999999
13723.0,217,6,1194.08,593,51,199.01333333333332
13724.0,637,1,213.01,130,39,213.01
13725.0,50,8,1980.56,806,95,247.57
13726.0,39,2,1079.6599999999999,1054,39,539.8299999999999
13727.0,29,8,1074.15,368,74,134.26875
13728.0,37,16,2855.17,1269,75,178.448125
13729.0,436,3,724.73,419,36,241.57666666666668
13730.0,136,2,752.6,488,38,376.3
13731.0,219,2,610.59,278,36,305.295
13732.0,28,1,491.86,498,33,491.86
13733.0,411,2,487.03000000000003,335,28,243.51500000000001
13734.0,509,4,6695.6900000000005,302,24,1673.9225000000001
13735.0,25,13,9762.77,4135,362,750.9823076923077
13736.0,5,7,2752.47,1549,325,393.21
13737.0,200,1,339.59999999999997,125,29,339.59999999999997
13738.0,396,1,434.78000000000003,237,88,434.78000000000003
13739.0,18,2,292.2,76,6,146.1
13740.0,241,5,1582.77,987,83,316.554
13741.0,72,3,668.4300000000001,218,34,222.81000000000003
13742.0,17,12,3107.87,1115,200,258.9891666666667
13743.0,3,7,1341.6,1776,8,191.65714285714284
13744.0,95,2,1080.52,1153,54,540.26
13745.0,162,2,777.36,1146,46,388.68
13746.0,414,1,176.69,83,9,176.69
13747.0,374,2,169.79999999999998,60,4,84.89999999999999
13748.0,96,9,2064.35,1028,40,229.3722222222222
13750.0,54,11,3602.1800000000003,1370,51,327.4709090909091
13751.0,288,1,296.25,152,9,296.25
13752.0,124,7,1579.8300000000002,1005,75,225.69000000000003
13753.0,288,4,2094.57,1450,64,523.6425
13754.0,152,3,447.05,315,16,149.01666666666668
13755.0,4,9,2108.06,1242,232,234.2288888888889
13756.0,2,23,8655.95,5138,142,376.3456521739131
13757.0,675,1,195.55,54,8,195.55
13758.0,12,15,8698.13,4667,213,579.8753333333333
13759.0,33,2,659.4100000000001,287,24,329.70500000000004
13760.0,54,5,1363.6399999999999,623,95,272.72799999999995
13761.0,50,6,1952.17,1079,118,325.3616666666667
13762.0,219,5,2472.48,2608,23,494.496
13763.0,63,3,5217.4400000000005,3224,50,1739.1466666666668
13764.0,71,6,2919.62,2084,295,486.6033333333333
13765.0,653,1,352.821,297,17,352.821
13766.0,495,1,190.35,137,16,190.35
13767.0,2,73,33903.57,14595,117,464.43246575342465
13768.0,727,2,875.97,373,30,437.985
13769.0,2,20,5478.12,2452,121,273.906
13770.0,422,4,785.37,468,48,196.3425
13771.0,64,9,5728.82,3140,182,636.5355555555556
13772.0,34,8,3100.02,1446,394,387.5025
13773.0,397,2,301.54,174,19,150.77
13774.0,82,1,345.0,192,22,345.0
13775.0,591,1,1049.66,455,63,1049.66
13776.0,428,2,623.98,2,1,311.99
13777.0,1,61,49638.26,23190,44,813.7419672131148
13778.0,103,4,1124.49,511,33,281.1225
13779.0,516,1,161.13,53,27,161.13
13780.0,7,3,732.07,479,90,244.02333333333334
13781.0,251,3,778.83,300,56,259.61
13782.0,13,13,1786.08,643,187,137.39076923076922
13783.0,488,4,1542.09,3437,4,385.5225
13784.0,10,14,2910.23,2827,13,207.87357142857144
13785.0,429,4,542.49,151,26,135.6225
13786.0,367,6,3127.99,1515,80,521.3316666666666
13787.0,76,6,1222.5,998,71,203.75
13788.0,505,1,3.75,1,1,3.75
13789.0,388,1,239.45999999999998,258,18,239.45999999999998
13790.0,4,1,348.8,748,45,348.8
13791.0,128,2,1516.0,1200,7,758.0
13792.0,66,3,383.95,156,23,127.98333333333333
13793.0,647,1,96.0,52,7,96.0
13794.0,547,1,126.03,63,9,126.03
13795.0,388,4,836.3,1250,23,209.075
13796.0,499,1,289.7,218,22,289.7
13797.0,437,3,1179.45,573,71,393.15000000000003
13798.0,1,110,75428.87,48187,168,685.717
13799.0,117,9,2803.57,1539,64,311.5077777777778
13800.0,310,3,1679.56,891,73,559.8533333333334
13801.0,67,1,324.8,168,23,324.8
13802.0,139,19,26259.11,14129,212,1382.0584210526315
13803.0,255,3,1338.91,831,73,446.30333333333334
13804.0,31,9,3161.12,1797,149,351.23555555555555
13805.0,52,2,924.6,1900,10,462.3
13806.0,64,1,256.38,56,10,256.38
13807.0,367,3,422.2,116,24,140.73333333333332
13808.0,6,5,1747.66,782,70,349.53200000000004
13818.0,430,1,61.28,60,5,61.28
13819.0,302,6,2642.35,2309,47,440.39166666666665
13820.0,418,3,652.75,285,68,217.58333333333334
13821.0,145,6,1379.08,477,158,229.84666666666666
13822.0,6,2,632.0,611,90,316.0
13823.0,19,7,3403.4500000000003,1564,108,486.2071428571429
13824.0,33,12,3314.76,1442,59,276.23
13825.0,622,2,255.59,182,38,127.795
13826.0,176,1,189.5,82,10,189.5
13827.0,58,3,409.8,138,83,136.6
13828.0,22,1,209.49,311,15,209.49
13829.0,421,1,102.0,12,1,102.0
13830.0,582,1,156.85000000000002,47,11,156.85000000000002
13831.0,16,18,6585.54,2393,121,365.86333333333334
13832.0,19,2,609.89,420,54,304.945
13833.0,159,2,700.41,243,43,350.205
13834.0,577,2,324.19,221,15,162.095
13835.0,25,7,1095.27,520,60,156.46714285714285
13836.0,399,2,620.37,273,29,310.185
13837.0,212,2,266.59000000000003,182,17,133.29500000000002
13838.0,6,10,1690.07,694,328,169.007
13839.0,486,1,139.95000000000002,25,7,139.95000000000002
13840.0,416,1,651.4,358,40,651.4
13841.0,253,1,85.0,100,1,85.0
13842.0,59,18,5319.34,2716,214,295.5188888888889
13843.0,381,1,319.75,145,18,319.75
13844.0,11,1,361.62,196,20,361.62
13845.0,65,1,312.98,182,9,312.98
13846.0,25,4,1307.79,705,81,326.9475
13847.0,720,1,310.72,96,19,310.72
13848.0,92,8,3015.0,9200,3,376.875
13849.0,52,5,3469.3,1883,189,693.86
13850.0,129,1,1595.48,944,93,1595.48
13851.0,96,8,4606.46,2525,111,575.8075
13852.0,611,1,187.35000000000002,85,11,187.35000000000002
13853.0,57,1,1090.14,312,23,1090.14
13854.0,9,39,11944.56,3642,61,306.2707692307692
13855.0,501,4,1310.3400000000001,575,64,327.58500000000004
13856.0,169,11,1142.03,1105,33,103.82090909090908
13857.0,393,6,1001.01,782,99,166.835
13858.0,57,1,216.17,75,11,216.17
13859.0,326,2,515.86,167,34,257.93
13860.0,1,5,1245.9,591,58,249.18
13861.0,429,2,273.26,225,21,136.63
13862.0,18,9,2556.09,1927,113,284.01
13863.0,248,4,1239.55,553,59,309.8875
13864.0,386,1,662.4000000000001,192,1,662.4000000000001
13865.0,58,4,501.56,204,26,125.39
13866.0,74,1,145.67000000000002,57,7,145.67000000000002
13867.0,31,3,1005.09,501,51,335.03000000000003
13868.0,7,2,3192.54,1964,32,1596.27
13869.0,123,10,7996.87,4302,502,799.687
13870.0,2,15,5712.08,3449,159,380.80533333333335
13871.0,23,17,7885.85,3502,183,463.8735294117647
13872.0,527,3,919.57,339,51,306.52333333333337
13873.0,120,8,1038.92,472,55,129.865
13874.0,358,7,2049.15,864,46,292.7357142857143
13875.0,54,14,4814.37,3072,159,343.88357142857143
13876.0,64,1,122.7,36,7,122.7
13877.0,86,3,449.68,478,23,149.89333333333335
13878.0,55,4,2416.9,927,93,604.225
13879.0,646,1,395.5,204,25,395.5
13880.0,21,17,4293.86,2535,148,252.57999999999998
13881.0,3,43,45179.1,29760,182,1050.6767441860466
13882.0,3,5,1191.13,953,54,238.22600000000003
13883.0,11,15,6560.02,3584,200,437.3346666666667
13884.0,7,10,1825.03,752,108,182.503
13885.0,189,2,506.8,182,28,253.4
13886.0,71,1,243.56,126,16,243.56
13887.0,204,1,349.55,147,19,349.55
13888.0,120,7,2001.59,795,124,285.94142857142856
13889.0,93,6,1991.23,979,57,331.87166666666667
13890.0,1,14,2927.38,1392,100,209.09857142857143
13891.0,378,3,859.21,476,97,286.40333333333336
13892.0,27,6,1267.6499999999999,3125,33,211.27499999999998
13893.0,298,1,821.1,190,21,821.1
13894.0,24,3,564.62,354,25,188.20666666666668
13895.0,28,6,4008.52,2060,154,668.0866666666667
13896.0,626,1,388.55,149,21,388.55
13897.0,50,3,1160.72,820,58,386.9066666666667
13898.0,326,2,686.4,544,43,343.2
13899.0,16,2,388.52,156,19,194.26
13900.0,183,6,1610.59,938,80,268.4316666666667
13901.0,72,15,5676.34,3344,280,378.42266666666666
13903.0,400,1,165.45000000000002,103,10,165.45000000000002
13904.0,37,2,332.64,332,24,166.32
13905.0,733,1,312.65,135,12,312.65
13906.0,409,1,42.0,100,1,42.0
13907.0,692,1,136.8,68,4,136.8
13908.0,80,4,2369.55,1478,104,592.3875
13909.0,423,2,282.85,301,35,141.425
13911.0,57,20,4234.99,4487,178,211.74949999999998
13912.0,424,1,124.95,29,7,124.95
13913.0,507,1,42.22,10,3,42.22
13914.0,12,2,626.45,380,28,313.225
13915.0,394,1,70.80000000000001,24,2,70.80000000000001
13916.0,464,4,1275.81,673,72,318.9525
13917.0,50,2,272.04,228,16,136.02
13918.0,50,2,1212.8400000000001,1140,30,606.4200000000001
13920.0,432,4,1774.68,1772,81,443.67
13921.0,402,4,730.7,210,36,182.675
13922.0,352,3,865.2,467,30,288.40000000000003
13923.0,54,1,351.13,185,20,351.13
13924.0,2,6,1838.8500000000001,1575,90,306.475
13925.0,93,4,678.25,331,28,169.5625
13926.0,23,1,223.85000000000002,104,11,223.85000000000002
13927.0,75,2,708.26,463,37,354.13
13928.0,11,4,464.57,129,23,116.1425
13929.0,169,11,3494.1,1566,38,317.6454545454545
13930.0,58,2,337.34,274,15,168.67
13931.0,96,11,5257.38,3488,205,477.94363636363636
13932.0,295,1,307.4,72,16,307.4
13933.0,109,2,608.7900000000001,205,23,304.39500000000004
13934.0,264,1,922.1,390,31,922.1
13935.0,597,3,6116.92,2252,67,2038.9733333333334
13936.0,180,3,939.66,661,56,313.21999999999997
13937.0,169,2,880.13,587,54,440.065
13938.0,35,1,71.66,70,7,71.66
13939.0,23,7,1560.96,1608,91,222.99428571428572
13940.0,17,4,839.14,516,39,209.785
13941.0,22,15,10027.18,4782,42,668.4786666666666
13942.0,535,1,320.0,1000,1,320.0
13943.0,578,1,246.54,94,15,246.54
13944.0,653,1,200.43,153,35,200.43
13945.0,395,2,854.15,413,49,427.075
13946.0,79,6,1876.23,2847,49,312.705
13947.0,65,1,90.6,44,5,90.6
13948.0,361,4,548.76,248,23,137.19
13949.0,3,6,2427.32,2474,124,404.55333333333334
13950.0,11,4,745.06,323,33,186.265
13951.0,176,3,674.45,459,38,224.8166666666667
13952.0,218,14,12823.521,5947,238,915.9657857142857
13953.0,7,12,6640.68,5224,8,553.39
13954.0,1,2,439.92,150,24,219.96
13955.0,154,3,544.0699999999999,272,82,181.35666666666665
13956.0,5,5,1019.27,486,123,203.85399999999998
13957.0,418,3,458.25,157,21,152.75
13958.0,380,8,4709.2300000000005,2264,172,588.6537500000001
13959.0,79,6,1064.77,694,120,177.46166666666667
13960.0,21,2,230.22,142,11,115.11
13961.0,392,1,538.4,226,19,538.4
13962.0,22,3,362.8,160,23,120.93333333333334
13963.0,308,17,2860.57,2007,129,168.26882352941178
13964.0,387,2,438.9,228,22,219.45
13965.0,477,3,996.61,425,23,332.2033333333333
13966.0,435,1,384.26,760,21,384.26
13967.0,146,2,166.3,66,4,83.15
13968.0,423,1,123.66,174,8,123.66
13969.0,7,35,12973.460000000001,6640,472,370.67028571428574
13970.0,386,2,846.55,469,10,423.275
13971.0,19,14,4667.57,3084,184,333.3978571428571
13972.0,71,2,190.25,187,15,95.125
13973.0,287,1,264.7,109,11,264.7
13974.0,49,2,677.72,356,43,338.86
13975.0,31,12,5256.4,3884,434,438.0333333333333
13976.0,207,4,1192.36,452,49,298.09
13977.0,411,1,519.8100000000001,303,13,519.8100000000001
13978.0,15,2,196.79000000000002,315,14,98.39500000000001
13979.0,73,7,3379.93,2270,356,482.84714285714284
13980.0,60,5,768.82,463,57,153.764
13981.0,416,1,331.14,234,22,331.14
13982.0,39,9,3954.29,2478,123,439.36555555555555
13983.0,30,21,6753.89,3925,238,321.61380952380955
13984.0,27,12,1893.8,1301,53,157.81666666666666
13985.0,4,22,10020.86,4936,149,455.49363636363637
13986.0,17,1,320.46,430,12,320.46
13987.0,380,2,682.54,492,46,341.27
13988.0,20,8,4757.8,3385,218,594.725
13989.0,66,5,2026.06,2207,61,405.212
13990.0,213,1,311.3,190,16,311.3
13991.0,12,6,852.88,995,58,142.14666666666668
13992.0,30,3,219.5,154,10,73.16666666666667
13993.0,43,19,6775.71,2135,110,356.6163157894737
13994.0,4,6,2274.14,932,122,379.0233333333333
13995.0,15,14,3902.01,2359,146,278.71500000000003
13996.0,386,2,895.76,613,29,447.88
13997.0,519,3,376.46,143,36,125.48666666666666
13998.0,447,3,566.7,204,30,188.9
13999.0,10,29,9502.26,5043,174,327.6641379310345
14000.0,211,5,2046.3400000000001,1838,28,409.26800000000003
14001.0,46,9,4228.85,1779,60,469.87222222222226
14002.0,134,2,529.73,877,47,264.865
14003.0,733,1,209.41,149,16,209.41
14004.0,43,11,6258.45,3425,127,568.9499999999999
14005.0,10,5,2874.72,2478,53,574.944
14006.0,116,7,2196.67,2181,55,313.81
14007.0,513,1,79.48,16,5,79.48
14008.0,432,1,509.04,326,32,509.04
14009.0,198,3,1099.91,951,71,366.6366666666667
14010.0,565,2,445.15,177,20,222.575
14011.0,480,2,457.82,644,32,228.91
14012.0,278,1,328.8,160,11,328.8
14013.0,110,5,1084.57,775,56,216.914
14014.0,77,3,1948.21,2004,76,649.4033333333333
14015.0,53,1,917.34,378,20,917.34
14017.0,571,1,229.75,73,14,229.75
14018.0,645,1,367.15000000000003,224,13,367.15000000000003
14019.0,47,3,1421.61,1037,37,473.86999999999995
14020.0,17,4,1249.01,648,63,312.2525
14021.0,155,7,1716.58,878,84,245.22571428571428
14022.0,225,2,792.15,681,45,396.075
14023.0,7,2,584.07,345,30,292.035
14024.0,122,3,645.74,238,33,215.24666666666667
14025.0,465,8,4057.9,1914,60,507.2375
14026.0,471,2,713.11,427,43,356.555
14027.0,61,1,104.82,62,6,104.82
14028.0,550,3,10396.5,7170,3,3465.5
14029.0,63,2,467.66,198,15,233.83
14030.0,18,20,7521.8,4215,591,376.09000000000003
14031.0,7,44,39019.51,13783,280,886.8070454545455
14032.0,2,16,4546.41,3740,79,284.150625
14033.0,555,1,109.44,576,1,109.44
14034.0,22,3,648.89,420,82,216.29666666666665
14035.0,29,9,2794.75,1405,70,310.52777777777777
14036.0,285,1,626.65,268,38,626.65
14037.0,176,6,836.95,590,96,139.49166666666667
14038.0,78,5,3069.88,1708,99,613.976
14039.0,33,2,267.28000000000003,192,10,133.64000000000001
14040.0,41,35,12523.81,4972,335,357.82314285714284
14041.0,266,1,141.41,94,21,141.41
14042.0,725,1,431.98,180,21,431.98
14043.0,491,2,302.6,152,37,151.3
14044.0,27,10,3077.7,2100,533,307.77
14045.0,109,16,10986.63,4459,16,686.664375
14046.0,284,1,154.99,460,14,154.99
14047.0,9,14,3968.11,1541,91,283.43642857142856
14048.0,305,3,748.69,467,126,249.56333333333336
14049.0,17,13,13023.4,8480,573,1001.8
14050.0,32,2,746.36,689,49,373.18
14051.0,1,37,21770.98,5709,82,588.4048648648649
14052.0,20,2,466.66,174,115,233.33
14053.0,124,4,572.3,490,3,143.075
14054.0,65,1,92.46,62,6,92.46
14055.0,106,3,1520.96,720,33,506.9866666666667
14056.0,1,23,8152.71,4252,320,354.46565217391304
14057.0,24,22,8346.66,6438,244,379.39363636363635
14058.0,463,2,469.19,211,23,234.595
14059.0,267,1,183.6,128,8,183.6
14060.0,5,30,8898.24,7419,100,296.608
14061.0,507,3,917.4300000000001,133,17,305.81
14062.0,10,24,25585.65,12794,141,1066.0687500000001
14063.0,438,9,22710.2,3850,30,2523.355555555556
14064.0,29,15,3260.24,3911,131,217.3493333333333
14065.0,389,3,891.02,582,42,297.00666666666666
14066.0,267,1,152.55,45,7,152.55
14067.0,64,2,374.7,361,51,187.35
14068.0,320,4,1516.72,510,93,379.18
14069.0,515,2,225.81,58,37,112.905
14070.0,685,1,321.6,85,40,321.6
14071.0,4,8,1437.57,994,271,179.69625
14072.0,667,1,390.85,65,19,390.85
14073.0,32,1,151.04,130,13,151.04
14074.0,623,1,219.39999999999998,228,6,219.39999999999998
14075.0,5,6,1734.87,1494,59,289.145
14076.0,129,1,118.67,79,43,118.67
14077.0,41,6,615.0799999999999,376,43,102.51333333333332
14078.0,102,9,1553.47,586,107,172.60777777777778
14079.0,125,2,618.73,302,13,309.365
14080.0,33,5,1115.68,268,74,223.13600000000002
14081.0,302,10,4867.57,3381,465,486.75699999999995
14082.0,365,2,413.36,246,48,206.68
14083.0,4,11,1082.19,760,169,98.3809090909091
14084.0,512,1,150.5,306,7,150.5
14085.0,2,33,9720.67,6434,479,294.5657575757576
14086.0,463,1,39.95,1,1,39.95
14087.0,3,3,829.47,718,175,276.49
14088.0,10,16,64036.8,15276,436,4002.3
14089.0,57,1,158.75,133,13,158.75
14090.0,325,1,76.32000000000001,72,1,76.32000000000001
14091.0,654,2,9530.08,3316,13,4765.04
14092.0,8,24,7229.45,3606,169,301.2270833333333
14093.0,12,1,433.86,391,95,433.86
14094.0,440,1,311.77,158,41,311.77
14095.0,723,1,2.95,1,1,2.95
14096.0,4,17,65164.79,16352,1119,3833.2229411764706
14097.0,481,2,422.85999999999996,352,39,211.42999999999998
14098.0,37,1,147.35,104,21,147.35
14099.0,16,20,5750.91,3666,273,287.5455
14100.0,138,1,191.95000000000002,63,24,191.95000000000002
14101.0,74,13,9961.93,10542,19,766.3023076923077
14102.0,5,5,1105.8799999999999,769,35,221.176
14104.0,154,5,743.53,496,117,148.706
14105.0,239,5,5988.83,3534,200,1197.766
14106.0,737,1,214.79999999999998,24,1,214.79999999999998
14107.0,52,11,4877.3,3489,102,443.39090909090913
14108.0,31,4,1044.96,660,49,261.24
14109.0,73,1,144.2,88,9,144.2
14110.0,4,33,12987.95,5825,177,393.57424242424247
14111.0,14,4,692.85,458,10,173.2125
14112.0,23,13,5834.59,3539,199,448.8146153846154
14113.0,4,16,7092.610000000001,3439,76,443.28812500000004
14114.0,274,7,1364.09,650,72,194.86999999999998
14115.0,502,2,622.6700000000001,509,22,311.33500000000004
14116.0,20,5,1382.74,707,61,276.548
14117.0,144,1,90.0,72,3,90.0
14118.0,429,1,458.45,97,15,458.45
14119.0,376,2,183.37,177,11,91.685
14121.0,4,4,2780.15,2082,148,695.0375
14122.0,406,3,362.42,114,12,120.80666666666667
14123.0,733,1,436.18,234,24,436.18
14124.0,84,1,419.58000000000004,1618,4,419.58000000000004
14125.0,11,3,2720.63,1628,159,906.8766666666667
14126.0,8,4,1172.46,887,37,293.115
14127.0,123,6,1900.0800000000002,828,96,316.68
14128.0,61,3,924.21,814,50,308.07
14129.0,2,9,2591.34,1414,40,287.9266666666667
14130.0,319,4,1858.77,1215,189,464.6925
14131.0,649,1,168.22,105,45,168.22
14132.0,2,11,3586.0299999999997,3368,100,326.00272727272727
14133.0,130,4,911.14,398,33,227.785
14134.0,383,15,11123.35,5814,130,741.5566666666667
14135.0,2,24,8839.67,8534,138,368.31958333333336
14136.0,401,5,1570.81,1148,86,314.162
14137.0,696,1,332.7,462,11,332.7
14138.0,2,2,965.8800000000001,600,40,482.94000000000005
14139.0,46,4,1086.8,1049,48,271.7
14140.0,4,2,935.05,811,60,467.525
14141.0,3,4,915.13,355,27,228.7825
14142.0,373,2,671.34,518,42,335.67
14143.0,134,1,115.8,30,7,115.8
14144.0,486,1,30.599999999999998,12,1,30.599999999999998
14145.0,47,7,7600.05,1655,11,1085.7214285714285
14146.0,9,12,9450.3,5780,337,787.525
14147.0,78,9,2590.2,995,24,287.79999999999995
14148.0,234,2,466.29,223,15,233.145
14149.0,221,1,446.62,218,28,446.62
14150.0,36,2,658.64,496,23,329.32
14151.0,673,2,679.45,405,44,339.725
14152.0,75,7,1997.3400000000001,1844,104,285.3342857142857
14153.0,483,1,233.4,312,17,233.4
14154.0,239,8,6460.7,3222,236,807.5875
14155.0,266,1,118.75,25,6,118.75
14157.0,20,5,978.69,521,75,195.738
14158.0,40,1,507.66,781,41,507.66
14159.0,20,20,7860.8,6520,706,393.04
14160.0,610,7,8421.47,4661,80,1203.0671428571427
14161.0,216,7,2996.93,1480,202,428.1328571428571
14162.0,174,2,289.36,142,25,144.68
14163.0,87,5,2594.62,950,42,518.924
14164.0,71,2,1631.77,1033,28,815.885
14165.0,276,1,120.44,53,23,120.44
14166.0,505,2,251.15,82,39,125.575
14167.0,39,8,1274.29,340,48,159.28625
14168.0,421,2,370.45,147,11,185.225
14169.0,431,2,621.51,205,50,310.755
14170.0,375,3,570.18,270,123,190.05999999999997
14171.0,98,2,498.79,211,61,249.395
14172.0,605,3,369.02,78,38,123.00666666666666
14173.0,11,6,586.0,194,30,97.66666666666667
14174.0,33,1,134.46,94,26,134.46
14175.0,60,8,7678.88,3009,237,959.86
14176.0,297,5,756.46,265,33,151.292
14177.0,86,13,2209.69,1043,141,169.97615384615386
14178.0,9,7,1600.26,1494,191,228.60857142857142
14179.0,41,2,701.57,319,135,350.785
14180.0,11,33,6117.5,847,125,185.37878787878788
14181.0,411,2,308.35,120,48,154.175
14182.0,444,4,678.77,174,42,169.6925
14183.0,411,2,278.34000000000003,60,27,139.17000000000002
14184.0,67,1,452.89,127,24,452.89
14185.0,331,1,197.65,6,3,197.65
14186.0,427,5,1550.63,1550,75,310.12600000000003
14187.0,474,1,123.5,50,8,123.5
14188.0,31,6,2054.36,1162,34,342.3933333333334
14189.0,2,16,5503.15,4392,199,343.946875
14190.0,666,1,79.9,2,1,79.9
14191.0,2,15,4817.66,3724,147,321.1773333333333
14192.0,388,1,293.74,218,14,293.74
14193.0,68,3,1210.19,653,49,403.3966666666667
14194.0,5,36,18670.59,10037,432,518.6275
14195.0,202,6,2615.6,2144,10,435.93333333333334
14196.0,107,1,335.52,142,6,335.52
14197.0,411,1,390.05,143,20,390.05
14198.0,18,9,1569.73,623,58,174.41444444444446
14199.0,218,4,1091.7,254,15,272.925
14200.0,617,1,379.2,140,21,379.2
14201.0,60,10,1193.54,806,47,119.354
14202.0,381,3,847.76,166,27,282.58666666666664
14203.0,397,1,339.34,80,16,339.34
14204.0,2,4,1024.83,469,186,256.2075
14205.0,17,9,2414.2,1342,79,268.2444444444444
14206.0,239,3,1185.01,930,62,395.00333333333333
14207.0,688,1,157.8,36,2,157.8
14208.0,95,2,567.05,529,34,283.525
14209.0,11,15,4993.27,1739,133,332.8846666666667
14210.0,106,16,5556.570000000001,2511,143,347.28562500000004
14211.0,53,18,4402.29,2575,155,244.57166666666666
14212.0,90,2,2190.14,2046,18,1095.07
14213.0,405,1,1192.2,244,5,1192.2
14214.0,31,5,1004.38,751,64,200.876
14215.0,12,9,3250.33,2181,167,361.1477777777778
14216.0,3,5,2150.04,712,65,430.008
14217.0,2,23,3298.59,1230,122,143.41695652173914
14218.0,43,1,169.48000000000002,160,12,169.48000000000002
14219.0,4,3,633.83,363,39,211.27666666666667
14220.0,247,4,1515.0,468,26,378.75
14221.0,42,17,6517.49,3808,166,383.38176470588235
14222.0,177,1,683.17,607,41,683.17
14223.0,92,3,991.13,585,50,330.37666666666667
14224.0,110,9,1841.71,826,189,204.63444444444445
14225.0,435,4,2031.07,1167,70,507.7675
14226.0,29,6,2985.13,1714,89,497.5216666666667
14227.0,26,15,6368.71,4048,246,424.5806666666667
14228.0,438,3,745.5,260,38,248.5
14229.0,52,7,2594.04,934,41,370.57714285714286
14230.0,436,3,979.8000000000001,246,27,326.6
14231.0,184,4,1235.6200000000001,610,66,308.90500000000003
14232.0,43,5,2048.07,1941,81,409.61400000000003
14233.0,49,7,2904.27,1261,42,414.8957142857143
14234.0,22,4,754.12,951,122,188.53
14235.0,75,9,4717.99,3014,107,524.2211111111111
14236.0,81,5,1555.34,774,39,311.068
14237.0,373,2,471.14,238,26,235.57
14238.0,326,3,434.23,189,13,144.74333333333334
14239.0,43,21,4263.17,1729,97,203.00809523809525
14240.0,30,3,1247.49,655,46,415.83
14241.0,184,2,333.70000000000005,242,12,166.85000000000002
14242.0,235,2,280.55,123,13,140.275
14243.0,9,17,7217.75,3631,235,424.5735294117647
14244.0,661,1,366.41999999999996,814,16,366.41999999999996
14245.0,220,2,1693.45,976,107,846.725
14246.0,111,3,1474.06,804,57,491.3533333333333
14247.0,278,5,753.56,378,82,150.712
14248.0,318,3,1032.95,692,41,344.31666666666666
14249.0,411,12,5400.461,2383,178,450.0384166666667
14250.0,7,3,1904.05,1200,94,634.6833333333333
14251.0,2,5,2879.7000000000003,1674,37,575.94
14252.0,381,1,350.99,111,10,350.99
14253.0,493,2,363.40000000000003,88,11,181.70000000000002
14254.0,433,1,601.03,263,23,601.03
14255.0,546,1,1000.63,1,1,1000.63
14256.0,260,5,2460.79,1147,100,492.158
14257.0,64,9,5954.45,3332,167,661.6055555555555
14258.0,9,25,32051.34,17488,97,1282.0536
14259.0,142,1,120.0,68,5,120.0
14260.0,471,3,824.28,544,50,274.76
14261.0,51,2,1163.45,406,52,581.725
14262.0,8,8,2618.23,1645,87,327.27875
14263.0,423,1,322.93,171,16,322.93
14264.0,155,6,1517.3600000000001,553,59,252.89333333333335
14266.0,428,1,40.56,24,1,40.56
14267.0,163,3,1516.24,530,25,505.41333333333336
14268.0,471,1,354.85,147,19,354.85
14269.0,439,1,295.73,123,16,295.73
14270.0,332,1,492.65000000000003,197,29,492.65000000000003
14271.0,226,2,214.18,148,38,107.09
14272.0,74,4,920.81,1097,62,230.2025
14273.0,51,4,559.97,264,22,139.9925
14274.0,686,1,256.6,178,15,256.6
14275.0,396,6,1189.3799999999999,538,14,198.23
14276.0,99,7,2102.68,1406,75,300.3828571428571
14278.0,410,1,205.83,131,13,205.83
14279.0,521,2,191.86,46,3,95.93
14280.0,197,1,134.04,52,8,134.04
14281.0,408,1,245.15,45,7,245.15
14282.0,3,25,7250.76,5166,100,290.0304
14283.0,463,4,628.4399999999999,550,36,157.10999999999999
14284.0,31,3,1299.65,510,59,433.2166666666667
14285.0,21,8,3284.42,954,48,410.5525
14286.0,24,7,8479.76,8795,270,1211.3942857142858
14287.0,8,3,176.63,261,9,58.876666666666665
14288.0,213,1,426.6,188,16,426.6
14289.0,9,6,911.26,292,33,151.87666666666667
14290.0,11,8,4516.56,1600,120,564.57
14291.0,2,23,7904.1,6146,241,343.6565217391304
14292.0,8,16,9226.25,3429,120,576.640625
14293.0,3,9,2903.01,1558,88,322.5566666666667
14294.0,407,1,375.34,190,23,375.34
14295.0,40,5,2362.91,1029,66,472.582
14296.0,421,2,456.40000000000003,314,27,228.20000000000002
14297.0,18,4,1305.33,865,48,326.3325
14298.0,8,82,91194.49,100272,1370,1112.1279268292683
14299.0,8,27,14070.25,8136,164,521.1203703703703
14300.0,19,1,43.2,32,3,43.2
14301.0,117,4,1992.18,1686,37,498.045
14302.0,431,3,742.9000000000001,298,25,247.63333333333335
14303.0,407,2,277.94,218,21,138.97
14304.0,223,3,1725.01,775,69,575.0033333333333
14305.0,71,3,1858.96,1089,96,619.6533333333333
14306.0,51,6,3151.4,2065,43,525.2333333333333
14307.0,89,10,4287.92,2816,205,428.79200000000003
14308.0,549,2,1147.02,2,1,573.51
14309.0,8,11,3780.81,2583,125,343.71
14310.0,433,1,492.1,230,22,492.1
14311.0,243,2,516.45,235,31,258.225
14312.0,47,11,3090.29,1904,148,280.93545454545455
14314.0,107,2,229.8,332,10,114.9
14315.0,45,8,3197.82,1344,83,399.7275
14316.0,422,5,1370.34,4494,21,274.068
14317.0,65,1,508.58000000000004,255,24,508.58000000000004
14318.0,460,1,158.02,152,9,158.02
14319.0,424,1,494.85,329,26,494.85
14320.0,207,5,1346.75,713,68,269.35
14321.0,11,7,2218.06,3275,162,316.86571428571426
14322.0,429,4,474.1,158,10,118.525
14323.0,115,2,605.0600000000001,350,32,302.53000000000003
14324.0,410,2,701.61,402,41,350.805
14325.0,570,1,245.48000000000002,320,18,245.48000000000002
14326.0,242,3,940.98,572,54,313.66
14327.0,163,6,1894.93,1296,99,315.82166666666666
14328.0,438,1,445.05,1,1,445.05
14329.0,17,15,9887.62,5913,349,659.1746666666667
14330.0,624,1,200.63,103,13,200.63
14331.0,124,2,462.65999999999997,252,27,231.32999999999998
14332.0,23,5,1917.41,875,47,383.482
14333.0,68,1,415.2,58,15,415.2
14334.0,17,12,4318.48,2986,148,359.8733333333333
14336.0,17,4,1614.91,1759,77,403.7275
14338.0,161,3,928.1,622,43,309.3666666666667
14339.0,243,2,620.27,456,21,310.135
14340.0,219,1,134.7,58,6,134.7
14341.0,45,18,4452.02,2813,185,247.33444444444447
14342.0,21,6,918.44,521,27,153.07333333333335
14343.0,421,4,1079.66,626,193,269.915
14344.0,127,20,2993.05,1546,140,149.6525
14345.0,39,1,108.97999999999999,50,6,108.97999999999999
14346.0,121,5,2315.75,1878,123,463.15
14347.0,737,1,82.6,48,6,82.6
14348.0,260,1,409.57,183,18,409.57
14349.0,10,1,133.5,86,31,133.5
14350.0,274,3,972.03,543,55,324.01
14351.0,165,1,51.0,12,1,51.0
14352.0,157,4,1078.96,538,44,269.74
14353.0,215,3,376.5,344,18,125.5
14354.0,6,2,163.62,210,9,81.81
14355.0,366,3,840.0500000000001,617,57,280.0166666666667
14356.0,80,2,701.23,277,33,350.615
14357.0,43,1,225.12,147,39,225.12
14358.0,389,2,400.06,338,21,200.03
14359.0,19,3,912.18,371,44,304.06
14360.0,32,4,2118.03,1139,104,529.5075
14361.0,579,1,214.70999999999998,251,14,214.70999999999998
14362.0,22,1,151.5,96,37,151.5
14363.0,402,2,227.47000000000003,105,8,113.73500000000001
14364.0,109,8,3717.35,1967,61,464.66875
14365.0,395,2,634.68,557,50,317.34
14366.0,525,1,136.0,16,1,136.0
14367.0,8,16,9227.82,4426,270,576.73875
14368.0,320,1,155.0,36,8,155.0
14369.0,642,2,469.13,255,24,234.565
14370.0,451,6,1175.78,266,37,195.96333333333334
14371.0,295,1,100.5,34,4,100.5
14372.0,443,2,860.08,378,36,430.04
14373.0,358,1,76.55,17,4,76.55
14374.0,541,1,108.0,20,7,108.0
14375.0,185,3,1106.82,647,176,368.94
14376.0,683,1,215.46,50,17,215.46
14377.0,191,2,617.05,219,11,308.525
14378.0,622,1,131.25,57,9,131.25
14379.0,44,4,1265.16,712,93,316.29
14380.0,682,1,48.96,1,1,48.96
14381.0,52,2,625.9399999999999,449,104,312.96999999999997
14382.0,26,2,1193.6299999999999,1667,227,596.8149999999999
14383.0,38,3,1247.69,817,49,415.8966666666667
14384.0,501,1,58.5,30,3,58.5
14385.0,9,3,202.11,159,13,67.37
14386.0,297,1,142.4,54,7,142.4
14387.0,33,3,1727.6,795,125,575.8666666666667
14388.0,10,16,6388.2,4190,184,399.2625
14389.0,65,5,1898.01,1388,48,379.602
14390.0,10,13,6150.03,2830,197,473.0792307692308
14391.0,577,1,135.6,168,14,135.6
14392.0,432,1,266.4,114,14,266.4
14393.0,218,1,67.95,13,5,67.95
14394.0,565,1,93.8,58,6,93.8
14395.0,2,20,7801.93,3872,320,390.0965
14396.0,65,7,1969.38,959,202,281.34000000000003
14397.0,3,19,2612.96,1890,18,137.52421052631578
14398.0,401,2,707.79,267,50,353.895
14399.0,394,8,2108.21,965,119,263.52625
14400.0,149,3,1732.47,1706,71,577.49
14401.0,4,22,6795.9,6401,171,308.9045454545454
14402.0,652,1,285.6,240,8,285.6
14403.0,130,6,1880.51,737,20,313.41833333333335
14404.0,34,13,2724.13,1577,123,209.54846153846154
14405.0,387,1,195.0,100,2,195.0
14406.0,119,1,156.75,77,8,156.75
14407.0,107,6,2157.73,1415,67,359.62166666666667
14408.0,11,11,4102.27,2438,63,372.9336363636364
14409.0,71,9,3427.29,2233,76,380.81
14410.0,92,11,2631.9,1369,307,239.26363636363638
14411.0,311,1,1063.0,196,14,1063.0
14412.0,43,3,1426.19,1428,75,475.3966666666667
14413.0,362,4,764.52,277,93,191.13
14414.0,92,8,2399.33,2877,99,299.91625
14415.0,1,23,11980.09,6263,445,520.8734782608695
14416.0,22,2,490.22,326,13,245.11
14417.0,388,1,524.65,543,106,524.65
14418.0,4,3,1937.25,1711,114,645.75
14419.0,11,7,1254.64,552,118,179.23428571428573
14420.0,99,4,1639.17,1120,85,409.7925
14421.0,57,6,2469.37,1342,72,411.56166666666667
14422.0,1,19,10271.52,6067,317,540.6063157894737
14423.0,218,3,916.6099999999999,419,12,305.53666666666663
14424.0,18,1,322.08,48,1,322.08
14425.0,435,3,661.39,325,35,220.46333333333334
14426.0,24,17,11727.94,7023,452,689.8788235294118
14427.0,50,4,1263.52,538,43,315.88
14428.0,7,5,1224.06,428,108,244.81199999999998
14429.0,404,1,516.28,286,22,516.28
14430.0,512,3,1220.9,446,29,406.9666666666667
14431.0,303,4,2614.2,1202,72,653.55
14432.0,10,6,2248.5,2013,256,374.75
14433.0,466,1,280.7,131,72,280.7
14434.0,22,6,1372.8,368,3,228.79999999999998
14435.0,502,1,90.42,282,3,90.42
14436.0,99,2,271.70000000000005,297,11,135.85000000000002
14437.0,366,5,873.34,420,34,174.668
14438.0,306,1,131.9,82,9,131.9
14440.0,8,13,5982.03,1605,63,460.1561538461538
14441.0,1,11,4611.6900000000005,1260,103,419.2445454545455
14443.0,54,5,2082.97,1357,119,416.59399999999994
14444.0,456,1,120.44,172,11,120.44
14445.0,456,1,221.65,83,32,221.65
14446.0,1,5,1200.28,1091,259,240.05599999999998
14447.0,19,6,1711.73,913,81,285.28833333333336
14448.0,9,2,375.35,104,20,187.675
14449.0,19,8,2230.96,1604,301,278.87
14450.0,181,7,1128.44,522,47,161.2057142857143
14451.0,60,12,3258.68,1737,245,271.5566666666667
14452.0,11,4,658.95,285,108,164.7375
14453.0,190,1,119.93,49,22,119.93
14454.0,376,5,977.3,400,93,195.45999999999998
14455.0,432,4,617.72,706,65,154.43
14456.0,5,9,3017.28,2885,580,335.25333333333333
14457.0,311,1,113.64,88,4,113.64
14458.0,381,1,228.07,317,46,228.07
14459.0,155,2,5375.741,2303,113,2687.8705
14460.0,110,9,1093.5,1879,33,121.5
14461.0,148,13,6676.91,3005,515,513.6084615384615
14462.0,66,12,2242.81,1063,182,186.90083333333334
14463.0,98,4,786.5699999999999,210,7,196.64249999999998
14464.0,568,2,111.0,62,4,55.5
14465.0,247,11,3925.85,2539,128,356.8954545454545
14466.0,29,13,4267.15,2507,77,328.2423076923077
14467.0,18,12,2203.2400000000002,1187,144,183.60333333333335
14468.0,734,1,204.24,164,12,204.24
14469.0,416,4,2093.46,973,120,523.365
14470.0,12,3,712.04,282,56,237.34666666666666
14471.0,591,2,400.95,187,38,200.475
14472.0,104,9,2118.72,1271,173,235.4133333333333
14473.0,74,2,234.34000000000003,88,7,117.17000000000002
14474.0,46,2,1258.8899999999999,448,122,629.4449999999999
14475.0,72,4,1151.15,541,40,287.7875
14476.0,257,1,193.0,110,17,193.0
14477.0,20,7,1969.6,1120,7,281.37142857142857
14478.0,382,4,1276.66,1226,59,319.165
14479.0,254,4,1124.71,562,127,281.1775
14480.0,11,4,1299.52,670,52,324.88
14481.0,165,5,2284.69,1568,114,456.938
14482.0,18,12,4306.72,2869,185,358.8933333333334
14483.0,282,2,257.1,193,13,128.55
14484.0,50,4,1070.98,744,47,267.745
14485.0,39,1,162.8,70,44,162.8
14486.0,512,2,175.5,90,4,87.75
14487.0,27,7,1266.27,761,129,180.8957142857143
14488.0,68,1,1064.28,799,46,1064.28
14489.0,207,4,1574.93,1011,65,393.7325
14490.0,406,2,1273.47,933,72,636.735
14491.0,175,2,340.93,139,17,170.465
14492.0,430,7,1921.91,751,70,274.55857142857144
14493.0,7,10,5087.86,3148,292,508.78599999999994
14494.0,26,3,401.46,210,17,133.82
14495.0,51,3,174.8,68,7,58.26666666666667
14496.0,312,7,2363.89,905,64,337.6985714285714
14497.0,309,2,697.0600000000001,332,40,348.53000000000003
14498.0,43,10,3900.83,2120,276,390.08299999999997
14499.0,26,7,2101.79,1231,199,300.2557142857143
14500.0,88,3,356.85,117,6,118.95
14501.0,184,2,251.21,161,9,125.605
14502.0,20,11,2429.83,1480,368,220.89363636363635
14503.0,3,6,3543.26,2004,113,590.5433333333334
14504.0,47,4,673.26,308,85,168.315
14505.0,17,19,11879.08,5325,898,625.2147368421053
14506.0,17,7,2960.25,936,251,422.89285714285717
14507.0,24,11,3216.7400000000002,1491,182,292.4309090909091
14508.0,22,5,822.92,347,142,164.584
14509.0,534,1,110.95,38,25,110.95
14510.0,376,3,979.85,793,67,326.6166666666667
14511.0,11,5,1314.81,784,53,262.962
14512.0,188,7,1215.97,736,55,173.71
14513.0,101,6,788.01,593,15,131.335
14514.0,61,9,4380.04,2362,212,486.6711111111111
14515.0,18,12,3724.06,1893,109,310.3383333333333
14516.0,516,1,151.17,63,35,151.17
14517.0,33,2,330.45,91,17,165.225
14518.0,64,1,174.37,278,16,174.37
14519.0,684,2,203.14,81,38,101.57
14520.0,2,2,270.6,146,3,135.3
14521.0,491,1,199.45000000000002,211,17,199.45000000000002
14522.0,24,8,1748.42,956,34,218.5525
14523.0,108,1,241.09,251,12,241.09
14524.0,32,13,2909.86,1169,250,223.8353846153846
14525.0,20,17,8026.54,5106,340,472.14941176470586
14526.0,389,1,258.65,178,41,258.65
14527.0,3,122,27246.88,6647,607,223.3350819672131
14528.0,37,1,364.21999999999997,278,18,364.21999999999997
14529.0,60,3,578.61,325,177,192.87
14530.0,26,16,6088.87,2989,269,380.554375
14531.0,480,1,376.34,260,29,376.34
14532.0,236,11,3845.78,1111,209,349.61636363636364
14533.0,25,11,3466.37,6038,74,315.12454545454545
14534.0,3,26,6187.66,2822,437,237.98692307692306
14535.0,60,9,5973.2300000000005,3214,589,663.6922222222223
14536.0,260,1,170.95,39,18,170.95
14537.0,58,2,641.4,228,23,320.7
14538.0,65,5,1370.8400000000001,284,45,274.168
14539.0,16,2,537.48,428,31,268.74
14540.0,10,11,3709.64,1595,197,337.24
14541.0,59,14,2491.38,1123,99,177.9557142857143
14542.0,186,1,103.25,19,5,103.25
14543.0,29,39,14587.87,2639,106,374.0479487179487
14544.0,24,3,2938.53,2412,148,979.5100000000001
14545.0,674,1,349.25,236,23,349.25
14546.0,5,11,5184.84,2688,410,471.34909090909093
14547.0,4,8,3974.75,2639,198,496.84375
14548.0,151,9,2541.29,986,66,282.36555555555555
14549.0,311,4,913.6,394,117,228.4
14550.0,11,4,1345.06,771,77,336.265
14551.0,18,7,878.09,486,69,125.44142857142857
14552.0,152,3,507.93,258,124,169.31
14553.0,19,9,1818.6,1118,233,202.06666666666666
14554.0,10,4,2279.4900000000002,1443,147,569.8725000000001
14555.0,57,6,2304.03,842,94,384.00500000000005
14556.0,596,3,815.69,323,158,271.8966666666667
14557.0,85,1,788.38,510,16,788.38
14558.0,654,3,655.5,162,13,218.5
14559.0,390,1,75.6,72,2,75.6
14560.0,7,44,6114.03,4580,60,138.95522727272726
14561.0,76,3,1080.76,1014,67,360.25333333333333
14562.0,4,26,6638.150000000001,2574,245,255.31346153846155
14563.0,510,2,640.54,279,95,320.27
14565.0,96,5,3859.2200000000003,1940,139,771.844
14567.0,57,2,1530.3600000000001,412,33,765.1800000000001
14569.0,1,4,597.3299999999999,257,31,149.33249999999998
14570.0,281,3,613.75,431,64,204.58333333333334
14571.0,425,1,160.0,56,30,160.0
14572.0,3,11,5526.88,2878,336,502.44363636363636
14573.0,180,13,2163.12,683,183,166.39384615384614
14574.0,733,1,143.70000000000002,63,11,143.70000000000002
14575.0,488,1,420.22,163,71,420.22
14576.0,372,1,35.400000000000006,12,1,35.400000000000006
14577.0,13,7,1364.15,569,104,194.87857142857143
14578.0,3,1,168.63,240,24,168.63
14579.0,432,1,105.56,56,24,105.56
14580.0,518,1,14.850000000000001,3,1,14.850000000000001
14581.0,17,2,409.65,304,59,204.825
14582.0,41,1,114.11,73,6,114.11
14583.0,6,8,1660.29,1071,353,207.53625
14584.0,169,8,1738.16,960,127,217.27
14585.0,50,5,1143.27,630,88,228.654
14586.0,277,1,237.36,444,19,237.36
14587.0,19,9,1580.29,749,170,175.58777777777777
14588.0,578,1,135.39,62,16,135.39
14589.0,372,1,39.75,5,3,39.75
14590.0,425,20,2993.37,901,124,149.6685
14591.0,15,4,1320.21,1228,138,330.0525
14592.0,35,3,557.94,407,132,185.98000000000002
14593.0,22,12,3665.5299999999997,1848,436,305.4608333333333
14594.0,7,2,363.33,183,48,181.665
14595.0,20,8,2164.45,1228,119,270.55625
14596.0,627,1,222.22000000000003,75,50,222.22000000000003
14597.0,11,6,2184.63,1436,79,364.105
14598.0,44,2,384.04,354,83,192.02
14599.0,390,2,457.89,292,77,228.945
14600.0,306,2,865.1700000000001,487,53,432.58500000000004
14601.0,11,1,213.96,168,7,213.96
14602.0,656,1,205.35999999999999,80,31,205.35999999999999
14603.0,275,1,660.0,400,2,660.0
14604.0,633,1,143.85999999999999,88,20,143.85999999999999
14605.0,374,4,921.5600000000001,416,88,230.39000000000001
14606.0,1,192,29951.37,15217,1262,155.99671874999999
14607.0,16,22,23763.13,15335,106,1080.1422727272727
14608.0,4,11,3352.94,927,15,304.8127272727273
14609.0,72,10,1486.2,12720,6,148.62
14610.0,396,2,24.35,15,10,12.175
14611.0,444,2,604.3299999999999,582,37,302.16499999999996
14612.0,415,1,877.7,134,14,877.7
14613.0,680,1,76.32000000000001,72,1,76.32000000000001
14614.0,386,1,295.13,189,19,295.13
14615.0,394,5,951.76,495,40,190.352
14616.0,243,5,527.78,170,3,105.556
14617.0,403,2,190.47000000000003,81,7,95.23500000000001
14618.0,9,7,1342.32,704,40,191.76
14619.0,246,2,1291.24,594,58,645.62
14620.0,206,2,412.78000000000003,214,26,206.39000000000001
14621.0,1,9,3000.57,1706,134,333.3966666666667
14622.0,185,1,320.58000000000004,146,21,320.58000000000004
14623.0,32,10,2016.98,1025,193,201.698
14624.0,57,6,814.07,645,39,135.67833333333334
14625.0,196,11,4497.88,2155,167,408.89818181818185
14626.0,24,11,5410.92,3135,181,491.9018181818182
14627.0,379,1,462.75,284,29,462.75
14628.0,91,5,1998.0,1147,65,399.6
14629.0,4,2,955.26,378,133,477.63
14630.0,484,1,338.65,111,21,338.65
14631.0,51,6,2025.69,1407,65,337.615
14632.0,263,1,114.56,96,8,114.56
14633.0,266,1,344.90000000000003,96,20,344.90000000000003
14634.0,438,4,2124.46,1906,105,531.115
14635.0,454,1,215.22,118,15,215.22
14636.0,36,2,609.85,241,27,304.925
14637.0,677,1,106.67999999999999,100,7,106.67999999999999
14638.0,51,1,443.6,166,16,443.6
14639.0,52,9,4978.96,2410,203,553.2177777777778
14640.0,24,10,3649.36,1645,165,364.93600000000004
14641.0,22,1,110.46,90,7,110.46
14642.0,59,1,96.12,76,2,96.12
14643.0,170,5,1679.89,1377,57,335.978
14644.0,68,7,2247.72,770,50,321.1028571428571
14645.0,157,3,876.89,587,45,292.2966666666667
14647.0,201,2,506.04,175,42,253.02
14648.0,416,15,4466.65,3265,286,297.77666666666664
14649.0,5,9,3651.19,2415,374,405.6877777777778
14650.0,589,1,62.5,22,4,62.5
14651.0,67,9,2025.52,880,216,225.05777777777777
14652.0,77,1,114.18,53,29,114.18
14653.0,1,12,3593.06,1969,271,299.4216666666667
14654.0,738,1,246.86,273,27,246.86
14655.0,8,7,3878.51,2341,72,554.0728571428572
14656.0,169,5,790.0,309,148,158.0
14657.0,18,6,1450.19,879,143,241.69833333333335
14658.0,5,2,247.15,47,27,123.575
14659.0,9,9,2529.93,1195,147,281.1033333333333
14660.0,87,2,285.74,228,24,142.87
14661.0,27,1,107.95,35,4,107.95
14662.0,29,7,1376.43,907,199,196.63285714285715
14663.0,430,2,490.6,397,60,245.3
14664.0,20,2,636.24,465,78,318.12
14665.0,61,7,2749.65,1144,94,392.8071428571429
14666.0,24,1,195.25,161,14,195.25
14667.0,11,54,20395.34,11939,578,377.6914814814815
14668.0,445,1,111.63,49,10,111.63
14669.0,242,7,3216.78,2043,334,459.54
14670.0,280,3,583.33,423,159,194.44333333333336
14671.0,549,2,1127.45,571,48,563.725
14672.0,235,4,1113.14,646,93,278.285
14673.0,3,7,3037.32,1822,86,433.90285714285716
14674.0,509,1,173.66,103,14,173.66
14675.0,16,2,1015.58,660,196,507.79
14676.0,31,12,8356.79,8792,77,696.3991666666667
14677.0,593,1,184.91,139,14,184.91
14678.0,579,1,403.39,179,24,403.39
14679.0,382,3,1289.44,794,49,429.81333333333333
14680.0,25,58,55688.5,26894,222,960.1465517241379
14681.0,71,6,875.1500000000001,172,19,145.85833333333335
14682.0,188,6,1514.81,949,79,252.46833333333333
14683.0,588,1,146.56,386,21,146.56
14684.0,26,6,1430.03,1005,272,238.33833333333334
14685.0,576,8,4536.64,1969,109,567.08
14686.0,414,5,852.53,457,185,170.506
14687.0,107,3,1402.06,850,34,467.3533333333333
14688.0,8,28,7190.42,5041,197,256.80071428571426
14689.0,209,1,112.8,76,13,112.8
14690.0,44,4,777.68,341,69,194.42
14691.0,31,5,2114.33,707,50,422.866
14692.0,137,12,1715.1399999999999,890,101,142.9283333333333
14693.0,264,7,1165.36,388,43,166.48
14694.0,617,1,244.31,193,15,244.31
14695.0,519,3,1534.22,661,76,511.4066666666667
14696.0,4,8,2473.28,1867,137,309.16
14697.0,218,2,188.60999999999999,181,22,94.30499999999999
14698.0,2,5,1217.27,602,148,243.454
14699.0,214,4,702.6,484,45,175.65
14700.0,32,5,3076.06,1606,111,615.212
14701.0,11,15,4487.11,1744,455,299.1406666666666
14702.0,1,29,6368.78,2878,338,219.61310344827587
14703.0,15,1,318.17,183,22,318.17
14704.0,11,11,1752.92,1164,319,159.35636363636365
14705.0,199,1,179.0,100,1,179.0
14706.0,619,1,367.54,246,25,367.54
14707.0,436,2,139.2,96,1,69.6
14708.0,3,5,1793.22,1159,27,358.644
14709.0,15,25,8886.33,4141,105,355.4532
14710.0,14,13,1899.79,1135,310,146.1376923076923
14711.0,10,11,2839.62,966,221,258.1472727272727
14712.0,29,4,1328.0700000000002,411,24,332.01750000000004
14713.0,9,21,5115.76,3329,222,243.60761904761907
14714.0,24,4,906.24,642,64,226.56
14715.0,25,8,1825.45,1030,102,228.18125
14716.0,43,3,543.28,643,85,181.09333333333333
14717.0,733,1,81.3,32,11,81.3
14718.0,410,1,226.42,202,11,226.42
14719.0,2,5,1581.84,1025,177,316.368
14720.0,6,3,663.81,219,34,221.26999999999998
14721.0,379,1,109.07,57,24,109.07
14722.0,147,3,489.52,214,72,163.17333333333332
14723.0,10,11,1803.06,1168,287,163.91454545454545
14724.0,590,1,341.9,184,40,341.9
14725.0,25,4,1252.74,1335,85,313.185
14726.0,655,1,116.5,82,15,116.5
14727.0,274,3,463.72999999999996,458,43,154.57666666666665
14728.0,413,1,190.58,68,14,190.58
14729.0,374,3,586.24,372,126,195.41333333333333
14730.0,1,8,1897.57,1078,317,237.19625
14731.0,47,3,380.02,256,38,126.67333333333333
14732.0,8,19,5517.07,2273,162,290.3721052631579
14733.0,16,15,14335.15,5799,140,955.6766666666666
14734.0,426,4,1056.42,378,48,264.105
14735.0,4,56,12240.16,4513,198,218.5742857142857
14736.0,485,2,374.05,148,70,187.025
14737.0,4,4,3554.17,1071,28,888.5425
14738.0,43,9,1821.9,757,58,202.43333333333334
14739.0,4,25,11573.62,9696,129,462.94480000000004
14740.0,197,11,4161.06,2081,173,378.27818181818185
14741.0,12,7,1713.09,1006,48,244.72714285714284
14742.0,435,1,579.85,374,34,579.85
14743.0,593,1,50.48,40,3,50.48
14744.0,16,14,3660.08,2399,57,261.4342857142857
14745.0,113,12,2551.41,1969,74,212.61749999999998
14746.0,406,4,593.5,398,7,148.375
14747.0,249,1,328.2,84,18,328.2
14748.0,29,10,2681.9,2422,129,268.19
14749.0,480,1,310.15,403,18,310.15
14750.0,736,1,112.03,65,32,112.03
14751.0,684,2,126.45,65,7,63.225
14752.0,44,1,389.64,260,5,389.64
14753.0,87,2,869.51,412,45,434.755
14754.0,45,6,1547.93,1010,110,257.98833333333334
14755.0,10,25,9972.550000000001,4401,219,398.90200000000004
14756.0,15,3,2653.76,1423,102,884.5866666666667
14757.0,75,1,420.5,160,19,420.5
14758.0,145,7,2864.97,840,91,409.28142857142853
14759.0,5,3,1625.97,569,92,541.99
14760.0,297,1,89.2,40,5,89.2
14761.0,59,3,447.92,206,21,149.30666666666667
14762.0,264,2,417.57,428,28,208.785
14764.0,47,1,278.3,190,6,278.3
14765.0,29,3,254.11,135,38,84.70333333333333
14766.0,8,11,6375.7300000000005,3999,251,579.6118181818182
14767.0,474,1,382.81,117,18,382.81
14768.0,17,2,192.60000000000002,52,4,96.30000000000001
14769.0,3,17,15514.11,11058,834,912.594705882353
14770.0,232,8,3637.64,1598,152,454.705
14771.0,621,2,594.62,622,46,297.31
14772.0,112,1,139.26,82,9,139.26
14773.0,593,1,140.55,53,10,140.55
14774.0,529,1,241.45,99,13,241.45
14775.0,58,3,1011.9,1174,57,337.3
14776.0,51,15,3708.3,4658,68,247.22
14777.0,403,1,307.56,212,16,307.56
14778.0,127,2,730.86,306,34,365.43
14779.0,281,3,386.15,84,40,128.71666666666667
14780.0,55,2,447.68,310,26,223.84
14782.0,320,1,200.10000000000002,114,6,200.10000000000002
14783.0,659,1,307.3,262,17,307.3
14784.0,26,3,449.93,363,25,149.97666666666666
14785.0,10,2,77.4,84,2,38.7
14786.0,550,1,90.96,112,7,90.96
14787.0,471,1,110.65,59,14,110.65
14788.0,7,3,1156.32,719,53,385.44
14789.0,29,1,197.64,116,6,197.64
14790.0,17,10,2526.62,2642,65,252.66199999999998
14791.0,607,1,303.63,127,19,303.63
14792.0,64,1,6.2,2,2,6.2
14793.0,21,2,625.9,361,39,312.95
14794.0,3,10,1953.9,783,85,195.39000000000001
14795.0,166,1,131.45000000000002,17,6,131.45000000000002
14796.0,1,27,10169.33,7188,487,376.64185185185187
14797.0,507,1,300.31,99,16,300.31
14798.0,53,8,724.31,601,30,90.53875
14799.0,51,2,338.15,495,20,169.075
14800.0,48,17,7191.33,6501,337,423.01941176470586
14801.0,61,1,189.34,173,56,189.34
14802.0,438,2,1502.98,2,1,751.49
14803.0,162,3,845.55,370,35,281.84999999999997
14804.0,9,1,353.27,121,12,353.27
14805.0,15,7,1082.55,416,88,154.65
14806.0,75,2,303.43,423,17,151.715
14807.0,391,2,504.14,234,37,252.07
14808.0,40,8,2718.6,2120,176,339.825
14809.0,621,2,686.76,232,18,343.38
14810.0,41,13,2354.03,1162,125,181.07923076923078
14811.0,387,1,170.5,74,28,170.5
14812.0,599,1,178.85,135,36,178.85
14813.0,370,4,888.91,392,110,222.2275
14814.0,581,1,154.21,93,28,154.21
14815.0,37,2,778.5,744,53,389.25
14816.0,197,1,271.85,5,4,271.85
14817.0,200,7,3959.86,2462,142,565.6942857142857
14818.0,74,6,1153.56,543,87,192.26
14819.0,64,4,456.41,170,52,114.1025
14820.0,21,9,1274.76,724,51,141.64
14821.0,367,7,1230.15,459,65,175.7357142857143
14822.0,485,1,157.70000000000002,94,9,157.70000000000002
14823.0,180,3,321.43,88,56,107.14333333333333
14824.0,10,10,4022.9100000000003,1954,84,402.29100000000005
14825.0,4,24,4735.08,2774,187,197.295
14826.0,582,2,385.2,152,10,192.6
14828.0,197,13,9839.460000000001,9718,72,756.8815384615385
14829.0,29,7,1455.8700000000001,957,77,207.98142857142858
14830.0,53,1,188.88,164,39,188.88
14831.0,680,3,1676.57,885,67,558.8566666666667
14832.0,630,1,322.69,1,1,322.69
14833.0,499,1,94.8,58,7,94.8
14834.0,18,7,2206.16,872,55,315.1657142857143
14835.0,529,2,297.0,180,1,148.5
14836.0,10,3,102.44999999999999,45,5,34.15
14837.0,90,9,3460.32,3030,171,384.48
14838.0,423,2,769.9200000000001,361,69,384.96000000000004
14839.0,418,3,915.28,927,61,305.0933333333333
14840.0,268,2,362.71,179,20,181.355
14841.0,53,14,7163.0,4164,196,511.64285714285717
14842.0,44,4,2824.69,1166,128,706.1725
14843.0,437,1,211.79999999999998,132,9,211.79999999999998
14844.0,64,10,6702.43,4369,158,670.243
14845.0,600,1,150.0,600,1,150.0
14846.0,427,1,437.4,193,12,437.4
14847.0,149,3,1348.95,533,56,449.65000000000003
14848.0,405,1,310.56,260,11,310.56
14849.0,22,43,15407.61,11838,279,358.316511627907
14850.0,312,7,1770.96,1393,129,252.99428571428572
14851.0,23,3,829.4100000000001,631,38,276.47
14852.0,58,18,6132.43,4366,152,340.6905555555556
14853.0,24,5,1376.87,345,26,275.37399999999997
14854.0,78,11,4303.06,2987,170,391.1872727272728
14855.0,119,7,6520.3,3510,168,931.4714285714286
14856.0,36,3,1290.53,711,65,430.1766666666667
14857.0,60,7,3651.851,2081,170,521.693
14858.0,506,1,180.75,105,11,180.75
14859.0,13,5,1705.64,888,51,341.12800000000004
14860.0,19,1,170.32,232,11,170.32
14861.0,52,10,1380.73,1076,62,138.073
14862.0,26,2,841.1999999999999,772,47,420.59999999999997
14863.0,29,1,266.76,132,11,266.76
14865.0,7,4,92.52000000000001,204,4,23.130000000000003
14866.0,11,19,20746.54,9089,40,1091.923157894737
14867.0,186,16,2952.06,996,67,184.50375
14868.0,3,12,4184.01,2230,132,348.6675
14869.0,9,6,2778.14,2130,187,463.0233333333333
14870.0,262,6,1838.95,483,43,306.4916666666667
14871.0,3,9,1228.17,446,123,136.46333333333334
14872.0,484,3,816.6,662,34,272.2
14873.0,210,2,854.13,311,48,427.065
14874.0,535,1,116.18,148,6,116.18
14875.0,108,3,2862.4,1332,88,954.1333333333333
14876.0,521,2,256.7,162,12,128.35
14877.0,418,2,425.85,168,57,212.925
14878.0,13,25,4076.5,2416,159,163.06
14879.0,685,1,185.06,104,27,185.06
14880.0,77,3,690.59,365,45,230.1966666666667
14881.0,20,1,255.4,316,17,255.4
14882.0,27,14,3546.65,1614,32,253.33214285714286
14883.0,19,6,761.59,790,39,126.93166666666667
14884.0,669,1,120.6,72,8,120.6
14885.0,132,3,1598.12,1308,24,532.7066666666666
14886.0,253,1,364.8,160,18,364.8
14887.0,79,1,1862.0,1100,6,1862.0
14888.0,207,1,369.2,184,20,369.2
14889.0,336,1,135.9,90,10,135.9
14890.0,254,3,817.25,636,55,272.4166666666667
14891.0,148,4,1106.73,788,55,276.6825
14892.0,691,1,202.35000000000002,79,13,202.35000000000002
14893.0,10,3,1809.6100000000001,1047,98,603.2033333333334
14894.0,85,3,1492.81,603,39,497.6033333333333
14895.0,8,38,25119.54,10714,441,661.0405263157895
14896.0,205,8,1826.0,931,150,228.25
14897.0,8,8,3140.54,1162,94,392.5675
14898.0,23,14,3365.95,2207,185,240.42499999999998
14899.0,395,1,1331.38,570,126,1331.38
14900.0,522,1,13.919999999999998,48,1,13.919999999999998
14901.0,11,12,1919.0,880,103,159.91666666666666
14902.0,26,3,1035.6200000000001,716,51,345.2066666666667
14903.0,21,5,2795.33,1531,227,559.066
14904.0,2,4,1630.49,2522,127,407.6225
14905.0,158,8,1971.39,1009,45,246.42375
14906.0,445,1,68.44,1,1,68.44
14907.0,3,16,5547.72,2583,153,346.7325
14908.0,74,2,381.9,182,14,190.95
14909.0,437,3,1404.68,888,61,468.2266666666667
14910.0,3,4,434.35,238,25,108.5875
14913.0,36,8,4073.13,3955,176,509.14125
14915.0,91,11,1811.25,707,65,164.6590909090909
14916.0,71,8,3042.95,2415,113,380.36875
14917.0,597,2,1123.75,891,29,561.875
14918.0,116,9,5955.81,2551,79,661.7566666666667
14919.0,539,1,359.35,129,13,359.35
14920.0,213,3,1607.17,886,90,535.7233333333334
14921.0,30,2,1316.07,953,78,658.035
14922.0,394,2,843.74,376,49,421.87
14923.0,51,1,749.1,418,44,749.1
14924.0,246,3,931.01,312,30,310.33666666666664
14926.0,382,2,359.4,204,2,179.7
14927.0,397,1,308.2,196,20,308.2
14928.0,628,1,223.91000000000003,268,21,223.91000000000003
14929.0,32,2,836.69,487,34,418.345
14940.0,418,2,531.49,384,32,265.745
14941.0,579,1,182.1,80,7,182.1
14942.0,402,4,746.56,354,12,186.64
14943.0,663,1,107.62,46,5,107.62
14944.0,30,19,9784.67,4864,184,514.9826315789473
14945.0,414,1,179.4,156,11,179.4
14946.0,14,1,100.9,22,3,100.9
14947.0,72,6,1049.79,416,47,174.965
14948.0,23,6,1101.97,673,56,183.66166666666666
14949.0,469,4,515.0,250,16,128.75
14950.0,19,1,371.2,136,19,371.2
14951.0,79,1,311.69,311,20,311.69
14952.0,60,32,17629.35,6977,240,550.9171875
14953.0,25,4,971.32,1014,202,242.83
14954.0,12,2,462.12,209,111,231.06
14955.0,733,1,163.77,74,30,163.77
14956.0,421,1,1325.0,2500,4,1325.0
14957.0,253,2,261.69,97,27,130.845
14958.0,147,6,941.99,248,52,156.99833333333333
14959.0,64,4,695.42,494,37,173.855
14960.0,8,2,221.27,221,23,110.635
14961.0,11,22,16410.15,8372,328,745.9159090909092
14962.0,271,4,366.91,123,14,91.7275
14963.0,10,12,3123.57,2287,304,260.2975
14964.0,247,1,206.21,143,13,206.21
14965.0,96,2,596.09,363,80,298.045
14966.0,15,6,1064.26,1060,125,177.37666666666667
14967.0,50,6,1982.6100000000001,652,22,330.435
14968.0,30,2,501.24,257,83,250.62
14969.0,704,1,906.23,665,13,906.23
14970.0,68,12,4919.35,982,71,409.9458333333334
14971.0,35,3,1097.98,639,144,365.99333333333334
14972.0,128,2,145.07,40,20,72.535
14973.0,107,3,1314.45,369,29,438.15000000000003
14974.0,37,1,89.94,37,17,89.94
14975.0,57,2,472.39,507,25,236.195
14976.0,57,7,790.86,234,47,112.98
14977.0,726,1,31.929999999999996,17,4,31.929999999999996
14978.0,72,10,3112.19,736,175,311.219
14979.0,735,1,429.66,209,42,429.66
14980.0,737,1,150.68,79,24,150.68
14981.0,246,2,372.92,241,20,186.46
14982.0,572,1,237.78,125,39,237.78
14983.0,689,1,183.20000000000002,90,30,183.20000000000002
14984.0,19,6,1260.51,348,48,210.085
14985.0,198,2,292.01,256,78,146.005
14986.0,376,2,563.1,338,87,281.55
14987.0,16,8,1550.6499999999999,607,4,193.83124999999998
14988.0,212,7,2038.65,1260,171,291.2357142857143
14989.0,662,1,342.4,200,18,342.4
14990.0,612,2,304.17,129,41,152.085
14991.0,430,1,314.67,191,21,314.67
14992.0,442,1,210.5,145,27,210.5
14993.0,564,1,36.13,21,9,36.13
14994.0,382,5,946.72,568,233,189.344
14995.0,39,2,231.98000000000002,102,53,115.99000000000001
14996.0,481,2,442.28999999999996,404,37,221.14499999999998
14997.0,46,4,776.5999999999999,1408,36,194.14999999999998
14998.0,170,4,753.18,352,111,188.295
14999.0,593,1,129.48000000000002,88,9,129.48000000000002
15000.0,48,1,490.52,218,76,490.52
15001.0,394,2,199.10999999999999,70,44,99.55499999999999
15002.0,116,9,4138.08,2214,220,459.78666666666663
15003.0,473,6,1027.03,525,253,171.17166666666665
15004.0,147,1,1220.77,623,154,1220.77
15005.0,16,56,13754.58,8666,591,245.6175
15006.0,51,2,757.78,387,165,378.89
15007.0,159,1,156.91,69,12,156.91
15008.0,480,2,360.0,1500,6,180.0
15009.0,12,3,1259.43,639,148,419.81
15010.0,36,1,308.94,184,20,308.94
15011.0,396,2,416.6,289,17,208.3
15012.0,54,3,646.26,383,165,215.42
15013.0,488,10,1610.82,1715,177,161.082
15014.0,43,2,257.67,149,29,128.835
15015.0,501,13,2354.97,1584,158,181.15153846153845
15016.0,173,5,620.89,243,93,124.178
15017.0,34,1,125.58,63,20,125.58
15018.0,39,3,496.21000000000004,189,30,165.40333333333334
15019.0,267,1,252.81,150,64,252.81
15020.0,379,1,198.47,111,27,198.47
15021.0,9,12,2500.59,1079,355,208.38250000000002
15022.0,12,5,1133.44,640,115,226.68800000000002
15023.0,3,20,11578.65,4758,486,578.9325
15024.0,10,16,3559.39,1924,168,222.461875
15025.0,33,2,979.79,503,132,489.895
15026.0,80,5,1048.8899999999999,655,109,209.77799999999996
15027.0,31,10,3195.6,2782,69,319.56
15028.0,8,6,962.94,673,65,160.49
15029.0,620,1,365.1,234,10,365.1
15030.0,72,8,1979.91,1225,25,247.48875
15031.0,4,14,3102.94,1576,237,221.63857142857142
15032.0,256,8,11010.05,6601,39,1376.25625
15033.0,5,10,2557.18,1672,315,255.718
15034.0,16,14,8231.2,4748,416,587.9428571428572
15035.0,90,1,252.73000000000002,245,26,252.73000000000002
15036.0,72,3,429.56,316,107,143.18666666666667
15037.0,376,2,397.76,298,40,198.88
15038.0,59,9,1146.53,381,190,127.39222222222222
15039.0,10,93,39141.48,17780,562,420.8761290322581
15040.0,542,1,7.49,1,1,7.49
15041.0,170,2,289.4,194,98,144.7
15042.0,199,2,315.45,238,9,157.725
15043.0,31,6,2870.3199999999997,1019,39,478.3866666666666
15044.0,19,35,16024.15,5241,344,457.8328571428571
15045.0,152,2,735.66,114,11,367.83
15046.0,9,25,7623.79,4585,248,304.9516
15047.0,270,1,343.62,222,22,343.62
15048.0,65,4,381.0,192,86,95.25
15049.0,274,1,121.17000000000002,63,3,121.17000000000002
15050.0,25,5,4087.19,2600,116,817.438
15051.0,23,9,3926.91,3052,226,436.3233333333333
15052.0,319,1,207.73000000000002,79,27,207.73000000000002
15053.0,5,3,693.95,984,49,231.3166666666667
15054.0,12,2,302.1,198,105,151.05
15055.0,475,3,549.12,225,77,183.04
15056.0,520,1,113.64999999999999,69,6,113.64999999999999
15057.0,275,5,3255.96,1394,62,651.192
15058.0,25,16,3387.58,1645,232,211.72375
15059.0,41,19,3491.2,1599,308,183.7473684210526
15060.0,8,4,294.25,257,81,73.5625
15061.0,4,127,126389.02,74280,131,995.1891338582677
15062.0,71,8,2585.62,1872,98,323.2025
15063.0,213,1,370.79999999999995,56,5,370.79999999999995
15064.0,410,4,1254.41,810,75,313.6025
15065.0,38,5,3326.86,1446,156,665.3720000000001
15066.0,53,1,893.59,317,42,893.59
15067.0,78,5,3862.88,2151,170,772.576
15068.0,46,4,1174.9,832,178,293.725
15069.0,179,1,1109.53,520,70,1109.53
15070.0,373,3,737.0500000000001,339,26,245.68333333333337
15071.0,94,4,1455.56,416,41,363.89
15072.0,479,1,187.51999999999998,164,13,187.51999999999998
15073.0,10,8,2788.02,1410,115,348.5025
15074.0,105,3,1553.1299999999999,1039,63,517.7099999999999
15075.0,78,1,773.03,447,27,773.03
15076.0,173,3,1447.74,866,68,482.58
15077.0,495,2,2428.08,528,28,1214.04
15078.0,7,53,17286.73,8777,118,326.1647169811321
15079.0,213,11,3625.4,1459,119,329.58181818181816
15080.0,428,2,546.25,287,31,273.125
15081.0,22,12,1854.57,749,75,154.54749999999999
15082.0,669,1,93.35000000000001,43,6,93.35000000000001
15083.0,257,1,88.2,38,5,88.2
15084.0,380,2,965.2,600,31,482.6
15085.0,730,1,347.54,169,9,347.54
15086.0,565,2,218.53,95,10,109.265
15087.0,282,1,306.94,470,15,306.94
15088.0,21,2,1160.07,460,53,580.035
15089.0,10,6,2420.84,1359,139,403.47333333333336
15090.0,308,1,381.32,208,23,381.32
15091.0,68,3,1046.6100000000001,582,55,348.87000000000006
15092.0,215,3,776.46,230,39,258.82
15093.0,18,23,13702.38,10778,104,595.7556521739131
15094.0,463,2,83.0,28,4,41.5
15095.0,104,10,3141.64,2233,90,314.164
15096.0,43,1,219.39000000000001,120,11,219.39000000000001
15097.0,4,3,908.35,424,59,302.78333333333336
15098.0,182,3,39916.5,121,1,13305.5
15099.0,84,1,410.48,343,23,410.48
15100.0,334,7,2193.8999999999996,270,11,313.41428571428565
15101.0,9,6,1477.94,676,52,246.32333333333335
15102.0,531,2,554.67,339,26,277.335
15103.0,31,2,703.36,329,35,351.68
15104.0,197,2,993.54,635,66,496.77
15105.0,18,9,3094.91,1747,129,343.87888888888887
15106.0,18,5,1422.52,1181,90,284.504
15107.0,311,9,824.35,330,32,91.59444444444445
15109.0,246,3,983.1,258,46,327.7
15110.0,24,6,1505.8500000000001,337,23,250.97500000000002
15111.0,29,5,2442.37,1058,109,488.474
15112.0,611,1,209.4,72,7,209.4
15113.0,10,3,3509.43,2344,77,1169.81
15114.0,30,12,3400.12,3532,151,283.3433333333333
15115.0,18,2,531.85,245,35,265.925
15116.0,18,4,1352.75,648,37,338.1875
15117.0,15,8,2485.9700000000003,3093,89,310.74625000000003
15118.0,134,1,244.8,1440,1,244.8
15119.0,246,1,266.4,88,14,266.4
15120.0,134,1,358.82,296,21,358.82
15121.0,50,2,457.72,199,28,228.86
15122.0,114,11,4487.27,2033,155,407.9336363636364
15123.0,7,5,4656.17,2524,149,931.234
15124.0,23,4,450.82,462,30,112.705
15125.0,25,24,17024.87,8433,151,709.3695833333333
15126.0,537,2,449.49,273,25,224.745
15127.0,66,2,711.5,464,27,355.75
15128.0,60,5,1783.68,1583,87,356.736
15129.0,50,23,6860.18,4002,86,298.2686956521739
15130.0,170,1,330.11,197,22,330.11
15131.0,395,1,80.28,88,7,80.28
15132.0,18,5,977.9300000000001,679,49,195.586
15133.0,128,5,1806.9,960,45,361.38
15134.0,15,10,1596.29,1057,47,159.629
15135.0,239,2,305.68,84,17,152.84
15136.0,3,4,1286.7,776,61,321.675
15137.0,521,2,823.4,596,34,411.7
15138.0,394,1,502.52,300,31,502.52
15139.0,240,2,178.96,208,13,89.48
15140.0,52,8,3243.69,2010,103,405.46125
15141.0,458,7,1388.47,1197,44,198.35285714285715
15142.0,46,6,2619.92,2155,115,436.65333333333336
15143.0,226,2,563.63,320,27,281.815
15144.0,8,29,12160.31,5251,199,419.3210344827586
15145.0,4,4,1194.73,756,54,298.6825
15146.0,165,2,1327.16,1473,90,663.58
15147.0,240,1,623.5,366,28,623.5
15148.0,11,1,301.29,187,20,301.29
15149.0,134,5,1554.6100000000001,380,62,310.922
15150.0,17,13,8977.94,6167,495,690.6107692307693
15151.0,423,2,2085.61,795,56,1042.805
15152.0,10,14,5263.83,2994,214,375.98785714285714
15153.0,31,1,329.25,198,22,329.25
15154.0,75,3,1343.72,333,166,447.9066666666667
15155.0,383,1,383.96999999999997,192,24,383.96999999999997
15156.0,1,3,961.49,597,51,320.49666666666667
15157.0,4,5,2654.11,3466,152,530.822
15158.0,45,2,606.02,219,11,303.01
15159.0,2,34,22116.73,13512,413,650.4920588235294
15160.0,357,4,589.27,307,17,147.3175
15161.0,388,1,119.92,144,33,119.92
15162.0,731,1,312.9,74,12,312.9
15163.0,18,2,304.47,186,29,152.235
15164.0,69,9,2028.1100000000001,912,243,225.34555555555556
15165.0,373,1,487.75,160,27,487.75
15166.0,468,1,167.16,140,12,167.16
15167.0,321,5,1627.62,863,262,325.524
15168.0,26,1,106.56,52,5,106.56
15169.0,382,2,569.22,356,58,284.61
15170.0,407,1,81.15,33,4,81.15
15171.0,331,1,1289.5,290,5,1289.5
15172.0,9,5,1624.05,1611,106,324.81
15173.0,381,7,1494.6,840,68,213.5142857142857
15174.0,323,2,481.46,382,34,240.73
15175.0,72,1,224.14,454,23,224.14
15176.0,668,1,988.04,448,52,988.04
15177.0,426,1,948.93,485,26,948.93
15178.0,260,1,40.5,30,3,40.5
15179.0,18,13,7491.92,5416,225,576.3015384615385
15180.0,367,3,816.9300000000001,654,46,272.31
15181.0,66,5,1200.2,688,15,240.04000000000002
15182.0,154,11,2998.952,1186,78,272.632
15183.0,548,3,639.93,297,33,213.30999999999997
15184.0,29,4,685.39,462,72,171.3475
15185.0,70,1,310.62,666,21,310.62
15186.0,14,5,1403.2,716,29,280.64
15187.0,2,16,4777.18,1887,61,298.57375
15188.0,725,1,310.43,233,23,310.43
15189.0,1,46,17524.38,6902,90,380.96478260869566
15190.0,434,1,834.4399999999999,790,40,834.4399999999999
15191.0,463,3,588.05,287,33,196.01666666666665
15192.0,120,5,1666.39,1448,56,333.278
15193.0,61,1,499.32,144,19,499.32
15194.0,3,28,12021.53,8922,274,429.34035714285716
15195.0,3,1,3861.0,1404,1,3861.0
15196.0,433,2,313.7,130,34,156.85
15197.0,11,6,1877.51,1058,44,312.91833333333335
15198.0,92,5,571.35,327,28,114.27000000000001
15199.0,59,10,3122.4,894,17,312.24
15200.0,495,1,549.05,195,30,549.05
15201.0,87,7,1842.95,1660,44,263.2785714285714
15202.0,420,3,6001.49,3,1,2000.4966666666667
15203.0,26,15,4400.18,4182,150,293.3453333333334
15204.0,357,1,316.58,258,9,316.58
15205.0,85,2,653.24,378,37,326.62
15206.0,10,4,420.29999999999995,162,3,105.07499999999999
15207.0,416,3,683.9200000000001,428,19,227.97333333333336
15208.0,1,6,970.52,356,27,161.75333333333333
15209.0,730,1,178.98000000000002,94,13,178.98000000000002
15210.0,225,3,1176.19,841,66,392.06333333333333
15211.0,60,2,894.4100000000001,240,52,447.20500000000004
15212.0,241,2,208.28,84,7,104.14
15213.0,319,2,328.35,272,22,164.175
15214.0,2,8,1661.44,1254,109,207.68
15215.0,47,7,2422.43,776,85,346.06142857142856
15216.0,88,2,486.09,217,24,243.045
15217.0,563,1,426.24,190,28,426.24
15218.0,11,22,11468.83,6530,139,521.3104545454545
15219.0,176,2,685.45,271,26,342.725
15220.0,52,6,1778.96,1393,110,296.49333333333334
15221.0,366,4,2062.2000000000003,244,21,515.5500000000001
15222.0,319,11,3550.91,4458,98,322.81
15223.0,226,5,1417.95,385,26,283.59000000000003
15224.0,358,5,871.36,443,24,174.272
15225.0,234,1,409.40000000000003,226,23,409.40000000000003
15226.0,311,1,154.41,71,8,154.41
15227.0,37,9,2488.4900000000002,1217,86,276.4988888888889
15228.0,66,6,5580.2699999999995,3375,184,930.045
15229.0,586,1,160.5,114,9,160.5
15230.0,239,2,429.6,351,23,214.8
15231.0,621,1,250.26,190,14,250.26
15232.0,113,2,612.06,686,26,306.03
15233.0,401,1,59.400000000000006,12,1,59.400000000000006
15234.0,277,1,197.0,196,14,197.0
15235.0,218,16,2772.76,1676,161,173.2975
15236.0,299,1,321.05,269,15,321.05
15237.0,2,4,1412.32,1071,94,353.08
15238.0,29,3,1071.99,692,49,357.33
15239.0,10,2,780.59,594,48,390.295
15240.0,45,12,4459.98,3214,134,371.66499999999996
15241.0,67,11,3050.16,3328,120,277.2872727272727
15242.0,422,1,302.04,196,4,302.04
15243.0,74,2,927.2800000000001,543,56,463.64000000000004
15244.0,65,3,912.08,472,44,304.0266666666667
15245.0,134,8,4610.84,3021,72,576.355
15246.0,238,3,780.4,359,45,260.1333333333333
15247.0,122,3,976.06,514,13,325.3533333333333
15248.0,411,3,1893.93,1065,103,631.3100000000001
15249.0,32,18,9266.0,4980,304,514.7777777777778
15250.0,641,1,60.0,48,3,60.0
15251.0,9,21,20324.54,12108,183,967.8352380952381
15252.0,36,5,2103.41,1430,106,420.68199999999996
15253.0,16,8,2055.09,1588,102,256.88625
15254.0,127,3,1088.35,711,64,362.7833333333333
15255.0,67,9,3706.02,2214,137,411.78
15256.0,149,2,170.4,92,6,85.2
15257.0,283,2,685.9,71,11,342.95
15258.0,169,2,623.16,142,32,311.58
15259.0,513,4,1182.3799999999999,631,50,295.59499999999997
15260.0,100,25,8767.73,4468,186,350.7092
15261.0,135,4,1508.0,806,87,377.0
15262.0,324,3,418.82,218,22,139.60666666666665
15263.0,107,1,156.51,89,12,156.51
15264.0,64,2,848.4,443,52,424.2
15265.0,151,4,3345.64,1570,179,836.41
15266.0,338,5,852.21,236,38,170.442
15267.0,22,5,1717.36,944,8,343.472
15268.0,479,3,961.9000000000001,428,21,320.6333333333334
15269.0,24,3,1225.3600000000001,372,33,408.4533333333334
15270.0,16,21,8524.86,4010,66,405.9457142857143
15271.0,7,24,4528.54,2412,369,188.68916666666667
15272.0,57,6,2030.95,665,257,338.4916666666667
15273.0,600,1,228.96,216,1,228.96
15274.0,4,2,716.57,619,44,358.285
15275.0,38,1,615.14,498,41,615.14
15276.0,66,4,619.8,317,160,154.95
15277.0,47,2,476.34,373,23,238.17
15278.0,562,4,496.15999999999997,458,29,124.03999999999999
15279.0,355,5,1580.54,802,74,316.108
15280.0,172,3,397.52,507,48,132.50666666666666
15281.0,59,16,8543.57,5233,427,533.973125
15282.0,570,1,348.59,395,27,348.59
15283.0,390,3,148.33,27,9,49.443333333333335
15284.0,500,1,24.75,5,1,24.75
15285.0,408,1,94.92,120,6,94.92
15286.0,50,1,240.55,55,3,240.55
15287.0,22,5,856.03,1010,23,171.206
15288.0,43,10,3715.38,1336,128,371.538
15289.0,29,5,1593.09,1627,67,318.618
15290.0,5,26,10496.28,6567,106,403.70307692307694
15291.0,26,40,13517.76,4905,116,337.944
15292.0,201,1,178.39,55,24,178.39
15293.0,666,1,247.5,178,19,247.5
15294.0,411,1,233.35,97,15,233.35
15295.0,654,1,207.04,139,50,207.04
15296.0,51,12,10323.03,5452,342,860.2525
15297.0,10,3,641.94,292,30,213.98000000000002
15298.0,2,23,9061.77,6000,199,393.99
15299.0,67,10,6156.53,3356,9,615.653
15300.0,64,1,496.44,292,28,496.44
15301.0,51,17,6909.67,3763,231,406.4511764705882
15302.0,730,1,308.0,102,15,308.0
15303.0,290,3,1224.18,514,63,408.06
15304.0,61,9,796.4000000000001,112,8,88.4888888888889
15305.0,555,1,93.6,40,5,93.6
15306.0,64,9,3484.73,3074,123,387.1922222222222
15307.0,96,1,205.3,37,12,205.3
15308.0,274,1,310.47,175,19,310.47
15309.0,611,4,797.96,440,49,199.49
15310.0,479,1,1634.64,1476,45,1634.64
15311.0,1,208,114966.42,70149,864,552.7231730769231
15312.0,75,12,2930.19,1693,118,244.1825
15313.0,110,1,52.0,25,1,52.0
15314.0,199,3,820.4499999999999,750,49,273.4833333333333
15315.0,64,2,570.5,862,35,285.25
15316.0,327,1,165.0,100,1,165.0
15317.0,677,1,129.75,45,5,129.75
15318.0,4,1,312.62,642,33,312.62
15319.0,284,1,204.5,175,16,204.5
15320.0,44,1,267.13,326,36,267.13
15321.0,71,12,6709.7300000000005,3653,242,559.1441666666667
15322.0,86,2,1390.86,971,76,695.43
15323.0,563,3,434.6,188,29,144.86666666666667
15324.0,701,1,140.22000000000003,74,8,140.22000000000003
15325.0,104,8,1601.46,1382,164,200.1825
15326.0,334,5,1700.52,1351,94,340.104
15327.0,53,1,208.75,116,10,208.75
15328.0,408,1,107.24,88,8,107.24
15329.0,39,11,2958.83,1217,98,268.98454545454547
15330.0,32,2,714.96,1312,10,357.48
15331.0,500,3,767.91,701,41,255.97
15333.0,208,1,1028.56,344,16,1028.56
15334.0,157,3,350.82,273,67,116.94
15335.0,53,1,170.22,79,34,170.22
15336.0,402,1,240.5,84,15,240.5
15337.0,411,1,373.02,200,21,373.02
15338.0,677,1,277.93,148,56,277.93
15339.0,66,7,1821.02,1138,162,260.1457142857143
15340.0,562,1,105.5,76,7,105.5
15341.0,81,2,2402.7200000000003,1008,22,1201.3600000000001
15342.0,130,1,406.09,283,24,406.09
15343.0,87,1,364.5,84,21,364.5
15344.0,1,3,563.94,116,21,187.98000000000002
15345.0,46,1,393.54,81,20,393.54
15346.0,333,3,596.12,260,36,198.70666666666668
15347.0,366,4,1162.0,542,29,290.5
15348.0,72,1,158.04,84,9,158.04
15349.0,158,2,463.90999999999997,321,65,231.95499999999998
15350.0,373,2,547.6,272,26,273.8
15351.0,12,10,3430.22,1350,201,343.022
15352.0,549,1,111.15,40,34,111.15
15353.0,255,7,2794.4700000000003,1391,274,399.21000000000004
15354.0,603,3,284.4,3,1,94.8
15355.0,29,2,277.05,45,9,138.525
15356.0,31,13,3239.57,1892,290,249.1976923076923
15358.0,5,42,16425.86,14902,359,391.0919047619048
15359.0,663,8,181.35,145,10,22.66875
15360.0,40,1,427.93,223,13,427.93
15361.0,362,4,689.07,373,10,172.2675
15362.0,449,2,613.08,368,38,306.54
15363.0,373,2,678.11,383,32,339.055
15364.0,96,2,913.19,493,29,456.595
15365.0,26,13,4557.13,2131,126,350.54846153846154
15366.0,75,7,2389.08,2447,86,341.29714285714283
15367.0,57,11,5081.33,2944,214,461.9390909090909
15368.0,21,2,722.74,406,8,361.37
15369.0,492,11,6251.26,3288,44,568.2963636363637
15370.0,41,8,3739.01,1397,90,467.37625
15371.0,662,1,59.400000000000006,12,1,59.400000000000006
15372.0,137,8,6017.06,6410,45,752.1325
15373.0,8,17,3084.54,726,107,181.4435294117647
15374.0,129,2,307.32,290,8,153.66
15375.0,690,1,60.959999999999994,84,6,60.959999999999994
15376.0,40,3,1221.56,615,100,407.18666666666667
15377.0,383,4,1211.75,253,15,302.9375
15378.0,463,2,246.5,130,8,123.25
15379.0,169,8,4877.84,3000,177,609.73
15380.0,9,11,3248.96,954,27,295.36
15381.0,214,5,1890.5700000000002,802,20,378.11400000000003
15382.0,15,12,13733.550000000001,9178,315,1144.4625
15384.0,170,4,2027.79,1767,83,506.9475
15385.0,40,3,942.08,428,18,314.0266666666667
15386.0,186,1,394.14,446,31,394.14
15387.0,492,1,468.65,335,20,468.65
15389.0,172,5,2733.8,3940,2,546.76
15391.0,584,1,289.87,109,12,289.87
15392.0,5,7,2911.62,2144,100,415.94571428571425
15393.0,16,5,891.34,378,37,178.268
15394.0,10,11,5286.8,2372,129,480.6181818181818
15395.0,326,1,107.45,17,7,107.45
15396.0,113,2,796.38,278,16,398.19
15397.0,290,1,94.0,20,6,94.0
15398.0,16,2,1345.53,769,60,672.765
15399.0,1,3,815.77,611,45,271.92333333333335
15400.0,92,8,1302.3,662,16,162.7875
15401.0,452,2,216.95000000000002,93,14,108.47500000000001
15402.0,149,6,1830.54,2034,79,305.09
15403.0,492,2,170.88,492,6,85.44
15404.0,376,1,257.06,334,16,257.06
15405.0,189,2,659.84,348,29,329.92
15406.0,31,4,975.87,547,108,243.9675
15407.0,34,4,1046.74,552,142,261.685
15408.0,264,1,267.18,106,34,267.18
15409.0,721,1,131.25,59,9,131.25
15410.0,84,10,4685.72,1902,80,468.572
15411.0,26,4,1348.93,529,86,337.2325
15412.0,171,1,190.53,108,10,190.53
15413.0,692,5,6798.72,2694,20,1359.7440000000001
15414.0,10,3,774.9000000000001,443,37,258.3
15415.0,313,1,559.61,551,46,559.61
15416.0,65,7,4572.82,2420,189,653.26
15417.0,85,1,508.8,284,28,508.8
15418.0,425,2,449.42,264,64,224.71
15419.0,25,1,135.86,230,8,135.86
15420.0,434,6,743.0,844,52,123.83333333333333
15421.0,59,10,3805.34,1927,170,380.534
15422.0,323,7,1619.97,710,80,231.42428571428573
15423.0,38,3,266.89,198,13,88.96333333333332
15424.0,254,3,597.78,873,33,199.26
15425.0,400,4,1941.1200000000001,1041,114,485.28000000000003
15426.0,19,9,2156.35,1041,327,239.59444444444443
15427.0,33,3,1430.54,967,233,476.84666666666664
15428.0,15,4,762.75,347,39,190.6875
15429.0,27,2,397.35,380,77,198.675
15430.0,468,2,954.75,309,36,477.375
15431.0,503,1,153.24,84,2,153.24
15432.0,23,2,320.76,92,16,160.38
15433.0,214,2,533.3,534,40,266.65
15434.0,8,11,2567.06,1423,82,233.36909090909091
15435.0,22,1,149.29,54,29,149.29
15436.0,12,3,1067.75,574,243,355.9166666666667
15437.0,262,2,393.45,177,56,196.725
15438.0,131,1,156.57999999999998,59,25,156.57999999999998
15439.0,405,4,1269.05,572,49,317.2625
15440.0,55,3,383.68,197,50,127.89333333333333
15441.0,396,3,1254.21,587,45,418.07
15442.0,249,1,594.0,120,2,594.0
15443.0,2,14,5114.23,2699,408,365.3021428571428
15444.0,9,2,1411.21,759,191,705.605
15445.0,264,2,284.5,118,12,142.25
15446.0,377,3,399.75,265,90,133.25
15447.0,331,5,492.88,228,27,98.576
15448.0,313,2,788.81,487,49,394.405
15449.0,26,3,974.52,812,47,324.84
15450.0,30,1,429.84,376,30,429.84
15451.0,434,2,226.86,76,56,113.43
15452.0,30,6,1785.1100000000001,1087,158,297.5183333333334
15453.0,2,7,1371.77,837,169,195.96714285714285
15454.0,362,2,305.99,146,35,152.995
15455.0,598,1,38.25,3,2,38.25
15456.0,283,10,2091.52,2727,128,209.152
15457.0,262,1,237.07,132,56,237.07
15458.0,25,2,370.43999999999994,300,13,185.21999999999997
15459.0,417,2,202.82999999999998,121,6,101.41499999999999
15460.0,354,1,214.26,107,53,214.26
15461.0,461,2,429.7,230,1,214.85
15462.0,94,4,737.05,495,32,184.2625
15463.0,29,1,126.14,106,7,126.14
15464.0,338,1,1044.65,348,155,1044.65
15465.0,20,32,12100.4,2638,94,378.1375
15466.0,85,4,1560.46,941,211,390.115
15467.0,9,3,524.88,310,41,174.96
15468.0,51,3,1430.48,1400,80,476.82666666666665
15469.0,50,3,874.25,287,38,291.4166666666667
15470.0,576,1,63.419999999999995,232,4,63.419999999999995
15471.0,2,3,1292.01,670,122,430.67
15472.0,113,1,371.56,251,76,371.56
15473.0,14,8,2046.0,776,5,255.75
15474.0,596,1,150.35,55,19,150.35
15475.0,77,1,454.10999999999996,319,29,454.10999999999996
15476.0,380,4,2209.98,1174,67,552.495
15477.0,650,1,368.4,216,2,368.4
15478.0,40,3,1983.48,894,53,661.16
15479.0,733,1,147.4,38,9,147.4
15482.0,16,19,14417.36,6516,74,758.8084210526316
15483.0,161,10,817.8199999999999,905,216,81.782
15484.0,1,6,4652.1,4074,180,775.35
15485.0,30,7,4810.92,2153,80,687.2742857142857
15486.0,527,1,102.0,40,1,102.0
15487.0,680,1,231.32,144,14,231.32
15488.0,93,5,431.92,251,10,86.384
15489.0,23,8,2419.61,1264,75,302.45125
15490.0,430,1,210.85,82,22,210.85
15491.0,95,6,3100.09,1646,108,516.6816666666667
15492.0,28,2,659.4599999999999,483,32,329.72999999999996
15493.0,33,9,4121.68,1206,289,457.9644444444445
15494.0,21,5,3702.6,3052,307,740.52
15495.0,379,1,246.5,194,20,246.5
15496.0,631,1,146.14000000000001,98,22,146.14000000000001
15497.0,18,9,8657.39,2937,66,961.9322222222222
15498.0,3,44,24972.86,12134,597,567.565
15499.0,724,1,158.65,59,40,158.65
15500.0,8,4,1131.56,572,64,282.89
15501.0,405,2,399.95,205,64,199.975
15502.0,16,14,13003.869999999999,5559,231,928.847857142857
15503.0,363,2,257.3,130,112,128.65
15504.0,81,4,402.7,141,42,100.675
15505.0,53,5,3610.96,2390,90,722.192
15506.0,23,6,2030.33,1637,180,338.3883333333333
15507.0,172,1,475.86,160,41,475.86
15508.0,189,6,1000.27,440,78,166.71166666666667
15509.0,380,1,152.41,58,26,152.41
15510.0,331,1,250.0,2,1,250.0
15511.0,12,5,900.53,269,117,180.106
15512.0,156,4,331.58,235,29,82.895
15513.0,33,35,26437.05,10477,278,755.3442857142857
15514.0,12,18,6392.06,4087,171,355.1144444444445
15515.0,387,1,171.81,131,7,171.81
15516.0,45,3,62.43,27,15,20.81
15517.0,233,1,267.03,293,27,267.03
15518.0,64,15,4189.99,2810,250,279.3326666666666
15519.0,383,2,344.61,116,34,172.305
15520.0,2,1,343.5,314,18,343.5
15521.0,40,16,7098.24,4507,186,443.64
15522.0,33,2,397.99,572,47,198.995
15523.0,84,16,17259.19,15633,65,1078.699375
15524.0,25,2,591.4,28,9,295.7
15525.0,2,4,890.22,527,152,222.555
15526.0,33,2,148.44,24,4,74.22
15527.0,19,23,5554.89,2211,226,241.51695652173913
15528.0,254,1,229.33,123,26,229.33
15529.0,23,12,4783.66,4271,451,398.6383333333333
15530.0,22,5,1808.68,1328,111,361.736
15531.0,8,2,1972.39,1085,196,986.195
15532.0,25,10,3738.85,1337,417,373.885
15533.0,19,3,807.57,289,73,269.19
15534.0,726,1,162.25,63,8,162.25
15535.0,173,6,1044.3700000000001,314,88,174.0616666666667
15536.0,409,1,259.09,242,16,259.09
15537.0,163,1,110.92,29,24,110.92
15538.0,538,6,3358.3999999999996,1016,3,559.7333333333332
15539.0,7,1,538.46,410,41,538.46
15540.0,11,2,460.68,444,31,230.34
15541.0,114,1,85.13000000000001,49,29,85.13000000000001
15542.0,512,3,855.71,418,212,285.2366666666667
15543.0,288,2,242.26,167,50,121.13
15544.0,9,20,7807.89,6745,175,390.3945
15545.0,54,2,288.96999999999997,162,78,144.48499999999999
15546.0,607,2,1079.1000000000001,198,6,539.5500000000001
15547.0,7,26,10057.05,7278,652,386.80961538461537
15548.0,596,1,158.09,64,23,158.09
15549.0,77,8,2334.16,936,139,291.77
15550.0,4,12,2211.05,1139,166,184.2541666666667
15551.0,37,7,1679.81,796,117,239.97285714285712
15552.0,217,2,252.52,166,29,126.26
15553.0,60,1,428.93,449,51,428.93
15554.0,278,1,217.2,74,14,217.2
15555.0,12,36,11243.91,8511,667,312.3308333333333
15556.0,24,1,279.77,236,31,279.77
15557.0,29,1,468.91,213,16,468.91
15558.0,639,1,202.68,73,23,202.68
15559.0,568,1,1109.4,526,62,1109.4
15560.0,398,2,153.52,72,10,76.76
15561.0,12,8,1934.3899999999999,1334,65,241.79874999999998
15562.0,352,3,671.4300000000001,560,32,223.81000000000003
15563.0,22,7,2859.46,3005,179,408.4942857142857
15564.0,463,2,70.74000000000001,42,4,35.370000000000005
15565.0,50,2,173.16,60,8,86.58
15566.0,393,2,227.87,153,9,113.935
15567.0,19,1,186.01,223,7,186.01
15568.0,3,3,758.29,461,27,252.76333333333332
15569.0,104,10,3583.45,1734,123,358.34499999999997
15570.0,7,25,8736.49,4079,442,349.45959999999997
15571.0,12,14,3892.35,2411,442,278.025
15572.0,5,10,3965.2,2089,259,396.52
15573.0,32,5,1188.42,770,181,237.68400000000003
15574.0,178,6,1101.44,750,191,183.57333333333335
15575.0,619,1,30.1,6,3,30.1
15576.0,38,1,921.37,394,43,921.37
15577.0,151,5,396.03000000000003,120,58,79.206
15578.0,162,1,127.1,52,13,127.1
15579.0,69,5,1250.63,713,140,250.12600000000003
15580.0,377,8,1375.39,955,150,171.92375
15581.0,121,38,7480.4,3028,542,196.85263157894735
15582.0,25,3,682.9100000000001,453,39,227.63666666666668
15583.0,376,1,95.96,56,37,95.96
15584.0,24,6,1268.2,483,174,211.36666666666667
15585.0,177,1,455.3,320,31,455.3
15586.0,593,3,1139.1,1338,30,379.7
15587.0,50,7,1522.0800000000002,528,3,217.44000000000003
15588.0,678,1,579.6,96,4,579.6
15589.0,256,3,478.53000000000003,243,28,159.51000000000002
15590.0,382,5,1496.6,832,75,299.32
15591.0,583,3,217.9,58,6,72.63333333333334
15592.0,47,1,388.58,354,24,388.58
15593.0,71,1,199.8,60,5,199.8
15594.0,16,5,1771.78,983,85,354.356
15595.0,488,1,357.6,144,4,357.6
15596.0,101,9,2727.72,1208,82,303.08
15597.0,35,2,563.37,393,35,281.685
15598.0,53,2,548.02,404,32,274.01
15599.0,27,3,1250.06,1098,77,416.68666666666667
15600.0,428,4,1199.31,657,55,299.8275
15601.0,11,30,14191.74,10395,310,473.058
15602.0,8,16,3137.96,2292,62,196.1225
15603.0,79,2,88.48,128,4,44.24
15604.0,52,1,216.39,159,17,216.39
15605.0,36,9,1741.95,641,80,193.55
15606.0,61,17,5230.99,1615,84,307.70529411764704
15607.0,337,9,1708.97,1470,95,189.88555555555556
15608.0,28,5,1785.98,1262,93,357.196
15609.0,184,1,298.48,148,16,298.48
15610.0,52,1,112.46000000000001,66,6,112.46000000000001
15611.0,10,26,2997.28,747,43,115.28
15612.0,36,2,195.15,52,4,97.575
15613.0,610,1,433.71999999999997,700,27,433.71999999999997
15614.0,438,4,3147.36,1632,73,786.84
15615.0,10,47,21373.97,12090,292,454.7653191489362
15616.0,438,1,317.11,137,13,317.11
15617.0,396,3,828.5500000000001,485,41,276.18333333333334
15618.0,33,4,776.851,454,39,194.21275
15619.0,11,1,336.40000000000003,136,3,336.40000000000003
15620.0,57,4,1942.36,1249,114,485.59
15621.0,4,4,1293.03,501,11,323.2575
15622.0,43,17,7852.61,4091,331,461.9182352941176
15623.0,141,8,2437.05,1087,91,304.63125
15624.0,117,4,588.13,357,26,147.0325
15625.0,104,9,3236.4,3020,106,359.6
15626.0,75,3,1067.52,1138,73,355.84
15627.0,457,2,566.9,344,23,283.45
15628.0,5,17,5333.08,3569,136,313.7105882352941
15629.0,450,4,2240.9,1518,39,560.225
15630.0,45,3,1481.4,987,76,493.8
15631.0,642,1,596.67,525,39,596.67
15632.0,16,8,3285.31,2109,107,410.66375
15633.0,509,13,4335.96,2048,77,333.5353846153846
15634.0,17,2,554.65,227,34,277.325
15635.0,396,1,100.35,5,2,100.35
15636.0,90,4,1444.58,560,39,361.145
15637.0,53,5,797.59,651,37,159.518
15638.0,379,6,2265.2,1134,20,377.5333333333333
15639.0,134,3,1065.08,849,61,355.02666666666664
15640.0,4,29,23494.31,12140,303,810.1486206896552
15641.0,105,12,5345.55,4422,249,445.46250000000003
15642.0,730,1,105.78000000000002,270,6,105.78000000000002
15643.0,192,3,664.0,246,31,221.33333333333334
15644.0,166,4,803.54,550,166,200.885
15645.0,19,3,1055.17,396,59,351.72333333333336
15646.0,158,5,784.8100000000001,821,65,156.96200000000002
15647.0,415,1,169.0,124,11,169.0
15648.0,204,2,639.5,218,23,319.75
15649.0,336,4,1660.35,365,8,415.0875
15650.0,522,2,553.88,210,33,276.94
15651.0,37,5,1259.06,871,52,251.81199999999998
15652.0,91,5,1405.94,657,93,281.188
15653.0,93,2,877.4399999999999,1200,4,438.71999999999997
15654.0,9,2,922.53,475,15,461.265
15655.0,243,1,560.67,324,34,560.67
15656.0,45,4,748.5,343,46,187.125
15657.0,23,1,30.0,24,1,30.0
15658.0,190,8,2117.27,627,79,264.65875
15659.0,44,3,532.49,161,14,177.49666666666667
15660.0,25,15,2603.69,1783,73,173.57933333333332
15661.0,317,8,1215.95,779,27,151.99375
15662.0,661,2,283.73,145,12,141.865
15663.0,106,1,138.14,106,9,138.14
15664.0,51,4,1254.03,530,54,313.5075
15665.0,168,5,3987.07,2777,163,797.414
15666.0,472,2,632.9399999999999,469,62,316.46999999999997
15667.0,40,1,301.32,240,13,301.32
15668.0,218,1,76.32000000000001,72,1,76.32000000000001
15669.0,40,4,684.34,342,31,171.085
15670.0,297,2,325.2,132,19,162.6
15671.0,19,7,2657.13,1699,52,379.59000000000003
15672.0,725,1,45.300000000000004,10,3,45.300000000000004
15673.0,88,9,6204.32,3274,177,689.3688888888888
15674.0,73,13,6948.2300000000005,3648,262,534.4792307692308
15675.0,81,4,542.04,624,32,135.51
15676.0,19,3,3435.76,2252,191,1145.2533333333333
15677.0,49,3,1305.63,675,63,435.21000000000004
15678.0,53,3,1825.94,1022,77,608.6466666666666
15679.0,24,4,781.28,1170,98,195.32
15680.0,9,10,4028.69,2743,155,402.869
15681.0,25,14,2989.7,1392,48,213.54999999999998
15682.0,599,2,318.24,222,25,159.12
15683.0,117,2,524.54,332,25,262.27
15684.0,547,3,173.95,77,9,57.98333333333333
15685.0,450,1,55.980000000000004,36,17,55.980000000000004
15686.0,420,1,90.0,72,1,90.0
15687.0,9,9,2993.1,1310,119,332.56666666666666
15688.0,419,1,190.57,95,26,190.57
15689.0,120,3,521.03,207,20,173.67666666666665
15690.0,4,2,239.76,408,19,119.88
15691.0,252,4,571.3,212,12,142.825
15692.0,28,1,191.04,138,12,191.04
15693.0,659,1,37.5,30,1,37.5
15694.0,1,24,9978.48,2467,55,415.77
15695.0,267,4,1131.04,484,55,282.76
15696.0,33,13,3881.2200000000003,1386,163,298.55538461538464
15697.0,690,1,246.75,127,14,246.75
15698.0,624,1,46.2,60,2,46.2
15699.0,18,1,309.65,113,18,309.65
15700.0,172,2,696.68,357,85,348.34
15701.0,2,4,1529.0,912,193,382.25
15703.0,265,1,211.5,66,5,211.5
15704.0,140,6,3734.6600000000003,1709,129,622.4433333333334
15705.0,201,1,143.1,62,6,143.1
15706.0,64,4,1060.56,321,50,265.14
15707.0,35,4,916.98,594,126,229.245
15708.0,41,9,3887.15,1465,135,431.90555555555557
15709.0,284,2,327.85,169,26,163.925
15710.0,417,1,898.87,641,110,898.87
15711.0,557,2,420.25,199,25,210.125
15712.0,9,12,3472.4100000000003,1277,86,289.3675
15713.0,143,4,839.64,451,48,209.91
15714.0,12,5,783.96,361,45,156.792
15715.0,556,5,658.02,246,33,131.60399999999998
15716.0,146,11,2485.26,1379,188,225.9327272727273
15717.0,234,5,607.0,224,17,121.4
15718.0,540,1,293.79,95,18,293.79
15719.0,33,31,10195.97,5356,449,328.9022580645161
15720.0,24,2,739.22,327,152,369.61
15721.0,12,1,471.40000000000003,388,80,471.40000000000003
15722.0,36,11,5234.0,2279,91,475.8181818181818
15723.0,365,4,930.7,427,108,232.675
15724.0,201,3,310.85,117,17,103.61666666666667
15725.0,15,1,415.25,221,32,415.25
15726.0,390,1,321.91,123,23,321.91
15727.0,17,15,9371.71,5908,426,624.7806666666667
15728.0,380,2,544.6,132,10,272.3
15729.0,213,3,192.55,47,10,64.18333333333334
15730.0,66,5,1726.58,1061,102,345.316
15731.0,554,1,125.3,122,8,125.3
15732.0,212,10,1543.97,1264,53,154.397
15733.0,283,1,162.3,62,10,162.3
15734.0,115,4,2263.3,516,36,565.825
15735.0,421,1,327.68,206,19,327.68
15736.0,435,2,1767.12,1208,95,883.56
15737.0,15,8,1188.1200000000001,597,60,148.51500000000001
15738.0,19,41,13043.32,9030,70,318.12975609756097
15739.0,66,1,449.12,472,8,449.12
15740.0,49,1,154.88,152,9,154.88
15741.0,458,2,208.62,70,11,104.31
15742.0,619,1,156.87,51,41,156.87
15743.0,16,4,775.96,214,59,193.99
15744.0,78,1,34.8,120,3,34.8
15745.0,19,4,1094.59,421,57,273.6475
15746.0,134,1,196.88,178,28,196.88
15747.0,13,9,2499.81,1344,116,277.75666666666666
15748.0,40,3,609.8100000000001,261,34,203.27
15749.0,235,3,44534.3,18028,5,14844.766666666668
15750.0,3,18,6452.991,4281,389,358.4995
15751.0,461,11,1380.44,443,90,125.49454545454546
15752.0,40,9,3924.91,2792,359,436.1011111111111
15753.0,305,1,79.2,144,1,79.2
15754.0,51,9,3037.61,1762,114,337.51222222222225
15755.0,10,17,5993.12,4034,281,352.53647058823526
15756.0,61,4,528.01,241,160,132.0025
15757.0,66,6,2940.36,1757,162,490.06
15758.0,25,1,205.25,47,9,205.25
15759.0,218,7,830.9300000000001,523,10,118.70428571428572
15761.0,443,1,143.05,31,5,143.05
15762.0,65,2,583.75,251,37,291.875
15763.0,32,2,1086.92,271,58,543.46
15764.0,88,8,4503.08,2945,187,562.885
15765.0,667,1,370.63,335,25,370.63
15766.0,64,3,831.06,334,21,277.02
15768.0,116,34,15308.89,4215,437,450.2614705882353
15769.0,7,46,88612.52,49068,26,1926.3591304347826
15770.0,613,1,321.45,67,18,321.45
15771.0,604,3,1006.54,512,26,335.5133333333333
15772.0,418,1,280.88,110,16,280.88
15773.0,6,2,774.52,410,46,387.26
15774.0,69,6,1288.34,465,88,214.72333333333333
15775.0,245,2,150.5,260,9,75.25
15776.0,133,1,241.62,138,18,241.62
15777.0,241,7,1762.61,599,29,251.80142857142854
15778.0,431,1,307.95,101,17,307.95
15779.0,463,2,124.08000000000001,20,8,62.040000000000006
15780.0,184,3,475.28000000000003,220,26,158.42666666666668
15781.0,25,3,345.46,180,20,115.15333333333332
15782.0,10,4,4014.1,1844,51,1003.525
15783.0,11,1,246.3,212,14,246.3
15784.0,468,2,848.3299999999999,381,33,424.16499999999996
15785.0,33,16,5969.93,4479,102,373.120625
15786.0,46,5,8501.62,5957,358,1700.324
15787.0,26,3,933.26,534,156,311.08666666666664
15788.0,509,1,221.82999999999998,115,14,221.82999999999998
15789.0,358,6,1962.01,2499,110,327.00166666666667
15790.0,10,1,218.75,113,34,218.75
15791.0,44,5,3608.34,1970,121,721.668
15792.0,400,2,933.84,606,57,466.92
15793.0,15,8,2399.57,1685,12,299.94625
15794.0,736,2,777.0,288,15,388.5
15795.0,150,8,1979.8700000000001,1411,111,247.48375000000001
15796.0,1,17,5171.63,1733,138,304.21352941176474
15797.0,113,6,2821.08,1281,12,470.18
15798.0,493,3,1535.37,915,73,511.78999999999996
15799.0,76,4,1421.34,1341,143,355.335
15800.0,107,7,1227.07,575,198,175.29571428571427
15801.0,46,3,1063.95,570,61,354.65000000000003
15802.0,143,1,451.42,1,1,451.42
15803.0,51,4,1929.66,1030,48,482.415
15804.0,1,13,4206.39,2565,170,323.5684615384616
15805.0,23,30,10148.93,6205,337,338.29766666666666
15806.0,46,3,784.58,602,24,261.5266666666667
15807.0,50,5,1817.52,1532,85,363.504
15808.0,306,21,17180.25,6753,348,818.1071428571429
15809.0,36,7,1274.44,700,51,182.06285714285715
15810.0,79,8,2999.04,1653,89,374.88
15811.0,22,7,3486.15,1781,205,498.0214285714286
15812.0,107,12,5201.47,3450,87,433.4558333333334
15813.0,208,2,1303.9099999999999,603,40,651.9549999999999
15814.0,17,6,2634.44,1728,83,439.0733333333333
15815.0,64,5,2100.6,1856,33,420.12
15816.0,542,2,144.14999999999998,54,11,72.07499999999999
15817.0,421,3,2766.4,1596,133,922.1333333333333
15818.0,588,1,340.5,284,11,340.5
15819.0,49,10,3934.79,2928,182,393.479
15820.0,320,1,206.98,128,17,206.98
15821.0,44,2,570.96,202,57,285.48
15822.0,3,6,1840.06,950,46,306.6766666666667
15823.0,372,3,3882.17,1774,155,1294.0566666666666
15824.0,453,2,890.94,478,24,445.47
15825.0,172,1,532.94,220,20,532.94
15826.0,56,4,2598.28,1824,100,649.57
15827.0,73,28,3603.14,1715,124,128.6835714285714
15828.0,375,1,1108.82,367,74,1108.82
15829.0,99,2,636.14,996,44,318.07
15830.0,38,1,576.0,415,39,576.0
15831.0,58,3,794.64,1092,63,264.88
15832.0,254,1,836.79,465,54,836.79
15833.0,738,1,80.4,24,5,80.4
15834.0,70,7,3764.39,1815,333,537.77
15835.0,44,4,954.09,439,47,238.5225
15836.0,50,1,137.37,26,10,137.37
15837.0,65,2,777.01,405,52,388.505
15838.0,11,34,73205.5,64114,61,2153.1029411764707
15839.0,33,3,1048.49,675,56,349.49666666666667
15840.0,59,2,355.56,396,26,177.78
15841.0,73,9,2742.41,2391,60,304.7122222222222
15842.0,393,2,548.8,296,24,274.4
15843.0,304,1,118.95000000000002,27,8,118.95000000000002
15844.0,46,1,130.73999999999998,134,11,130.73999999999998
15845.0,18,11,4426.28,2128,129,402.3890909090909
15846.0,385,1,107.01,79,27,107.01
15847.0,38,5,822.57,643,39,164.514
15848.0,622,1,137.99,45,34,137.99
15850.0,19,6,1006.75,1334,269,167.79166666666666
15851.0,527,1,109.73,67,8,109.73
15852.0,187,3,257.26,60,31,85.75333333333333
15853.0,52,1,110.8,135,29,110.8
15854.0,4,21,5578.28,1691,168,265.6323809523809
15855.0,137,6,1052.72,712,72,175.45333333333335
15856.0,4,52,32275.95,19550,384,620.6913461538462
15857.0,19,2,570.48,584,21,285.24
15858.0,16,13,3552.41,2715,273,273.2623076923077
15859.0,432,1,438.46,174,22,438.46
15860.0,41,17,2361.3,1259,249,138.9
15861.0,12,12,4369.2,3837,452,364.09999999999997
15862.0,8,13,2512.29,1520,417,193.25307692307692
15863.0,26,5,355.1,162,74,71.02000000000001
15864.0,22,7,2180.76,1486,18,311.5371428571429
15865.0,41,5,2241.42,1141,119,448.284
15866.0,101,1,211.89,124,43,211.89
15867.0,5,31,8923.3,5067,547,287.84838709677416
15868.0,583,1,94.53,57,4,94.53
15869.0,277,3,321.11,273,29,107.03666666666668
15870.0,33,4,857.46,504,127,214.365
15871.0,437,1,33.099999999999994,5,5,33.099999999999994
15872.0,15,4,729.25,467,164,182.3125
15873.0,500,4,313.91999999999996,1152,3,78.47999999999999
15874.0,64,21,11284.76,5102,262,537.3695238095238
15875.0,646,1,108.52,74,18,108.52
15876.0,409,2,1449.1399999999999,886,11,724.5699999999999
15877.0,2,2,490.33,368,122,245.165
15878.0,562,2,330.77,243,47,165.385
15879.0,404,4,1137.8,639,171,284.45
15880.0,369,1,329.03000000000003,202,95,329.03000000000003
15881.0,312,5,501.39000000000004,260,26,100.278
15882.0,199,8,1124.66,650,49,140.5825
15883.0,2,2,396.48,223,42,198.24
15884.0,432,2,244.60000000000002,152,14,122.30000000000001
15885.0,93,15,1951.82,622,83,130.12133333333333
15886.0,60,4,1052.8700000000001,667,58,263.21750000000003
15887.0,407,3,1027.15,605,27,342.3833333333334
15888.0,81,3,429.16,139,33,143.05333333333334
15889.0,157,8,1427.6,800,256,178.45
15890.0,395,5,535.65,119,10,107.13
15891.0,227,1,511.68,418,60,511.68
15892.0,669,1,128.2,46,38,128.2
15893.0,482,1,305.28000000000003,288,1,305.28000000000003
15894.0,253,2,258.25,164,35,129.125
15895.0,150,1,179.17,94,11,179.17
15897.0,194,2,208.59,223,17,104.295
15898.0,1,25,4996.45,2160,281,199.858
15899.0,369,1,56.25,39,4,56.25
15900.0,24,4,886.5699999999999,656,100,221.64249999999998
15901.0,17,7,687.72,695,145,98.24571428571429
15902.0,380,1,145.01,124,18,145.01
15903.0,10,12,8939.84,3926,58,744.9866666666667
15904.0,8,1,164.68,84,30,164.68
15905.0,543,1,114.69,82,22,114.69
15906.0,20,10,2530.19,749,143,253.019
15907.0,4,3,882.72,478,175,294.24
15908.0,491,2,758.62,173,37,379.31
15909.0,174,1,191.94,98,7,191.94
15910.0,1,15,2661.17,2158,394,177.41133333333335
15911.0,624,8,1700.24,810,162,212.53
15912.0,178,9,1074.7,759,83,119.41111111111111
15913.0,534,1,6.300000000000001,3,1,6.300000000000001
15914.0,378,2,205.99,149,13,102.995
15915.0,402,1,364.45,414,105,364.45
15916.0,16,13,3145.2400000000002,1618,227,241.94153846153847
15917.0,248,5,530.17,248,127,106.03399999999999
15918.0,191,3,582.88,240,49,194.29333333333332
15919.0,20,2,525.69,385,103,262.845
15920.0,154,9,569.14,238,93,63.23777777777778
15921.0,173,4,775.26,335,69,193.815
15922.0,373,1,369.5,138,11,369.5
15923.0,373,1,127.08,122,21,127.08
15924.0,731,1,102.82,103,14,102.82
15925.0,194,1,207.15,93,12,207.15
15926.0,542,1,134.44,155,7,134.44
15927.0,647,1,106.54,66,13,106.54
15928.0,656,1,293.53,164,11,293.53
15929.0,644,1,594.0,120,1,594.0
15930.0,67,1,426.63,139,21,426.63
15931.0,428,1,239.9,118,14,239.9
15932.0,4,8,2495.87,2325,93,311.98375
15933.0,21,3,1107.46,885,63,369.15333333333336
15934.0,418,2,2190.66,2166,29,1095.33
15935.0,239,2,416.86,115,12,208.43
15936.0,379,2,282.79,211,16,141.395
15937.0,64,1,145.35,73,7,145.35
15938.0,112,9,734.81,449,27,81.64555555555555
15939.0,90,16,9060.39,6260,52,566.274375
15940.0,311,1,35.8,4,1,35.8
15941.0,637,1,405.0,60,6,405.0
15942.0,134,1,337.44,232,14,337.44
15943.0,650,2,271.28999999999996,183,12,135.64499999999998
15944.0,277,4,2164.24,859,25,541.06
15945.0,365,4,646.27,345,24,161.5675
15946.0,503,3,2304.18,1614,25,768.06
15947.0,83,1,1708.24,898,29,1708.24
15948.0,8,3,1509.0900000000001,852,63,503.03000000000003
15949.0,17,2,364.72,284,12,182.36
15950.0,32,10,7120.91,3354,225,712.091
15951.0,9,3,1013.17,420,44,337.7233333333333
15952.0,34,4,781.91,391,65,195.4775
15953.0,15,18,3440.3399999999997,1741,102,191.13
15954.0,589,1,190.75,119,20,190.75
15955.0,24,22,8085.9800000000005,3967,222,367.54454545454547
15956.0,551,2,617.6,278,18,308.8
15957.0,32,3,921.25,453,121,307.0833333333333
15958.0,74,4,462.12,154,50,115.53
15959.0,682,3,542.89,269,58,180.96333333333334
15960.0,374,4,410.95,258,24,102.7375
15961.0,379,1,451.28999999999996,154,42,451.28999999999996
15962.0,449,1,289.48,228,43,289.48
15963.0,20,2,470.76,298,26,235.38
15964.0,663,1,269.21000000000004,93,20,269.21000000000004
15965.0,17,13,2771.94,1313,202,213.22615384615386
15966.0,451,1,426.53000000000003,275,27,426.53000000000003
15967.0,23,12,2966.0,1183,316,247.16666666666666
15968.0,388,1,404.55,247,70,404.55
15969.0,3,5,1127.05,223,31,225.41
15970.0,304,2,1017.32,498,19,508.66
15971.0,17,18,5902.83,2251,12,327.935
15972.0,456,5,1769.33,468,104,353.866
15973.0,367,3,680.62,195,8,226.87333333333333
15974.0,39,7,3442.15,2262,141,491.7357142857143
15975.0,84,1,371.01,243,24,371.01
15976.0,165,6,1694.41,1053,265,282.4016666666667
15977.0,17,2,1054.73,1016,48,527.365
15978.0,77,3,3279.42,2444,107,1093.14
15979.0,603,1,329.22,450,22,329.22
15980.0,89,7,6543.68,4822,101,934.8114285714286
15981.0,25,21,9362.77,4827,151,445.8461904761905
15982.0,605,1,324.51,131,45,324.51
15983.0,22,8,3110.37,1872,137,388.79625
15984.0,3,30,8393.02,5730,458,279.76733333333334
15985.0,123,7,2715.28,2750,50,387.8971428571429
15986.0,30,2,354.42,368,25,177.21
15987.0,12,8,1535.99,1599,143,191.99875
15988.0,19,3,738.89,476,114,246.29666666666665
15989.0,376,2,368.31,169,81,184.155
15990.0,44,7,1997.75,1086,117,285.39285714285717
15991.0,534,1,150.55,41,6,150.55
15992.0,4,3,896.6,514,53,298.8666666666667
15993.0,9,7,2777.67,2037,335,396.81
15994.0,55,3,1175.68,462,93,391.8933333333334
15995.0,414,1,694.54,352,108,694.54
15996.0,88,7,1386.4,643,140,198.05714285714288
15998.0,37,16,8274.14,5350,682,517.13375
15999.0,736,1,20.4,24,1,20.4
16000.0,3,3,12393.7,5110,9,4131.233333333334
16001.0,381,1,583.39,337,29,583.39
16002.0,625,1,169.21,70,42,169.21
16003.0,30,10,5613.83,2210,146,561.383
16004.0,475,5,2146.39,1076,63,429.27799999999996
16005.0,12,10,2365.4900000000002,1269,315,236.54900000000004
16006.0,211,2,332.82,205,75,166.41
16007.0,48,7,3053.06,2631,337,436.15142857142854
16008.0,24,15,5339.13,3237,63,355.942
16009.0,22,4,972.11,366,68,243.0275
16010.0,246,11,1694.86,919,122,154.0781818181818
16011.0,8,29,5601.01,3323,181,193.13827586206898
16012.0,35,5,2978.59,1760,207,595.7180000000001
16013.0,4,84,56078.44,25520,54,667.6004761904762
16014.0,38,5,1100.28,462,219,220.05599999999998
16015.0,4,3,704.55,907,146,234.85
16016.0,3,11,2083.4,881,181,189.4
16017.0,47,5,1545.58,635,99,309.116
16018.0,39,4,698.13,503,48,174.5325
16019.0,47,27,17329.16,6959,256,641.8207407407407
16020.0,17,3,851.01,487,42,283.67
16021.0,395,2,487.03,276,117,243.515
16022.0,260,1,602.63,255,68,602.63
16023.0,46,3,719.81,358,90,239.93666666666664
16024.0,12,3,483.99,504,78,161.33
16025.0,30,1,439.65999999999997,338,28,439.65999999999997
16026.0,43,1,236.09,243,30,236.09
16027.0,92,15,2048.36,2099,20,136.55733333333333
16028.0,596,1,82.2,18,5,82.2
16029.0,39,107,117763.62,54450,57,1100.5945794392524
16030.0,310,1,331.24,283,28,331.24
16031.0,92,2,547.9,421,91,273.95
16032.0,456,6,1965.72,1467,130,327.62
16033.0,6,27,10608.81,4200,605,392.9188888888889
16034.0,196,6,911.3199999999999,585,43,151.88666666666666
16035.0,560,1,217.73,33,21,217.73
16036.0,87,4,2556.84,1369,120,639.21
16037.0,270,5,1509.34,766,62,301.868
16038.0,8,3,471.78000000000003,244,24,157.26000000000002
16039.0,424,2,456.4,409,27,228.2
16040.0,65,7,2416.9,1185,95,345.2714285714286
16041.0,31,3,3166.4,1584,6,1055.4666666666667
16042.0,22,8,2245.32,1430,88,280.665
16043.0,37,8,1856.5900000000001,1011,56,232.07375000000002
16044.0,435,1,340.84000000000003,170,19,340.84000000000003
16045.0,120,8,3434.9300000000003,2108,111,429.36625000000004
16046.0,562,1,235.78,248,22,235.78
16048.0,373,4,818.7900000000001,425,30,204.69750000000002
16049.0,40,6,1852.15,1132,383,308.69166666666666
16050.0,174,3,300.7,388,19,100.23333333333333
16051.0,682,1,188.44,80,12,188.44
16052.0,54,1,362.06,282,34,362.06
16053.0,33,6,3634.84,3067,169,605.8066666666667
16054.0,145,4,2111.88,791,109,527.97
16055.0,221,1,134.8,22,8,134.8
16056.0,45,1,650.75,345,66,650.75
16057.0,16,10,3854.85,1691,175,385.485
16058.0,406,1,62.7,18,2,62.7
16059.0,66,12,3053.57,1431,233,254.46416666666667
16060.0,401,3,541.95,243,22,180.65
16061.0,431,1,89.65,19,3,89.65
16062.0,10,8,2863.45,2035,134,357.93125
16063.0,260,1,335.32,262,23,335.32
16064.0,725,1,109.31,55,17,109.31
16065.0,365,8,1992.13,1207,214,249.01625
16066.0,17,5,1521.04,935,77,304.20799999999997
16067.0,563,3,3269.11,1236,60,1089.7033333333334
16068.0,594,1,115.73,48,34,115.73
16069.0,418,1,457.7,138,25,457.7
16070.0,22,2,852.15,457,32,426.075
16071.0,45,4,1076.8,697,62,269.2
16072.0,288,4,4180.09,1580,414,1045.0225
16073.0,297,1,122.39999999999999,48,1,122.39999999999999
16074.0,390,1,252.5,38,23,252.5
16075.0,503,2,736.9300000000001,271,41,368.46500000000003
16076.0,3,10,2234.73,1435,71,223.473
16077.0,626,1,2300.4,840,8,2300.4
16078.0,284,2,362.99,200,39,181.495
16079.0,17,3,1352.0,864,18,450.6666666666667
16080.0,82,4,602.5600000000001,298,29,150.64000000000001
16081.0,56,8,4278.96,2177,235,534.87
16082.0,670,1,106.75,39,16,106.75
16083.0,101,4,2351.42,1514,61,587.855
16084.0,299,1,436.18,216,38,436.18
16085.0,23,12,2341.03,1382,259,195.08583333333334
16086.0,59,10,2687.73,1450,66,268.773
16087.0,389,5,1739.92,664,6,347.98400000000004
16088.0,576,2,1437.43,373,3,718.715
16089.0,386,2,263.49,119,42,131.745
16090.0,624,1,180.56,58,18,180.56
16091.0,155,2,315.06,154,16,157.53
16092.0,115,6,1587.94,1188,60,264.6566666666667
16093.0,107,1,17.0,20,1,17.0
16094.0,12,11,3695.56,2020,101,335.96
16095.0,456,1,447.05,265,30,447.05
16096.0,264,4,1584.97,700,58,396.2425
16097.0,240,1,185.04999999999998,87,10,185.04999999999998
16098.0,88,14,4010.7,2008,83,286.4785714285714
16099.0,50,7,1573.2,960,44,224.74285714285716
16100.0,463,1,582.64,438,37,582.64
16101.0,71,4,3229.16,1844,153,807.29
16102.0,42,3,1842.14,942,41,614.0466666666667
16103.0,7,22,6191.71,2639,111,281.44136363636363
16104.0,62,9,2774.46,1047,187,308.2733333333333
16105.0,249,5,2386.19,2125,92,477.238
16106.0,66,1,108.38,74,6,108.38
16107.0,18,7,3204.1600000000003,1176,16,457.7371428571429
16108.0,85,4,2235.92,1473,124,558.98
16109.0,219,3,939.48,1092,30,313.16
16110.0,45,4,1781.59,880,343,445.3975
16111.0,428,1,549.33,233,72,549.33
16112.0,143,4,195.73999999999998,574,15,48.934999999999995
16113.0,183,1,161.38,176,30,161.38
16114.0,171,1,135.75000000000003,43,8,135.75000000000003
16115.0,10,12,2553.8,1589,230,212.8166666666667
16116.0,212,1,612.78,248,34,612.78
16117.0,190,3,654.4,321,64,218.13333333333333
16118.0,653,1,4376.25,2851,41,4376.25
16119.0,8,8,1720.81,811,37,215.10125
16120.0,59,6,2967.51,2161,84,494.58500000000004
16121.0,57,5,1450.04,879,256,290.008
16122.0,73,6,895.62,1280,28,149.27
16123.0,52,1,307.78,170,16,307.78
16124.0,317,4,1772.49,797,63,443.1225
16125.0,367,14,4292.35,1819,168,306.5964285714286
16126.0,29,15,14644.6,6140,144,976.3066666666667
16127.0,39,2,801.31,391,75,400.655
16128.0,18,11,3801.05,2445,155,345.55
16129.0,407,3,1396.05,1261,91,465.34999999999997
16130.0,422,4,987.48,296,53,246.87
16131.0,52,12,9957.42,4768,131,829.785
16132.0,544,2,664.1999999999999,280,14,332.09999999999997
16133.0,4,56,22992.260000000002,13653,303,410.5760714285715
16134.0,22,5,2145.34,1637,85,429.06800000000004
16135.0,263,2,819.45,395,35,409.725
16136.0,60,4,946.8,674,44,236.7
16137.0,680,1,422.7,210,28,422.7
16138.0,379,3,910.35,774,35,303.45
16139.0,19,5,1111.15,602,47,222.23000000000002
16140.0,66,3,1433.46,1272,50,477.82
16141.0,88,2,955.94,410,47,477.97
16142.0,250,1,535.34,422,37,535.34
16143.0,3,12,4555.08,1866,107,379.59
16144.0,247,1,175.2,16,1,175.2
16145.0,9,19,6805.4400000000005,5270,217,358.18105263157895
16146.0,157,4,946.38,544,34,236.595
16147.0,134,5,2398.91,1395,113,479.782
16148.0,296,2,386.62,250,9,193.31
16149.0,5,3,422.22,598,30,140.74
16150.0,43,10,4002.17,1990,143,400.217
16152.0,269,1,1829.04,642,29,1829.04
16153.0,50,11,5133.49,3693,161,466.6809090909091
16155.0,382,5,796.9,495,45,159.38
16156.0,9,20,6188.18,3205,199,309.409
16157.0,16,3,656.69,347,12,218.89666666666668
16158.0,522,9,628.32,182,29,69.81333333333333
16159.0,282,4,1232.79,635,31,308.1975
16160.0,65,2,1025.44,1162,20,512.72
16161.0,2,43,12580.06,6255,458,292.5595348837209
16162.0,252,1,37.4,4,2,37.4
16163.0,232,6,2407.98,676,59,401.33
16164.0,17,3,822.48,433,27,274.16
16165.0,505,1,79.9,2,1,79.9
16166.0,428,2,435.83,173,18,217.915
16167.0,414,5,1386.1200000000001,1494,51,277.22400000000005
16168.0,11,66,10360.67,4975,131,156.97984848484847
16169.0,8,4,1822.97,1325,71,455.7425
16170.0,51,20,6869.0,6056,254,343.45
16171.0,59,1,73.2,24,3,73.2
16172.0,95,8,1884.55,1419,81,235.56875
16173.0,16,6,1418.32,575,70,236.38666666666666
16174.0,126,7,2246.75,1431,28,320.9642857142857
16175.0,94,7,1836.44,932,59,262.34857142857146
16176.0,421,4,2052.69,952,53,513.1725
16177.0,50,8,2247.31,1021,79,280.91375
16178.0,138,2,612.6,304,24,306.3
16179.0,61,1,215.83,99,11,215.83
16180.0,100,13,16249.87,9813,171,1249.99
16181.0,73,1,305.54,152,11,305.54
16182.0,72,9,9971.65,5887,20,1107.961111111111
16183.0,67,4,1077.81,351,32,269.4525
16184.0,64,6,1158.79,561,26,193.13166666666666
16185.0,17,3,644.72,321,39,214.90666666666667
16186.0,23,26,8718.43,6594,172,335.3242307692308
16187.0,32,15,6911.4400000000005,5048,160,460.7626666666667
16188.0,45,5,1087.66,838,72,217.532
16189.0,16,2,215.48,134,9,107.74
16190.0,40,8,2723.55,1231,89,340.44375
16191.0,3,24,15677.82,9348,113,653.2425
16192.0,736,1,351.3,208,11,351.3
16193.0,237,2,630.43,379,38,315.215
16194.0,375,1,308.59999999999997,140,8,308.59999999999997
16195.0,723,1,323.25,123,16,323.25
16196.0,489,1,93.3,26,4,93.3
16197.0,469,9,2016.71,1420,52,224.07888888888888
16198.0,75,2,1030.0410000000002,384,31,515.0205000000001
16199.0,392,7,942.75,321,2,134.67857142857142
16200.0,4,12,5608.1,3068,361,467.3416666666667
16201.0,3,5,2112.12,1421,86,422.424
16202.0,361,9,2501.9900000000002,1307,105,277.9988888888889
16203.0,59,6,943.84,537,56,157.30666666666667
16204.0,23,3,918.71,671,86,306.2366666666667
16205.0,31,7,1820.1100000000001,1452,147,260.0157142857143
16206.0,55,13,2589.87,1379,187,199.22076923076924
16207.0,25,1,394.38,140,19,394.38
16208.0,45,10,3440.45,1541,180,344.04499999999996
16209.0,89,9,4146.78,1895,51,460.75333333333333
16210.0,2,35,33750.97,12397,145,964.3134285714286
16211.0,89,3,1090.59,519,35,363.53
16212.0,19,4,1293.71,571,71,323.4275
16213.0,79,1,159.0,48,6,159.0
16214.0,171,4,2038.25,1308,84,509.5625
16215.0,81,1,242.35,104,14,242.35
16216.0,267,1,914.9300000000001,254,37,914.9300000000001
16217.0,235,2,304.25,91,13,152.125
16218.0,30,13,3968.67,2799,82,305.2823076923077
16219.0,501,1,40.8,48,1,40.8
16221.0,37,9,2019.92,1449,177,224.43555555555557
16222.0,318,2,1272.05,463,133,636.025
16223.0,375,2,1087.05,643,101,543.525
16224.0,57,5,1616.54,1555,107,323.308
16225.0,45,15,2859.31,1281,189,190.62066666666666
16226.0,203,5,672.1700000000001,521,23,134.43400000000003
16227.0,225,3,1027.22,436,28,342.4066666666667
16228.0,385,3,885.71,555,45,295.2366666666667
16229.0,87,6,2867.86,1292,144,477.9766666666667
16230.0,190,2,542.03,365,32,271.015
16231.0,379,4,1074.47,563,69,268.6175
16232.0,44,7,2712.97,1849,60,387.5671428571428
16233.0,71,9,1818.31,677,49,202.03444444444443
16234.0,476,3,333.18,170,13,111.06
16235.0,41,9,2053.71,788,80,228.19
16236.0,78,1,432.2,184,20,432.2
16237.0,437,1,136.65,57,7,136.65
16238.0,423,1,63.66,85,6,63.66
16239.0,57,6,1492.2,692,24,248.70000000000002
16240.0,24,2,3718.8,1641,126,1859.4
16241.0,10,16,3992.86,2258,500,249.55375
16242.0,8,14,7404.65,3921,348,528.9035714285714
16243.0,34,2,409.1,110,49,204.55
16244.0,212,2,1522.75,855,88,761.375
16245.0,24,3,1413.66,1014,80,471.22
16246.0,460,2,821.35,336,79,410.675
16247.0,170,1,114.56,182,16,114.56
16248.0,62,1,152.94,78,7,152.94
16249.0,53,5,1800.07,950,67,360.014
16250.0,261,3,565.24,268,29,188.41333333333333
16251.0,512,1,128.31,44,20,128.31
16252.0,383,1,295.09000000000003,158,21,295.09000000000003
16253.0,67,7,7272.2,6030,218,1038.8857142857144
16254.0,378,3,967.44,543,65,322.48
16255.0,17,15,4530.0,2876,231,302.0
16256.0,267,3,1629.37,1590,27,543.1233333333333
16257.0,177,1,46.95,2,2,46.95
16258.0,45,15,11942.52,7200,253,796.168
16259.0,410,3,340.94,143,75,113.64666666666666
16260.0,51,1,1035.45,311,18,1035.45
16261.0,17,6,1041.16,454,118,173.52666666666667
16262.0,378,1,755.15,446,46,755.15
16263.0,423,1,348.16,197,19,348.16
16264.0,438,2,823.53,616,62,411.765
16265.0,9,12,6935.17,3214,192,577.9308333333333
16266.0,74,14,1757.95,791,73,125.56785714285715
16267.0,591,1,186.66,198,7,186.66
16268.0,71,2,667.65,533,45,333.825
16269.0,438,1,717.57,579,53,717.57
16270.0,353,1,1141.24,688,54,1141.24
16271.0,3,10,3397.82,2359,176,339.78200000000004
16272.0,117,1,411.7,224,25,411.7
16273.0,648,2,318.34000000000003,40,15,159.17000000000002
16274.0,373,1,351.75,153,64,351.75
16275.0,197,3,2151.11,1268,105,717.0366666666667
16276.0,177,3,2629.3900000000003,1467,20,876.4633333333335
16277.0,734,1,188.69,33,23,188.69
16278.0,100,3,1117.84,342,50,372.6133333333333
16279.0,21,9,5698.28,3683,243,633.1422222222222
16280.0,725,1,238.05,101,16,238.05
16281.0,72,3,3424.02,1570,27,1141.34
16282.0,340,3,1307.58,790,31,435.85999999999996
16283.0,6,8,4350.32,2867,385,543.79
16284.0,31,3,1018.48,674,108,339.49333333333334
16285.0,646,1,176.9,60,31,176.9
16286.0,477,2,328.95,101,17,164.475
16287.0,170,5,1006.98,1426,18,201.39600000000002
16288.0,470,1,129.85,19,7,129.85
16289.0,462,1,136.31,97,21,136.31
16290.0,465,4,1957.7,957,85,489.425
16292.0,122,5,1253.76,688,51,250.752
16293.0,22,15,4279.2,1833,168,285.28
16294.0,477,1,126.05000000000001,54,8,126.05000000000001
16295.0,10,4,1328.55,841,70,332.1375
16296.0,626,4,1313.67,645,56,328.4175
16297.0,269,1,301.9,206,20,301.9
16298.0,23,7,1085.7,308,32,155.1
16299.0,477,1,193.65,107,12,193.65
16300.0,430,3,1367.32,643,190,455.7733333333333
16301.0,737,1,107.33,41,6,107.33
16302.0,127,1,233.22,158,11,233.22
16303.0,26,7,7928.27,3859,156,1132.6100000000001
16304.0,695,1,381.66,228,25,381.66
16305.0,139,1,361.21999999999997,256,22,361.21999999999997
16306.0,214,7,1124.72,712,55,160.67428571428573
16307.0,429,3,1194.92,1123,69,398.3066666666667
16308.0,38,7,5120.0,16000,1,731.4285714285714
16309.0,106,2,706.57,467,39,353.285
16310.0,414,2,460.08,270,26,230.04
16311.0,18,2,616.26,394,35,308.13
16312.0,432,1,171.15,53,10,171.15
16313.0,3,2,274.15000000000003,165,16,137.07500000000002
16314.0,390,3,1491.4,636,58,497.1333333333334
16315.0,331,2,402.71,143,21,201.355
16316.0,64,13,5744.91,3057,193,441.91615384615386
16317.0,120,5,2192.51,1236,103,438.50200000000007
16318.0,35,1,328.15,199,19,328.15
16319.0,218,1,404.40000000000003,72,3,404.40000000000003
16322.0,1,2,326.75,231,28,163.375
16323.0,196,2,353.66,146,4,176.83
16324.0,128,3,408.59000000000003,270,100,136.1966666666667
16325.0,47,12,3597.5,2464,104,299.7916666666667
16326.0,6,24,4721.25,1083,243,196.71875
16327.0,14,16,10159.64,8124,289,634.9775
16328.0,563,1,310.83,141,16,310.83
16329.0,428,4,1664.92,797,83,416.23
16330.0,18,7,625.38,326,105,89.34
16331.0,432,6,2037.7,756,33,339.6166666666667
16332.0,28,11,2000.01,1128,158,181.8190909090909
16333.0,8,22,26626.8,32184,9,1210.3090909090909
16334.0,492,1,263.73,206,54,263.73
16335.0,552,7,2753.52,1004,193,393.36
16336.0,421,4,3517.69,1473,64,879.4225
16337.0,37,1,151.05,87,10,151.05
16338.0,157,1,214.79999999999998,94,11,214.79999999999998
16339.0,284,1,94.05,21,17,94.05
16340.0,107,3,1496.24,1319,277,498.74666666666667
16341.0,25,7,3850.79,3022,103,550.1128571428571
16342.0,75,4,322.41,157,10,80.6025
16343.0,16,3,614.12,345,54,204.70666666666668
16344.0,158,4,842.42,706,43,210.605
16345.0,44,2,1178.79,611,95,589.395
16346.0,385,1,224.51,289,15,224.51
16347.0,11,11,3442.96,1715,209,312.99636363636364
16348.0,32,8,1744.42,1164,180,218.0525
16349.0,291,1,53.5,9,9,53.5
16350.0,21,9,2253.89,1077,72,250.4322222222222
16351.0,333,13,3330.0299999999997,2165,124,256.1561538461538
16352.0,18,2,494.44,300,28,247.22
16353.0,4,38,9795.460000000001,3483,76,257.77526315789476
16354.0,63,5,1119.46,592,116,223.892
16355.0,375,1,416.35,179,47,416.35
16356.0,198,6,415.87,190,27,69.31166666666667
16357.0,33,4,868.37,389,43,217.0925
16358.0,1,5,2919.65,2065,118,583.9300000000001
16359.0,7,16,2697.75,1764,78,168.609375
16360.0,5,6,3450.41,2110,365,575.0683333333333
16361.0,10,4,891.21,418,87,222.8025
16362.0,32,6,922.16,467,67,153.69333333333333
16363.0,53,1,109.36000000000001,52,5,109.36000000000001
16364.0,12,2,705.79,279,48,352.895
16365.0,18,15,3167.34,1034,97,211.156
16366.0,19,4,1548.1299999999999,882,74,387.03249999999997
16367.0,37,3,1350.48,1103,196,450.16
16368.0,2,3,621.44,307,74,207.14666666666668
16369.0,18,7,2656.56,1589,115,379.50857142857143
16370.0,82,4,1301.91,640,143,325.4775
16371.0,449,1,157.2,108,11,157.2
16372.0,33,5,1290.31,722,271,258.062
16373.0,382,2,309.49,119,25,154.745
16374.0,66,5,1723.4,771,276,344.68
16375.0,470,2,104.0,74,11,52.0
16376.0,9,2,974.96,691,104,487.48
16377.0,267,2,1308.48,2928,6,654.24
16378.0,247,3,362.95,267,22,120.98333333333333
16379.0,4,4,2157.4,1410,87,539.35
16380.0,61,1,1743.1499999999999,1428,28,1743.1499999999999
16381.0,396,2,247.85,108,60,123.925
16382.0,408,2,353.1,167,42,176.55
16383.0,75,7,2896.69,1596,239,413.8128571428571
16384.0,90,4,1358.95,861,80,339.7375
16385.0,60,5,881.35,476,94,176.27
16386.0,29,3,1068.16,700,127,356.05333333333334
16387.0,323,5,882.46,448,68,176.49200000000002
16388.0,654,1,186.05,83,13,186.05
16389.0,53,4,1382.07,1242,33,345.5175
16390.0,537,3,467.5,122,16,155.83333333333334
16391.0,401,4,1052.26,715,261,263.065
16392.0,270,3,756.7,604,125,252.23333333333335
16393.0,2,23,5297.77,3001,313,230.33782608695654
16394.0,57,5,1555.34,2604,61,311.068
16395.0,60,14,3518.41,2901,416,251.315
16396.0,476,1,137.8,80,8,137.8
16397.0,628,1,123.13,43,9,123.13
16398.0,154,2,1705.8,758,75,852.9
16399.0,19,3,630.22,452,97,210.07333333333335
16400.0,95,9,3059.85,2066,214,339.98333333333335
16401.0,1,23,6849.15,6035,110,297.7891304347826
16402.0,265,2,293.45,146,55,146.725
16403.0,312,1,177.5,114,10,177.5
16404.0,70,1,443.05,157,23,443.05
16405.0,302,2,167.25,187,3,83.625
16406.0,19,3,528.36,257,135,176.12
16407.0,13,14,2761.65,1448,120,197.2607142857143
16408.0,591,1,231.93,227,45,231.93
16409.0,36,12,5652.74,3664,335,471.06166666666667
16410.0,734,1,130.32,348,5,130.32
16411.0,19,4,756.39,461,139,189.0975
16412.0,54,5,593.19,288,84,118.638
16413.0,57,2,522.03,283,55,261.015
16414.0,22,5,551.21,201,58,110.242
16415.0,44,3,696.76,508,120,232.25333333333333
16416.0,26,9,2957.88,2198,146,328.65333333333336
16417.0,493,1,35.7,6,1,35.7
16418.0,45,5,1028.74,564,121,205.748
16419.0,113,8,1463.7,701,62,182.9625
16420.0,396,1,75.0,120,2,75.0
16421.0,376,3,526.27,123,35,175.42333333333332
16422.0,17,109,61920.87,64225,111,568.081376146789
16423.0,25,1,346.12,230,18,346.12
16424.0,191,2,443.06,212,10,221.53
16425.0,302,1,302.7,199,21,302.7
16426.0,2,10,1863.76,1215,211,186.376
16427.0,263,2,241.06,156,8,120.53
16428.0,414,3,638.49,575,121,212.83
16429.0,106,1,284.55,9,2,284.55
16430.0,57,7,1117.94,307,19,159.7057142857143
16431.0,213,3,623.28,442,51,207.76
16432.0,64,1,287.4,276,8,287.4
16433.0,28,2,384.52,214,33,192.26
16434.0,29,12,2673.69,1310,126,222.8075
16435.0,512,3,1003.0699999999999,608,119,334.3566666666666
16436.0,668,3,319.14,227,37,106.38
16437.0,381,2,301.25,197,17,150.625
16438.0,6,5,798.35,463,74,159.67000000000002
16439.0,722,1,310.70000000000005,74,9,310.70000000000005
16440.0,8,6,3856.9700000000003,2108,202,642.8283333333334
16441.0,67,5,1019.13,478,67,203.826
16442.0,2,5,891.98,580,226,178.39600000000002
16443.0,521,1,162.24,96,1,162.24
16444.0,46,17,3625.88,1945,217,213.2870588235294
16445.0,34,4,583.16,287,143,145.79
16446.0,1,2,168472.5,80997,3,84236.25
16447.0,136,3,727.1,315,59,242.36666666666667
16448.0,198,2,361.12,176,45,180.56
16449.0,198,2,707.69,367,40,353.845
16450.0,150,3,1505.73,681,36,501.91
16451.0,88,3,1013.15,524,61,337.71666666666664
16452.0,631,2,332.17,199,14,166.085
16453.0,531,2,251.71,139,15,125.855
16454.0,45,4,30.950000000000003,9,4,7.737500000000001
16455.0,64,11,3995.57,2851,111,363.2336363636364
16456.0,99,13,6000.94,3296,226,461.6107692307692
16457.0,218,1,208.36,140,9,208.36
16458.0,3,30,5690.89,3395,91,189.69633333333334
16459.0,730,1,71.78999999999999,59,5,71.78999999999999
16460.0,28,3,811.23,876,128,270.41
16461.0,178,3,1545.83,933,223,515.2766666666666
16462.0,74,3,136.0,16,1,45.333333333333336
16463.0,21,4,1422.4,1163,74,355.6
16464.0,20,3,1298.66,952,152,432.8866666666667
16465.0,421,2,746.24,504,45,373.12
16466.0,34,15,3767.09,1777,207,251.13933333333335
16467.0,509,7,2869.16,7384,14,409.88
16468.0,74,3,787.52,371,38,262.50666666666666
16469.0,24,5,803.9,332,167,160.78
16470.0,52,11,2416.85,1335,286,219.71363636363637
16471.0,275,4,1189.98,670,48,297.495
16472.0,434,2,789.6,252,39,394.8
16473.0,165,4,470.83,296,26,117.7075
16474.0,7,7,1810.65,909,237,258.6642857142857
16475.0,88,4,544.3,319,23,136.075
16476.0,432,1,350.35,187,24,350.35
16477.0,64,11,4094.37,2507,177,372.2154545454545
16478.0,25,3,331.0,224,15,110.33333333333333
16479.0,10,2,300.83,102,35,150.415
16480.0,76,1,769.29,455,51,769.29
16481.0,682,1,453.38,201,16,453.38
16482.0,16,1,220.62,346,18,220.62
16483.0,192,1,139.35,44,19,139.35
16484.0,174,2,404.3,200,25,202.15
16485.0,77,5,2287.19,1153,126,457.438
16486.0,538,1,134.36,24,7,134.36
16487.0,577,2,209.4,163,28,104.7
16488.0,33,3,498.8,728,28,166.26666666666668
16489.0,380,2,303.7,38,4,151.85
16490.0,436,1,205.41000000000003,113,13,205.41000000000003
16491.0,47,2,1533.16,1060,86,766.58
16492.0,541,1,385.56,235,23,385.56
16493.0,80,7,2132.09,1988,77,304.5842857142857
16494.0,297,1,826.53,675,47,826.53
16495.0,3,3,648.26,328,78,216.08666666666667
16496.0,9,6,2330.77,1764,120,388.46166666666664
16497.0,50,23,6695.28,3050,239,291.0991304347826
16498.0,161,2,100.97,45,15,50.485
16499.0,360,8,2578.34,1364,104,322.2925
16500.0,5,9,843.9100000000001,386,24,93.76777777777778
16501.0,383,1,1191.23,628,181,1191.23
16502.0,620,2,258.55,220,41,129.275
16503.0,107,11,3614.34,1535,161,328.5763636363636
16504.0,25,1,465.88,510,76,465.88
16505.0,32,1,777.6,576,4,777.6
16506.0,20,2,90.30000000000001,42,3,45.150000000000006
16507.0,572,1,142.71,111,37,142.71
16508.0,630,1,240.95,103,42,240.95
16509.0,297,1,363.7,64,13,363.7
16510.0,372,6,1777.5,930,94,296.25
16511.0,22,6,1760.49,769,235,293.415
16513.0,5,4,874.59,407,33,218.6475
16515.0,52,10,3179.06,1573,184,317.906
16516.0,30,1,101.69999999999999,58,6,101.69999999999999
16517.0,277,1,162.7,96,17,162.7
16518.0,61,4,959.37,524,61,239.8425
16519.0,25,4,439.06,150,32,109.765
16520.0,186,6,2148.38,1045,251,358.06333333333333
16521.0,415,3,1140.11,1014,212,380.03666666666663
16522.0,436,2,433.36,212,16,216.68
16523.0,2,28,11916.33,4979,180,425.5832142857143
16524.0,446,2,306.19,259,50,153.095
16525.0,2,48,24151.3,14430,115,503.15208333333334
16526.0,172,2,717.21,279,30,358.605
16527.0,81,2,1232.94,708,66,616.47
16528.0,4,1,244.41,171,17,244.41
16529.0,190,4,1986.8,739,87,496.7
16530.0,668,1,48.349999999999994,17,3,48.349999999999994
16531.0,22,11,2298.33,1863,109,208.9390909090909
16532.0,18,5,8756.64,2544,2,1751.328
16533.0,19,3,1082.81,611,112,360.93666666666667
16534.0,642,1,635.9,168,36,635.9
16535.0,5,3,972.04,664,67,324.0133333333333
16536.0,110,1,548.12,250,49,548.12
16537.0,641,1,23.35,59,3,23.35
16538.0,541,3,395.07,254,35,131.69
16539.0,3,10,3289.66,1014,83,328.966
16540.0,414,1,205.75,105,25,205.75
16541.0,735,1,424.03,173,38,424.03
16542.0,54,2,257.32,142,13,128.66
16543.0,592,1,292.21,317,18,292.21
16544.0,520,4,376.70000000000005,150,8,94.17500000000001
16545.0,165,2,689.82,322,6,344.91
16546.0,291,5,5307.07,4211,75,1061.414
16547.0,546,1,104.25999999999999,108,25,104.25999999999999
16548.0,599,1,30.15,6,6,30.15
16549.0,10,34,12781.8,7087,836,375.93529411764706
16550.0,109,18,8813.58,5405,274,489.6433333333333
16551.0,96,7,2237.12,2076,67,319.5885714285714
16552.0,243,2,379.73,219,17,189.865
16553.0,163,33,16584.01,16427,195,502.54575757575753
16554.0,42,8,2841.72,1346,108,355.215
16555.0,35,6,1915.68,1816,59,319.28000000000003
16556.0,67,17,8012.58,4353,280,471.32823529411763
16557.0,24,2,281.85,111,11,140.925
16558.0,1,38,13304.11,7813,383,350.10815789473685
16559.0,397,1,175.0,61,17,175.0
16560.0,27,8,3048.38,1603,140,381.0475
16561.0,6,2,511.12,244,29,255.56
16562.0,477,1,223.85999999999999,264,34,223.85999999999999
16563.0,54,6,4412.56,2584,55,735.4266666666667
16564.0,569,1,87.8,40,5,87.8
16565.0,364,4,773.05,211,7,193.2625
16566.0,15,5,614.66,362,14,122.93199999999999
16567.0,194,2,865.6,996,34,432.8
16568.0,428,2,1020.9000000000001,366,5,510.45000000000005
16569.0,3,5,1455.23,988,27,291.046
16570.0,15,20,7434.31,4292,114,371.7155
16571.0,27,10,4248.74,3703,151,424.87399999999997
16572.0,127,3,1009.6,532,40,336.53333333333336
16573.0,85,2,663.61,360,40,331.805
16574.0,71,3,1301.78,1002,86,433.9266666666667
16576.0,420,2,540.87,323,32,270.435
16577.0,667,1,380.0,142,23,380.0
16578.0,626,1,156.6,108,9,156.6
16579.0,426,1,295.05,119,14,295.05
16581.0,183,1,105.84,134,9,105.84
16582.0,113,1,313.62,164,6,313.62
16583.0,374,2,297.95,153,18,148.975
16584.0,80,5,3156.17,1913,61,631.234
16585.0,594,2,341.59,151,16,170.795
16586.0,249,3,1462.78,348,27,487.5933333333333
16587.0,232,1,225.15,71,13,225.15
16588.0,386,4,1361.28,882,64,340.32
16589.0,71,4,612.36,536,39,153.09
16590.0,401,2,605.9,240,26,302.95
16591.0,69,1,213.5,41,10,213.5
16592.0,4,28,7807.91,5504,221,278.8539285714286
16593.0,51,8,1071.1399999999999,377,57,133.89249999999998
16594.0,75,1,181.09,64,53,181.09
16595.0,61,5,1757.75,1331,337,351.55
16596.0,16,4,458.98,180,23,114.745
16597.0,4,1,90.04,184,7,90.04
16598.0,286,1,145.04999999999998,73,10,145.04999999999998
16599.0,386,1,172.8,159,12,172.8
16600.0,4,13,2153.41,2420,106,165.64692307692306
16601.0,41,3,677.0,391,60,225.66666666666666
16602.0,36,2,763.33,429,37,381.665
16603.0,75,2,482.47,480,34,241.235
16604.0,563,2,432.45,175,10,216.225
16605.0,724,1,60.48,144,1,60.48
16606.0,404,2,357.66,148,16,178.83
16607.0,18,25,5706.87,4436,212,228.2748
16608.0,454,2,1286.6200000000001,612,94,643.3100000000001
16609.0,15,7,5493.46,2420,155,784.78
16610.0,219,1,75.66,66,6,75.66
16611.0,186,6,1785.13,874,86,297.5216666666667
16612.0,33,9,3245.43,1419,105,360.6033333333333
16613.0,70,1,618.59,293,30,618.59
16614.0,183,3,1179.79,349,37,393.2633333333333
16615.0,626,1,291.5,211,19,291.5
16616.0,15,2,500.42,370,31,250.21
16617.0,236,1,151.85,91,5,151.85
16618.0,31,5,2647.59,1363,79,529.518
16619.0,264,4,1938.33,1055,103,484.5825
16620.0,4,6,1758.93,1146,78,293.15500000000003
16621.0,52,4,813.48,302,22,203.37
16622.0,544,1,225.4,44,12,225.4
16623.0,246,4,1015.24,442,44,253.81
16624.0,81,2,810.5699999999999,488,44,405.28499999999997
16625.0,274,5,1654.03,1057,82,330.806
16626.0,1,17,4413.1,2690,86,259.59411764705885
16627.0,79,1,322.8,162,20,322.8
16628.0,30,7,2318.1,1260,84,331.15714285714284
16629.0,74,2,408.63,489,58,204.315
16630.0,407,1,106.80000000000001,72,4,106.80000000000001
16631.0,482,7,1892.52,775,46,270.36
16632.0,486,2,406.4,256,22,203.2
16633.0,17,6,2883.1,1138,115,480.51666666666665
16634.0,223,6,1649.81,1257,72,274.9683333333333
16635.0,407,1,473.0,277,25,473.0
16636.0,438,4,3802.04,2186,62,950.51
16637.0,32,4,1154.47,927,66,288.6175
16638.0,23,15,2380.13,1627,130,158.67533333333333
16639.0,31,4,1747.98,751,76,436.995
16640.0,398,1,179.4,146,13,179.4
16641.0,106,2,554.5,454,36,277.25
16642.0,5,3,1077.45,775,50,359.15000000000003
16643.0,246,2,923.11,553,48,461.555
16644.0,178,2,833.78,826,62,416.89
16645.0,736,1,160.39,117,14,160.39
16646.0,449,1,678.8,1072,29,678.8
16647.0,170,4,541.9,396,28,135.475
16648.0,43,3,672.8,503,37,224.26666666666665
16649.0,520,1,306.58000000000004,82,20,306.58000000000004
16650.0,72,7,1916.11,1511,71,273.72999999999996
16651.0,587,1,136.2,60,6,136.2
16652.0,59,16,17550.39,7477,124,1096.899375
16653.0,16,2,1212.66,733,67,606.33
16654.0,141,8,1484.07,640,64,185.50875
16655.0,18,13,6423.26,3938,408,494.0969230769231
16656.0,22,30,16833.170000000002,15433,22,561.1056666666667
16657.0,10,4,874.43,1130,158,218.6075
16658.0,368,6,690.83,277,49,115.13833333333334
16659.0,189,1,39.12,72,2,39.12
16660.0,16,7,1879.55,991,20,268.50714285714287
16661.0,540,4,932.76,364,50,233.19
16662.0,394,1,151.05,35,28,151.05
16663.0,729,1,165.0,100,1,165.0
16664.0,569,1,109.2,24,8,109.2
16665.0,362,1,135.39999999999998,59,9,135.39999999999998
16666.0,19,2,217.71,354,42,108.855
16667.0,68,2,567.1800000000001,236,52,283.59000000000003
16668.0,15,13,862.42,773,28,66.34
16669.0,24,3,1348.88,881,141,449.6266666666667
16670.0,17,20,8030.150000000001,4534,258,401.50750000000005
16671.0,28,3,1692.27,875,3,564.09
16672.0,2,20,8134.9400000000005,2832,22,406.747
16673.0,679,1,171.13,95,19,171.13
16674.0,55,2,304.24,181,89,152.12
16675.0,442,2,608.86,296,21,304.43
16676.0,34,6,2361.9,927,106,393.65000000000003
16677.0,411,2,880.62,457,45,440.31
16678.0,3,12,3109.99,2397,92,259.1658333333333
16679.0,366,3,663.31,247,15,221.10333333333332
16680.0,43,3,821.45,377,24,273.81666666666666
16681.0,73,7,1921.84,1492,22,274.5485714285714
16682.0,5,5,1028.0,1040,15,205.6
16683.0,534,1,320.25,190,18,320.25
16684.0,4,55,147142.77,104810,184,2675.3230909090908
16685.0,61,2,324.24,396,60,162.12
16686.0,47,16,4881.07,3419,549,305.066875
16687.0,391,1,157.63,141,8,157.63
16688.0,1,4,1260.86,804,52,315.215
16689.0,76,2,422.59999999999997,330,12,211.29999999999998
16690.0,72,4,353.03,209,12,88.2575
16691.0,418,2,178.83,92,11,89.415
16692.0,256,4,1914.6999999999998,878,3,478.67499999999995
16693.0,69,5,1179.48,658,149,235.89600000000002
16694.0,723,1,98.30000000000001,26,3,98.30000000000001
16695.0,562,2,191.9,184,30,95.95
16696.0,135,4,657.9000000000001,146,7,164.47500000000002
16697.0,241,1,112.75,27,20,112.75
16698.0,227,2,1998.0,840,4,999.0
16699.0,380,7,994.6,640,51,142.0857142857143
16700.0,9,25,8830.77,6644,263,353.23080000000004
16701.0,9,26,9916.73,11046,154,381.4126923076923
16702.0,415,4,1110.83,692,84,277.7075
16704.0,618,2,664.16,433,50,332.08
16705.0,1,42,43515.051,22302,400,1036.072642857143
16706.0,37,3,531.35,249,108,177.11666666666667
16707.0,400,4,533.41,396,64,133.3525
16708.0,46,1,656.63,285,27,656.63
16709.0,85,14,9056.01,3261,220,646.8578571428571
16710.0,19,22,5921.35,4174,541,269.15227272727276
16711.0,3,9,2868.48,1212,26,318.72
16712.0,9,13,4232.87,2074,301,325.6053846153846
16713.0,19,32,14115.56,8482,541,441.11125
16714.0,219,4,1497.33,828,95,374.3325
16715.0,78,2,625.52,1174,27,312.76
16716.0,267,3,2149.6800000000003,912,7,716.5600000000001
16717.0,24,14,6663.68,3145,274,475.9771428571429
16718.0,369,5,3006.08,1924,123,601.216
16719.0,15,14,3513.62,2356,204,250.97285714285712
16720.0,26,3,758.74,460,130,252.91333333333333
16721.0,262,1,292.47,172,37,292.47
16722.0,17,22,8189.56,7986,145,372.25272727272727
16723.0,91,4,1231.36,958,108,307.84
16724.0,405,1,147.35,69,17,147.35
16725.0,302,14,1688.26,700,242,120.59
16726.0,26,7,2063.88,1323,150,294.84000000000003
16727.0,364,4,1377.77,1066,158,344.4425
16728.0,46,4,1048.28,671,218,262.07
16729.0,38,21,7205.33,5722,234,343.11095238095237
16730.0,52,3,743.11,994,75,247.70333333333335
16731.0,648,1,170.3,124,40,170.3
16732.0,32,4,4387.64,2414,199,1096.91
16733.0,530,1,259.68,112,12,259.68
16734.0,52,3,646.76,345,44,215.58666666666667
16735.0,79,14,6217.41,4240,178,444.1007142857143
16736.0,506,5,2956.56,1050,116,591.312
16737.0,53,2,835.1999999999999,576,1,417.59999999999997
16738.0,298,1,3.75,3,1,3.75
16739.0,177,2,786.43,391,33,393.215
16740.0,395,1,226.91,110,30,226.91
16741.0,625,1,173.06,81,11,173.06
16742.0,47,14,2799.87,2558,51,199.9907142857143
16743.0,29,14,4212.15,3707,118,300.86785714285713
16744.0,11,7,1291.91,798,198,184.55857142857144
16745.0,87,17,7180.7,6719,148,422.3941176470588
16746.0,5,42,18046.75,11900,390,429.6845238095238
16747.0,38,2,836.06,583,34,418.03
16748.0,18,14,3637.33,2127,55,259.8092857142857
16749.0,591,2,4157.88,1910,53,2078.94
16750.0,45,5,623.93,214,74,124.78599999999999
16751.0,31,1,1764.72,1031,24,1764.72
16752.0,373,1,207.5,54,9,207.5
16753.0,58,1,223.92000000000002,189,34,223.92000000000002
16754.0,372,29,65500.07,63551,38,2258.6231034482757
16755.0,114,7,2864.68,1985,219,409.23999999999995
16756.0,215,7,1312.3700000000001,707,64,187.48142857142858
16757.0,319,2,270.48,180,13,135.24
16758.0,65,1,369.34000000000003,203,22,369.34000000000003
16759.0,8,3,789.79,609,40,263.2633333333333
16760.0,430,1,228.0,168,17,228.0
16761.0,97,1,316.62,341,13,316.62
16762.0,20,3,1207.24,480,51,402.41333333333336
16763.0,199,2,964.6999999999999,492,44,482.34999999999997
16764.0,4,13,2790.9500000000003,1253,209,214.68846153846155
16765.0,294,2,454.75,311,52,227.375
16766.0,273,2,1145.6,536,17,572.8
16767.0,31,15,8056.76,7102,209,537.1173333333334
16768.0,48,9,1698.57,774,108,188.73
16769.0,260,4,1117.05,295,76,279.2625
16770.0,58,9,1778.93,1052,202,197.6588888888889
16771.0,33,10,3949.6,2308,303,394.96
16772.0,423,3,3698.0499999999997,687,54,1232.6833333333332
16773.0,57,3,421.24,252,53,140.41333333333333
16774.0,68,8,1567.48,774,89,195.935
16775.0,10,16,2820.84,957,132,176.3025
16776.0,60,2,592.51,435,105,296.255
16777.0,80,5,1292.18,470,125,258.43600000000004
16778.0,74,2,245.94,194,16,122.97
16779.0,2,53,32809.03,19411,293,619.0383018867924
16780.0,100,3,596.4,352,73,198.79999999999998
16781.0,372,2,623.0,192,36,311.5
16782.0,10,38,9636.12,4027,575,253.58210526315793
16783.0,437,1,391.95,163,25,391.95
16784.0,20,5,892.33,494,138,178.466
16785.0,410,1,533.78,313,35,533.78
16786.0,394,1,51.839999999999996,72,1,51.839999999999996
16787.0,398,4,1017.53,472,102,254.3825
16788.0,123,5,1928.93,965,348,385.786
16789.0,8,1,80.8,32,5,80.8
16790.0,4,6,1545.6200000000001,898,88,257.60333333333335
16791.0,29,15,3957.63,1854,393,263.842
16792.0,282,5,623.46,324,90,124.69200000000001
16793.0,57,1,243.84,146,16,243.84
16794.0,1,15,2052.7,1576,245,136.84666666666666
16795.0,365,3,2062.41,1214,306,687.4699999999999
16796.0,89,1,305.62,186,18,305.62
16797.0,393,5,1802.02,898,289,360.404
16798.0,554,3,841.16,205,141,280.38666666666666
16799.0,432,2,452.78000000000003,162,81,226.39000000000001
16800.0,11,1,1162.65,524,148,1162.65
16801.0,163,4,1594.23,493,72,398.5575
16802.0,679,2,582.61,369,48,291.305
16803.0,65,1,332.3,245,24,332.3
16804.0,23,3,536.99,246,59,178.99666666666667
16805.0,174,5,1091.34,1120,213,218.26799999999997
16806.0,103,4,762.16,356,68,190.54
16807.0,143,6,2123.88,1433,107,353.98
16808.0,99,2,288.42,196,21,144.21
16809.0,23,9,1727.43,1093,113,191.93666666666667
16810.0,192,2,842.0400000000001,372,34,421.02000000000004
16811.0,5,2,547.07,477,26,273.535
16812.0,361,4,2392.0,1116,98,598.0
16813.0,8,10,1652.18,1501,248,165.21800000000002
16814.0,14,36,11924.85,4844,247,331.24583333333334
16815.0,454,2,406.02,237,66,203.01
16816.0,103,4,417.06,274,28,104.265
16817.0,3,13,2560.7,1401,107,196.97692307692307
16818.0,11,11,3349.57,2164,172,304.50636363636363
16819.0,465,2,182.59,253,17,91.295
16820.0,96,1,497.61,307,26,497.61
16821.0,382,1,113.35,13,7,113.35
16822.0,686,1,181.39,171,11,181.39
16823.0,227,7,2243.09,1166,149,320.4414285714286
16824.0,16,3,686.24,390,34,228.74666666666667
16825.0,39,5,1826.89,1297,48,365.37800000000004
16826.0,51,1,341.7,158,22,341.7
16827.0,393,5,392.13,125,10,78.426
16828.0,93,2,128.5,59,8,64.25
16829.0,157,2,513.32,215,25,256.66
16830.0,39,4,1207.5,699,65,301.875
16831.0,565,1,91.8,48,6,91.8
16832.0,184,5,417.61,179,19,83.522
16833.0,1,6,2409.04,878,87,401.50666666666666
16834.0,228,2,898.96,760,43,449.48
16835.0,128,6,1456.66,496,58,242.77666666666667
16836.0,40,4,782.37,539,42,195.5925
16837.0,31,11,3170.98,1563,123,288.2709090909091
16838.0,197,4,1159.61,509,53,289.9025
16839.0,9,44,21758.25,11295,132,494.5056818181818
16840.0,603,2,139.85,117,9,69.925
16841.0,37,12,4006.06,3478,187,333.8383333333333
16842.0,101,3,1264.19,693,45,421.3966666666667
16843.0,43,35,19571.43,18502,317,559.1837142857142
16844.0,563,2,614.34,281,26,307.17
16845.0,618,1,253.88,167,20,253.88
16846.0,50,3,842.41,517,47,280.80333333333334
16847.0,43,2,614.89,255,37,307.445
16848.0,53,4,1411.62,780,75,352.905
16849.0,187,1,124.57,33,8,124.57
16850.0,334,1,332.41,249,19,332.41
16851.0,4,3,342.45,271,17,114.14999999999999
16852.0,10,2,144.91000000000003,56,9,72.45500000000001
16854.0,417,2,1408.96,997,72,704.48
16855.0,24,2,328.4,164,19,164.2
16856.0,15,3,358.49,171,16,119.49666666666667
16857.0,443,1,352.8,168,11,352.8
16858.0,369,10,4292.59,1423,75,429.259
16859.0,145,7,1932.41,1899,87,276.05857142857144
16860.0,453,3,1610.62,625,35,536.8733333333333
16861.0,60,5,946.59,616,39,189.318
16862.0,547,4,662.33,513,34,165.5825
16863.0,31,3,834.27,640,43,278.09
16864.0,434,2,409.25,283,17,204.625
16865.0,402,1,130.95,157,15,130.95
16866.0,141,3,207.73999999999998,60,10,69.24666666666666
16867.0,690,1,76.74000000000001,58,6,76.74000000000001
16868.0,394,3,384.56,112,47,128.18666666666667
16869.0,23,4,817.12,583,113,204.28
16870.0,469,1,450.15999999999997,278,28,450.15999999999997
16871.0,22,6,2812.34,1253,131,468.72333333333336
16872.0,77,6,1213.13,1079,12,202.18833333333336
16873.0,5,12,14617.39,8601,252,1218.1158333333333
16874.0,379,1,209.89000000000001,78,31,209.89000000000001
16875.0,67,11,4234.53,2099,161,384.9572727272727
16876.0,404,1,136.01,181,32,136.01
16877.0,12,6,846.62,458,111,141.10333333333332
16878.0,84,1,13.3,12,3,13.3
16880.0,31,8,1813.21,904,130,226.65125
16881.0,67,1,432.0,600,1,432.0
16882.0,67,3,705.12,424,39,235.04
16883.0,187,19,2246.06,1016,159,118.21368421052631
16884.0,38,4,1070.97,520,64,267.7425
16885.0,15,4,684.6,358,121,171.15
16886.0,456,1,134.0,48,8,134.0
16887.0,35,3,658.17,423,94,219.39
16888.0,401,3,434.2,145,44,144.73333333333332
16889.0,195,6,2526.65,1611,163,421.10833333333335
16890.0,477,3,285.41,243,17,95.13666666666667
16891.0,2,11,1727.94,652,335,157.08545454545455
16892.0,1,7,754.75,367,119,107.82142857142857
16893.0,367,2,249.89000000000001,117,80,124.94500000000001
16894.0,502,3,1306.96,503,186,435.65333333333336
16895.0,65,5,1102.9,421,135,220.58
16896.0,555,1,103.95,18,18,103.95
16897.0,299,2,289.78,73,37,144.89
16898.0,26,5,885.21,695,223,177.042
16899.0,8,8,1695.77,811,101,211.97125
16900.0,17,3,887.11,833,78,295.7033333333333
16901.0,729,1,204.26,42,23,204.26
16902.0,116,1,1706.88,629,43,1706.88
16903.0,29,3,1041.75,717,148,347.25
16904.0,4,21,4675.36,2607,484,222.63619047619045
16905.0,5,17,4706.77,1913,171,276.86882352941177
16906.0,82,7,1410.92,590,180,201.56
16907.0,29,9,1470.89,451,109,163.43222222222224
16908.0,722,1,252.59,61,20,252.59
16909.0,72,1,379.14,436,18,379.14
16910.0,4,8,1508.96,884,318,188.62
16911.0,636,2,255.25,161,30,127.625
16912.0,29,15,4460.51,1689,130,297.36733333333336
16913.0,290,3,423.90999999999997,229,18,141.3033333333333
16914.0,36,1,183.76,112,25,183.76
16915.0,9,11,1543.18,190,54,140.2890909090909
16916.0,24,4,902.02,649,180,225.505
16917.0,277,2,1851.88,792,45,925.94
16918.0,49,16,3206.54,2066,280,200.40875
16919.0,156,24,4909.66,2333,230,204.56916666666666
16920.0,411,1,355.45,81,23,355.45
16921.0,61,3,409.21,275,78,136.40333333333334
16922.0,573,1,611.08,281,122,611.08
16923.0,12,32,13157.130000000001,6190,431,411.16031250000003
16924.0,21,3,829.89,467,69,276.63
16925.0,540,1,125.65,123,18,125.65
16926.0,371,5,1169.6100000000001,197,63,233.92200000000003
16927.0,116,3,543.05,993,5,181.01666666666665
16928.0,80,29,3897.5299999999997,2587,135,134.39758620689653
16929.0,4,7,1295.39,929,51,185.0557142857143
16930.0,26,3,378.89,339,47,126.29666666666667
16931.0,5,23,5032.22,3357,466,218.79217391304348
16932.0,53,3,412.55,217,116,137.51666666666668
16933.0,1,9,3099.3,1533,213,344.3666666666667
16934.0,55,6,2083.14,936,128,347.19
16935.0,382,3,530.86,273,55,176.95333333333335
16936.0,26,2,548.29,339,122,274.145
16937.0,499,1,196.25,123,49,196.25
16938.0,9,9,6995.360000000001,5041,547,777.2622222222222
16939.0,489,3,433.85,229,38,144.61666666666667
16940.0,52,8,6427.66,4503,360,803.4575
16941.0,612,1,33.0,12,2,33.0
16942.0,13,9,1904.99,805,159,211.66555555555556
16943.0,212,5,1299.49,147,24,259.898
16944.0,610,1,101.36,27,7,101.36
16945.0,22,33,8548.16,5889,231,259.0351515151515
16946.0,383,5,1222.04,509,69,244.408
16947.0,236,5,955.21,655,50,191.042
16948.0,139,7,868.77,2091,20,124.11
16949.0,4,6,1286.27,791,57,214.37833333333333
16950.0,57,10,3541.77,2432,111,354.177
16951.0,135,3,1277.75,1318,73,425.9166666666667
16952.0,109,5,795.83,343,76,159.166
16953.0,30,1,20.8,10,1,20.8
16954.0,1,20,6081.88,4086,83,304.094
16955.0,185,6,1120.31,723,33,186.71833333333333
16956.0,18,1,308.74,114,16,308.74
16957.0,239,2,416.64,172,15,208.32
16958.0,435,1,778.49,514,69,778.49
16959.0,87,1,117.35000000000001,49,7,117.35000000000001
16960.0,39,8,1990.88,1492,334,248.86
16961.0,116,3,794.56,482,52,264.8533333333333
16962.0,410,1,251.04,158,15,251.04
16963.0,187,1,110.55000000000001,35,7,110.55000000000001
16964.0,733,2,207.85,49,6,103.925
16965.0,227,1,201.19,291,26,201.19
16966.0,8,7,2154.97,1981,8,307.8528571428571
16967.0,189,1,319.02,333,21,319.02
16968.0,4,2,439.43,326,31,219.715
16969.0,39,3,650.41,816,42,216.8033333333333
16970.0,626,1,71.4,12,2,71.4
16971.0,38,1,357.21,72,40,357.21
16972.0,383,2,749.0,183,54,374.5
16973.0,386,1,127.0,60,6,127.0
16974.0,523,2,365.5,70,5,182.75
16975.0,423,3,926.12,586,44,308.70666666666665
16976.0,267,1,251.51999999999998,88,2,251.51999999999998
16977.0,395,4,496.0,142,25,124.0
16978.0,77,3,768.88,285,65,256.29333333333335
16979.0,4,9,2859.74,1451,82,317.74888888888887
16980.0,255,3,1422.8300000000002,990,91,474.2766666666667
16982.0,61,1,384.06,182,22,384.06
16983.0,13,11,3490.5299999999997,2315,151,317.3209090909091
16984.0,88,9,10350.53,5127,669,1150.058888888889
16985.0,17,23,10923.16,3103,130,474.92
16986.0,30,11,4888.75,2539,65,444.4318181818182
16987.0,3,11,2521.4,671,155,229.21818181818182
16988.0,5,2,382.67,158,20,191.335
16989.0,7,6,1133.25,1233,7,188.875
16990.0,219,2,344.0,200,1,172.0
16991.0,421,1,1041.21,793,74,1041.21
16992.0,11,13,5476.5,2061,212,421.2692307692308
16993.0,464,2,1950.9499999999998,285,19,975.4749999999999
16996.0,30,9,2123.61,919,32,235.95666666666668
16997.0,288,3,702.0,360,7,234.0
16998.0,150,5,402.0,104,2,80.4
16999.0,23,2,484.82,294,21,242.41
17000.0,396,2,406.3,305,26,203.15
17001.0,1,19,6640.8,3782,108,349.5157894736842
17002.0,86,7,2571.55,1265,64,367.36428571428576
17003.0,402,4,828.21,494,90,207.0525
17004.0,46,4,2324.36,1233,48,581.09
17005.0,471,2,622.36,691,14,311.18
17006.0,5,8,1635.27,572,103,204.40875
17007.0,51,7,1120.1,717,63,160.0142857142857
17008.0,429,1,81.36,24,1,81.36
17009.0,551,1,242.06,336,10,242.06
17010.0,18,1,195.36,118,11,195.36
17011.0,30,3,671.7,792,27,223.9
17012.0,725,1,360.61,251,34,360.61
17014.0,8,3,583.4300000000001,243,63,194.4766666666667
17015.0,29,3,1838.6100000000001,1978,182,612.87
17016.0,577,1,552.4,309,41,552.4
17017.0,3,29,12576.99,9397,120,433.68931034482756
17018.0,41,6,2287.7,456,26,381.2833333333333
17019.0,11,11,3602.29,2396,344,327.4809090909091
17020.0,542,2,935.62,860,64,467.81
17021.0,442,6,1182.22,992,35,197.03666666666666
17022.0,31,2,260.0,180,16,130.0
17023.0,417,3,800.18,530,48,266.72666666666663
17024.0,45,3,95.85,69,2,31.95
17025.0,61,5,1349.67,885,31,269.934
17026.0,185,3,175.82999999999998,107,4,58.60999999999999
17027.0,79,9,1310.63,645,126,145.62555555555556
17028.0,581,3,1593.83,856,85,531.2766666666666
17029.0,111,7,2137.3,1265,19,305.3285714285715
17030.0,64,1,146.87,146,11,146.87
17031.0,12,6,2773.85,1595,34,462.30833333333334
17032.0,548,8,2984.32,1667,183,373.04
17033.0,86,4,1332.79,871,33,333.1975
17034.0,16,5,1276.42,694,49,255.28400000000002
17035.0,246,4,613.59,327,29,153.3975
17036.0,383,1,176.9,76,12,176.9
17037.0,88,1,1267.32,656,75,1267.32
17038.0,30,2,743.17,535,61,371.585
17039.0,604,1,1954.99,689,44,1954.99
17040.0,138,2,463.25,189,15,231.625
17041.0,27,6,1655.2,1303,93,275.8666666666667
17042.0,3,5,1036.58,990,74,207.31599999999997
17043.0,32,8,2593.65,1616,175,324.20625
17044.0,25,12,11962.3,5722,92,996.8583333333332
17045.0,113,5,827.6800000000001,294,44,165.536
17046.0,157,5,1906.07,1636,76,381.214
17047.0,85,6,2289.23,1184,114,381.53833333333336
17048.0,118,7,2071.68,1068,88,295.9542857142857
17049.0,3,19,9942.53,4273,316,523.291052631579
17050.0,96,11,4648.59,2432,193,422.59909090909093
17051.0,194,4,706.49,507,107,176.6225
17052.0,28,1,399.09,251,72,399.09
17053.0,131,1,498.48,122,13,498.48
17054.0,28,5,1356.33,804,64,271.26599999999996
17055.0,446,1,232.85,83,24,232.85
17056.0,738,1,128.60000000000002,26,8,128.60000000000002
17057.0,596,1,294.74,129,48,294.74
17058.0,82,3,1179.89,592,51,393.2966666666667
17059.0,30,9,4864.57,3107,349,540.5077777777777
17060.0,266,1,234.24,216,5,234.24
17061.0,74,11,5232.2300000000005,1526,57,475.65727272727275
17062.0,314,6,889.75,644,82,148.29166666666666
17063.0,21,13,3638.53,1899,150,279.8869230769231
17064.0,59,3,855.45,316,53,285.15000000000003
17065.0,638,2,194.7,82,6,97.35
17066.0,726,1,228.34,93,17,228.34
17067.0,725,3,454.54,322,8,151.51333333333335
17068.0,12,47,8987.68,4351,250,191.2272340425532
17069.0,28,14,5517.2300000000005,3230,202,394.08785714285716
17070.0,114,2,437.42,232,102,218.71
17071.0,28,13,3793.71,1934,141,291.82384615384615
17072.0,625,1,273.35,212,20,273.35
17073.0,18,4,1446.09,759,142,361.5225
17074.0,563,1,203.05,19,4,203.05
17075.0,18,10,2236.63,785,153,223.663
17076.0,36,6,1242.75,514,31,207.125
17077.0,578,1,306.0,36,1,306.0
17078.0,36,2,378.2,788,28,189.1
17079.0,78,1,118.80000000000001,24,2,118.80000000000001
17080.0,22,7,957.53,569,26,136.79
17081.0,25,6,949.39,381,166,158.23166666666665
17082.0,33,6,4732.03,2526,117,788.6716666666666
17083.0,109,9,4049.79,1955,30,449.9766666666667
17084.0,35,3,5001.21,3178,263,1667.07
17085.0,123,28,7847.67,3583,411,280.2739285714286
17086.0,7,6,2050.08,1859,76,341.68
17087.0,738,1,221.53,113,12,221.53
17088.0,28,4,1991.01,868,96,497.7525
17089.0,386,1,128.45,35,4,128.45
17090.0,4,13,3080.1800000000003,1344,54,236.9369230769231
17091.0,3,19,7495.75,3732,242,394.5131578947368
17092.0,50,11,5511.41,3768,273,501.0372727272727
17093.0,593,1,235.88,114,13,235.88
17094.0,322,2,402.20000000000005,212,18,201.10000000000002
17095.0,23,7,2572.25,1695,110,367.4642857142857
17096.0,15,11,3697.93,1559,162,336.17545454545456
17098.0,382,3,591.0699999999999,125,10,197.0233333333333
17099.0,533,1,582.17,317,40,582.17
17100.0,18,2,971.74,800,65,485.87
17101.0,10,7,2507.05,1175,54,358.15000000000003
17102.0,262,1,25.5,2,1,25.5
17103.0,722,1,424.3,471,32,424.3
17104.0,424,1,474.03,149,19,474.03
17105.0,159,2,665.78,693,80,332.89
17106.0,389,1,481.58,153,51,481.58
17107.0,33,10,16052.72,7530,377,1605.272
17108.0,664,1,174.95,31,9,174.95
17109.0,29,8,1291.71,788,124,161.46375
17110.0,165,3,499.9,136,38,166.63333333333333
17111.0,47,2,459.58,581,44,229.79
17112.0,503,1,197.57,130,44,197.57
17113.0,574,6,2305.59,913,122,384.26500000000004
17114.0,6,8,801.12,215,85,100.14
17115.0,8,7,2761.4900000000002,885,102,394.49857142857144
17116.0,648,1,389.78,392,47,389.78
17117.0,288,1,116.19999999999999,68,9,116.19999999999999
17118.0,318,1,157.02,154,10,157.02
17119.0,3,2,606.91,334,35,303.455
17120.0,233,1,307.46,120,18,307.46
17121.0,403,1,314.74,106,12,314.74
17122.0,119,4,570.5,368,23,142.625
17123.0,162,3,977.17,676,37,325.7233333333333
17124.0,185,1,294.24,129,31,294.24
17125.0,50,1,230.5,281,34,230.5
17126.0,152,9,2016.43,1426,295,224.04777777777778
17127.0,429,5,1155.0300000000002,340,27,231.00600000000003
17128.0,335,1,157.09,76,14,157.09
17129.0,520,1,31.85,5,2,31.85
17131.0,5,5,2463.17,983,78,492.634
17132.0,452,2,1220.9099999999999,963,62,610.4549999999999
17133.0,16,12,14622.33,10107,22,1218.5275
17134.0,107,3,625.3,144,31,208.4333333333333
17135.0,16,10,1722.18,1686,98,172.21800000000002
17136.0,662,1,231.68,256,14,231.68
17137.0,416,6,1099.81,680,125,183.30166666666665
17138.0,276,7,4417.27,2024,234,631.0385714285715
17139.0,16,25,19566.76,9853,447,782.6704
17140.0,247,1,454.12,296,16,454.12
17141.0,418,4,727.58,423,138,181.895
17142.0,239,4,1275.25,322,78,318.8125
17143.0,417,2,880.97,314,82,440.485
17144.0,1,2,984.57,483,42,492.285
17145.0,513,4,3120.91,2591,168,780.2275
17146.0,106,13,5852.64,2188,164,450.20307692307694
17147.0,23,9,3199.95,1308,99,355.54999999999995
17148.0,52,1,124.88,82,9,124.88
17149.0,451,1,143.10000000000002,18,6,143.10000000000002
17150.0,377,6,1357.95,397,64,226.32500000000002
17151.0,735,1,231.90000000000003,42,4,231.90000000000003
17152.0,195,4,2016.5,577,9,504.125
17153.0,24,1,213.78,104,14,213.78
17154.0,75,1,329.34,490,23,329.34
17155.0,18,7,892.46,987,43,127.49428571428572
17156.0,492,1,591.87,391,39,591.87
17157.0,8,19,5151.9,2092,78,271.15263157894736
17158.0,32,5,1980.0,1147,74,396.0
17159.0,22,5,2099.59,1348,115,419.918
17160.0,31,17,10209.16,8390,215,600.5388235294117
17161.0,444,1,856.01,537,52,856.01
17162.0,29,10,1715.46,1001,81,171.546
17163.0,22,4,699.78,531,27,174.945
17164.0,33,7,2467.35,1501,92,352.4785714285714
17165.0,284,6,1794.32,788,77,299.05333333333334
17166.0,39,2,206.34,78,11,103.17
17167.0,380,3,867.11,429,64,289.0366666666667
17168.0,499,1,400.2,220,21,400.2
17169.0,58,3,1156.73,671,64,385.57666666666665
17170.0,374,2,178.68,152,8,89.34
17171.0,289,2,384.59,225,25,192.295
17172.0,79,3,956.5699999999999,1215,39,318.8566666666666
17173.0,5,8,3766.6,1122,36,470.825
17174.0,218,1,59.9,41,4,59.9
17175.0,44,4,1443.69,866,42,360.9225
17176.0,202,3,902.3199999999999,576,37,300.7733333333333
17177.0,505,1,119.5,40,29,119.5
17178.0,731,1,432.96,100,31,432.96
17179.0,178,6,1507.26,625,75,251.21
17180.0,56,11,2236.77,1809,189,203.34272727272727
17181.0,57,3,309.85,268,28,103.28333333333335
17182.0,423,2,321.3,54,4,160.65
17183.0,8,6,3347.31,1296,42,557.885
17184.0,569,2,198.41000000000003,73,14,99.20500000000001
17185.0,592,3,229.46,119,38,76.48666666666666
17186.0,47,2,144.0,200,1,72.0
17187.0,227,2,467.71,426,21,233.855
17188.0,11,13,4592.93,2569,136,353.3023076923077
17189.0,106,5,953.63,601,101,190.726
17190.0,59,7,1726.57,2218,160,246.65285714285713
17191.0,28,15,4310.34,2208,269,287.356
17192.0,536,1,75.28,45,20,75.28
17193.0,36,9,2310.04,1668,28,256.6711111111111
17194.0,274,3,812.5,420,57,270.8333333333333
17195.0,655,1,562.98,486,31,562.98
17196.0,428,1,327.75,154,84,327.75
17197.0,30,1,1013.01,191,29,1013.01
17198.0,24,3,692.22,357,89,230.74
17199.0,582,1,135.04000000000002,232,8,135.04000000000002
17200.0,387,4,356.71,367,25,89.1775
17201.0,54,4,1143.1,1004,154,285.775
17202.0,421,1,160.65,55,8,160.65
17203.0,36,10,5564.09,4597,195,556.409
17204.0,175,9,5504.6900000000005,2651,110,611.6322222222223
17205.0,54,3,999.35,2214,27,333.1166666666667
17206.0,53,1,204.24,76,7,204.24
17207.0,652,1,292.62,233,55,292.62
17208.0,395,1,111.15,101,21,111.15
17209.0,649,3,595.7,723,36,198.5666666666667
17210.0,393,1,251.72,242,47,251.72
17211.0,27,13,3773.35,2141,217,290.2576923076923
17212.0,253,3,794.41,727,29,264.80333333333334
17213.0,40,13,4869.400000000001,2087,130,374.5692307692308
17214.0,60,6,1059.1200000000001,272,79,176.52
17215.0,464,1,186.15,104,11,186.15
17216.0,554,1,63.6,21,13,63.6
17217.0,234,2,210.1,93,27,105.05
17218.0,4,18,3891.39,2066,248,216.18833333333333
17219.0,32,2,259.13,188,43,129.565
17220.0,24,21,4457.31,2663,408,212.25285714285715
17221.0,7,5,976.62,713,115,195.324
17222.0,65,6,1579.51,857,94,263.25166666666667
17223.0,310,3,558.04,155,62,186.01333333333332
17224.0,501,1,100.86,65,8,100.86
17225.0,582,1,131.15,36,5,131.15
17226.0,309,3,895.47,853,51,298.49
17227.0,19,12,1878.93,1681,58,156.57750000000001
17228.0,16,13,2820.03,2354,199,216.92538461538464
17229.0,96,2,318.76,185,39,159.38
17230.0,264,18,9388.49,3753,141,521.5827777777778
17231.0,12,25,7064.8,3681,509,282.592
17232.0,3,2,417.77,202,30,208.885
17233.0,35,3,560.86,298,56,186.95333333333335
17234.0,183,1,149.89000000000001,55,14,149.89000000000001
17235.0,25,8,1562.98,845,52,195.3725
17236.0,13,12,1929.26,804,123,160.77166666666668
17237.0,11,4,994.13,414,76,248.5325
17238.0,3,32,7331.67,3555,486,229.1146875
17239.0,313,4,1189.45,515,18,297.3625
17240.0,596,1,130.6,108,7,130.6
17241.0,385,12,2736.64,859,116,228.0533333333333
17242.0,108,5,2889.28,1459,44,577.856
17243.0,1,69,20203.58,7932,359,292.80550724637686
17244.0,53,5,1826.04,1419,109,365.20799999999997
17245.0,205,2,371.63,307,24,185.815
17246.0,547,2,38.92,36,6,19.46
17247.0,15,1,280.09000000000003,105,53,280.09000000000003
17248.0,120,2,500.54,276,85,250.27
17249.0,429,1,68.03,79,27,68.03
17250.0,4,2,381.97,167,55,190.985
17251.0,363,3,798.98,377,65,266.32666666666665
17252.0,117,2,348.91,192,86,174.455
17253.0,18,1,178.26,43,18,178.26
17254.0,5,3,469.48,397,129,156.49333333333334
17255.0,41,4,781.7,583,163,195.425
17256.0,107,5,498.93,299,20,99.786
17257.0,436,2,189.78,187,14,94.89
17258.0,397,2,417.3,188,46,208.65
17259.0,148,6,1452.39,844,179,242.06500000000003
17260.0,411,1,120.95,23,6,120.95
17261.0,510,1,221.59,95,43,221.59
17262.0,52,11,2488.76,635,12,226.25090909090912
17263.0,208,1,63.440000000000005,36,23,63.440000000000005
17264.0,424,1,268.28,217,70,268.28
17265.0,139,2,550.01,389,106,275.005
17266.0,2,5,501.71999999999997,243,95,100.344
17267.0,127,2,317.2,158,37,158.6
17268.0,108,11,1733.8899999999999,1395,26,157.62636363636364
17269.0,386,1,491.81,314,110,491.81
17270.0,469,2,601.4499999999999,420,45,300.72499999999997
17271.0,736,1,204.3,113,46,204.3
17272.0,42,4,2148.63,1778,70,537.1575
17273.0,424,1,141.12,133,12,141.12
17274.0,35,2,573.22,271,76,286.61
17275.0,383,1,114.1,71,23,114.1
17276.0,402,1,502.49,187,50,502.49
17277.0,228,2,1065.3500000000001,430,67,532.6750000000001
17278.0,241,2,271.24,195,17,135.62
17279.0,58,1,187.82999999999998,48,8,187.82999999999998
17280.0,438,1,118.85999999999999,74,6,118.85999999999999
17281.0,374,6,797.8499999999999,295,2,132.975
17282.0,130,5,2308.54,2332,168,461.70799999999997
17283.0,379,1,188.46,179,15,188.46
17284.0,60,8,2788.06,2069,285,348.5075
17285.0,628,2,407.94,134,41,203.97
17286.0,22,3,389.18,368,89,129.72666666666666
17287.0,26,21,3826.86,1955,279,182.23142857142858
17288.0,9,11,2468.43,1699,233,224.40272727272725
17289.0,32,9,2041.8,1237,202,226.86666666666667
17290.0,4,8,1487.96,1139,184,185.995
17291.0,308,1,550.8000000000001,72,1,550.8000000000001
17292.0,472,2,271.75,131,14,135.875
17293.0,8,17,3750.63,2228,148,220.62529411764706
17294.0,669,2,467.78999999999996,297,17,233.89499999999998
17295.0,29,3,547.0,293,53,182.33333333333334
17296.0,730,1,338.13,216,32,338.13
17297.0,17,1,128.18,65,49,128.18
17298.0,101,5,954.26,852,61,190.852
17299.0,12,6,993.23,919,96,165.53833333333333
17300.0,391,2,393.64,467,37,196.82
17301.0,21,2,294.39,216,107,147.195
17302.0,15,5,1135.63,575,68,227.12600000000003
17303.0,361,1,250.04,144,53,250.04
17304.0,534,1,111.5,73,5,111.5
17305.0,649,1,2135.46,1006,9,2135.46
17306.0,11,21,9782.35,13747,17,465.8261904761905
17307.0,395,11,3999.8900000000003,3667,22,363.6263636363637
17308.0,393,2,4511.76,5148,5,2255.88
17309.0,95,3,320.39,181,33,106.79666666666667
17310.0,387,2,1025.1,402,1,512.55
17311.0,78,6,3566.56,2755,124,594.4266666666666
17312.0,139,3,644.3,372,11,214.76666666666665
17313.0,31,1,2328.84,1402,24,2328.84
17314.0,25,17,4904.43,3663,200,288.4958823529412
17315.0,2,43,9599.58,5088,385,223.2460465116279
17316.0,420,1,124.45,44,35,124.45
17317.0,46,3,2600.34,1146,8,866.7800000000001
17318.0,725,1,157.32999999999998,59,17,157.32999999999998
17319.0,669,1,29.1,14,3,29.1
17320.0,100,6,2444.85,1182,86,407.47499999999997
17321.0,8,6,1665.21,790,241,277.535
17322.0,376,5,922.59,631,115,184.518
17323.0,15,12,1551.04,1426,168,129.25333333333333
17324.0,18,12,2171.07,1485,111,180.9225
17325.0,280,3,609.5699999999999,465,39,203.18999999999997
17326.0,408,2,312.35,136,82,156.175
17327.0,410,2,152.35,59,3,76.175
17328.0,673,1,104.7,86,6,104.7
17329.0,14,5,998.53,430,80,199.706
17330.0,23,4,423.8,122,7,105.95
17331.0,124,1,175.2,16,1,175.2
17332.0,528,5,838.27,794,82,167.654
17333.0,86,1,494.25,375,28,494.25
17334.0,302,3,635.15,566,20,211.71666666666667
17335.0,384,2,497.04,210,34,248.52
17336.0,472,1,81.12,48,1,81.12
17337.0,151,4,1981.06,1247,421,495.265
17338.0,17,17,11889.33,5780,590,699.3723529411765
17339.0,94,3,302.36,172,10,100.78666666666668
17340.0,30,18,19617.95,9497,322,1089.8861111111112
17341.0,157,5,1272.21,831,200,254.442
17342.0,380,4,1227.54,521,31,306.885
17343.0,355,6,1259.94,454,61,209.99
17344.0,46,2,457.36,200,64,228.68
17345.0,15,10,1586.6299999999999,2008,174,158.66299999999998
17346.0,4,26,4998.61,3439,517,192.25423076923076
17347.0,86,1,228.96,216,1,228.96
17348.0,15,9,2442.29,2766,326,271.36555555555555
17349.0,179,5,772.41,772,74,154.482
17350.0,8,7,1893.701,1178,124,270.5287142857143
17351.0,36,12,1988.23,383,45,165.68583333333333
17352.0,696,1,36.25,15,5,36.25
17353.0,129,4,3242.0,2168,7,810.5
17354.0,51,4,3133.96,2531,85,783.49
17355.0,386,1,273.31,249,28,273.31
17356.0,312,5,946.47,925,73,189.294
17357.0,24,2,384.39,152,41,192.195
17358.0,303,5,861.01,430,126,172.202
17359.0,11,2,284.46,237,36,142.23
17360.0,17,6,1200.51,624,189,200.085
17361.0,49,5,871.79,380,51,174.358
17362.0,239,7,1024.04,549,99,146.29142857142855
17363.0,395,3,920.46,499,34,306.82
17364.0,1,28,11972.92,7464,513,427.6042857142857
17365.0,13,15,8184.49,8015,395,545.6326666666666
17366.0,432,2,1077.24,504,120,538.62
17367.0,238,1,167.55,149,33,167.55
17368.0,23,14,2758.29,2319,195,197.0207142857143
17369.0,456,1,979.1999999999999,1152,1,979.1999999999999
17370.0,73,4,446.18,540,31,111.545
17371.0,17,6,655.37,281,135,109.22833333333334
17372.0,41,28,4347.31,1863,412,155.26107142857146
17373.0,40,7,1167.5,738,65,166.78571428571428
17374.0,219,3,727.11,155,34,242.37
17375.0,199,4,660.55,480,77,165.1375
17376.0,71,4,453.64,244,41,113.41
17377.0,24,78,17644.27,7335,505,226.20858974358976
17378.0,374,1,10.95,1,1,10.95
17379.0,11,1,389.71999999999997,623,71,389.71999999999997
17380.0,434,3,645.0,252,5,215.0
17381.0,9,38,36398.65,42879,50,957.8592105263158
17382.0,65,8,902.28,457,16,112.785
17383.0,4,2,304.09,160,51,152.045
17384.0,19,3,507.55,121,15,169.18333333333334
17385.0,15,1,256.11,197,42,256.11
17386.0,8,7,2812.77,1955,32,401.82428571428574
17387.0,20,2,746.81,522,71,373.405
17388.0,78,11,2675.37,2555,41,243.21545454545455
17389.0,1,61,57215.33,17880,63,937.9562295081968
17390.0,421,1,149.3,49,12,149.3
17391.0,164,2,508.8,480,2,254.4
17392.0,307,3,585.92,450,66,195.30666666666664
17393.0,411,2,381.15,238,45,190.575
17394.0,219,1,203.86999999999998,241,4,203.86999999999998
17395.0,508,1,97.5,66,3,97.5
17396.0,39,14,8409.6,2313,29,600.6857142857143
17397.0,22,3,1198.28,691,132,399.4266666666667
17398.0,115,3,653.38,310,30,217.79333333333332
17400.0,126,8,4623.28,2185,345,577.91
17401.0,541,1,114.85,34,11,114.85
17402.0,5,23,4635.5599999999995,1450,105,201.54608695652172
17403.0,36,2,382.87,188,45,191.435
17405.0,1,3,1031.41,726,77,343.80333333333334
17406.0,333,13,4186.95,1847,155,322.0730769230769
17407.0,412,1,552.9,426,23,552.9
17408.0,163,3,316.09000000000003,163,7,105.36333333333334
17409.0,185,10,7793.51,4089,50,779.351
17410.0,16,5,1214.72,616,57,242.94400000000002
17411.0,12,5,1425.38,608,69,285.076
17412.0,3,16,4220.22,2554,161,263.76375
17413.0,405,2,560.14,302,10,280.07
17414.0,44,6,2249.52,6256,6,374.92
17415.0,79,1,507.84,114,14,507.84
17416.0,30,22,17298.45,8769,324,786.2931818181819
17417.0,549,1,164.18,76,16,164.18
17418.0,42,3,670.0600000000001,521,40,223.35333333333335
17419.0,11,18,6126.25,2884,203,340.34722222222223
17420.0,50,6,953.58,446,43,158.93
17421.0,386,3,1059.41,807,46,353.1366666666667
17422.0,16,11,3594.76,3538,149,326.79636363636365
17423.0,46,3,1118.95,790,39,372.98333333333335
17425.0,19,2,759.17,407,42,379.585
17426.0,8,13,8077.77,5187,248,621.3669230769231
17427.0,72,1,100.8,34,2,100.8
17428.0,1,45,31466.760000000002,17356,422,699.2613333333334
17429.0,128,5,1357.46,1286,80,271.492
17430.0,33,4,622.57,455,30,155.6425
17431.0,313,1,403.3,292,41,403.3
17432.0,18,9,1728.99,1008,213,192.11
17433.0,88,2,569.96,305,81,284.98
17434.0,2,7,2373.82,1693,100,339.1171428571429
17435.0,411,1,331.35,195,15,331.35
17436.0,2,5,534.06,178,8,106.81199999999998
17437.0,530,1,369.68,283,52,369.68
17438.0,254,5,1422.77,553,49,284.554
17439.0,656,1,325.74,370,8,325.74
17440.0,157,4,323.58,282,4,80.895
17441.0,732,1,293.35,245,21,293.35
17442.0,37,15,4620.3,3134,188,308.02000000000004
17446.0,177,2,120.9,198,6,60.45
17447.0,40,2,541.53,443,33,270.765
17448.0,497,46,14523.67,11534,569,315.7319565217391
17449.0,2,13,4868.15,2483,292,374.4730769230769
17450.0,8,51,244784.25,83914,144,4799.691176470588
17451.0,1,7,1721.4,1203,83,245.91428571428574
17453.0,18,2,486.71999999999997,219,19,243.35999999999999
17454.0,192,10,1547.94,727,98,154.794
17455.0,204,1,131.7,66,8,131.7
17456.0,365,2,975.5600000000001,508,59,487.78000000000003
17457.0,127,14,5984.8099999999995,2695,30,427.4864285714285
17458.0,15,2,529.58,282,81,264.79
17459.0,43,2,657.3,537,88,328.65
17460.0,94,16,2157.9700000000003,954,93,134.87312500000002
17461.0,23,3,735.82,770,104,245.27333333333334
17462.0,60,2,675.69,227,25,337.845
17463.0,16,7,2535.26,1480,234,362.18
17464.0,158,3,907.14,608,35,302.38
17465.0,426,7,2542.79,1477,103,363.2557142857143
17466.0,10,2,763.28,306,41,381.64
17467.0,395,1,102.6,20,4,102.6
17468.0,10,3,194.8,184,8,64.93333333333334
17469.0,16,17,5051.25,2304,165,297.13235294117646
17470.0,45,11,2626.47,2731,111,238.76999999999998
17471.0,475,1,321.65000000000003,153,19,321.65000000000003
17472.0,191,4,922.35,551,183,230.5875
17473.0,409,2,607.0,270,33,303.5
17474.0,600,1,1047.0,200,6,1047.0
17475.0,79,1,194.37,178,14,194.37
17476.0,396,2,489.86,224,29,244.93
17477.0,613,2,1144.3,225,44,572.15
17478.0,408,2,1272.8,516,40,636.4
17479.0,633,1,389.26000000000005,266,18,389.26000000000005
17480.0,78,2,882.23,581,50,441.115
17481.0,4,4,1255.59,1061,69,313.8975
17482.0,487,2,775.64,240,50,387.82
17483.0,65,4,591.73,265,23,147.9325
17484.0,576,2,209.57,339,14,104.785
17486.0,261,1,396.87,191,24,396.87
17487.0,728,1,160.55,37,8,160.55
17488.0,641,1,336.5,136,18,336.5
17489.0,59,2,376.64,428,28,188.32
17490.0,1,9,2750.5,1531,93,305.6111111111111
17491.0,1,17,5653.67,3362,105,332.56882352941176
17492.0,248,3,1122.42,450,32,374.14000000000004
17493.0,385,1,100.91000000000001,62,8,100.91000000000001
17494.0,502,1,54.699999999999996,26,3,54.699999999999996
17495.0,8,3,806.72,367,38,268.9066666666667
17496.0,359,4,1412.89,675,54,353.2225
17497.0,390,2,287.25,59,7,143.625
17498.0,76,1,272.22,394,17,272.22
17499.0,290,2,1341.39,1086,66,670.695
17500.0,17,3,1138.0,17,3,379.3333333333333
17501.0,221,2,288.6,160,18,144.3
17502.0,9,4,689.1,376,25,172.275
17503.0,3,2,558.96,486,36,279.48
17504.0,206,18,9490.17,5420,244,527.2316666666667
17505.0,161,5,2435.48,1242,83,487.096
17506.0,76,1,302.2,139,14,302.2
17507.0,262,2,605.58,359,79,302.79
17509.0,58,8,6083.64,3512,75,760.455
17510.0,25,2,514.56,422,28,257.28
17511.0,3,60,172132.87,117174,657,2868.8811666666666
17512.0,29,18,5467.820000000001,5434,102,303.76777777777784
17513.0,72,3,1158.8,440,18,386.26666666666665
17514.0,128,2,522.0,284,72,261.0
17515.0,31,9,1602.51,527,91,178.05666666666667
17516.0,15,6,947.5,522,150,157.91666666666666
17517.0,309,1,153.94,102,11,153.94
17518.0,426,2,329.42,267,71,164.71
17519.0,17,15,4774.17,3230,142,318.278
17520.0,54,1,546.81,365,30,546.81
17521.0,30,5,1278.06,806,65,255.612
17522.0,2,5,1070.71,1034,59,214.142
17523.0,11,4,652.74,872,25,163.185
17524.0,361,3,539.14,362,37,179.71333333333334
17525.0,360,3,1161.9,338,19,387.3
17526.0,5,12,3939.24,1442,67,328.27
17527.0,54,4,939.37,488,45,234.8425
17528.0,1,8,3628.5,2138,183,453.5625
17529.0,610,2,1240.25,790,78,620.125
17530.0,1,12,2791.69,1741,359,232.64083333333335
17531.0,190,3,1266.82,472,54,422.2733333333333
17532.0,386,1,65.34,30,4,65.34
17533.0,435,1,34.8,24,1,34.8
17534.0,54,5,1668.83,860,76,333.76599999999996
17535.0,280,1,164.4,136,13,164.4
17536.0,177,3,364.83,201,16,121.61
17537.0,30,2,887.67,699,74,443.835
17538.0,26,1,98.42,134,9,98.42
17539.0,618,4,1176.84,708,132,294.21
17540.0,25,6,1590.6000000000001,588,41,265.1
17541.0,510,1,119.86,44,31,119.86
17542.0,270,3,340.85,323,57,113.61666666666667
17543.0,550,1,120.05,62,13,120.05
17544.0,390,3,944.82,410,80,314.94
17545.0,43,6,1409.8600000000001,682,204,234.9766666666667
17547.0,376,2,727.85,223,22,363.925
17548.0,234,4,731.26,494,22,182.815
17549.0,24,2,148.86,210,5,74.43
17550.0,197,9,2506.64,968,250,278.5155555555555
17551.0,359,1,290.34,142,39,290.34
17552.0,60,12,2786.77,1951,78,232.23083333333332
17553.0,130,4,3757.6,2288,2,939.4
17554.0,1,5,1952.45,1763,58,390.49
17555.0,20,5,1045.74,739,220,209.148
17556.0,206,2,300.67,184,13,150.335
17557.0,14,4,575.46,310,28,143.865
17558.0,393,1,259.17,54,28,259.17
17559.0,513,1,167.62,270,12,167.62
17560.0,95,8,1895.8,1588,37,236.975
17561.0,19,4,703.02,381,163,175.755
17562.0,14,7,1122.38,817,48,160.34
17563.0,578,2,392.38,256,27,196.19
17564.0,24,3,454.01,146,38,151.33666666666667
17565.0,587,1,131.83,67,30,131.83
17566.0,8,2,869.77,497,113,434.885
17567.0,7,9,4838.08,2908,128,537.5644444444445
17568.0,633,1,374.45,275,61,374.45
17569.0,332,1,344.14,159,29,344.14
17570.0,382,1,100.0,1,1,100.0
17571.0,50,5,1630.91,991,290,326.182
17572.0,71,10,652.21,327,14,65.221
17573.0,29,3,380.6,308,24,126.86666666666667
17574.0,243,1,185.65,77,8,185.65
17575.0,667,1,171.7,72,5,171.7
17576.0,8,41,8711.95,4583,417,212.48658536585367
17577.0,645,2,348.75,179,20,174.375
17578.0,218,7,1047.33,529,57,149.6185714285714
17579.0,5,4,753.28,375,89,188.32
17580.0,253,5,541.02,223,78,108.204
17581.0,1,43,17951.17,9519,387,417.4690697674418
17582.0,236,5,1446.95,603,92,289.39
17583.0,560,1,135.95,55,7,135.95
17584.0,7,6,5309.42,2464,85,884.9033333333333
17585.0,109,7,2064.71,2510,295,294.9585714285714
17586.0,619,1,167.4,68,8,167.4
17587.0,628,1,176.71,67,42,176.71
17588.0,100,7,2939.55,1379,35,419.9357142857143
17589.0,60,18,13837.94,8704,601,768.7744444444445
17590.0,2,3,1468.02,822,162,489.34
17591.0,73,8,2339.32,1028,93,292.415
17592.0,739,1,148.3,38,13,148.3
17593.0,4,11,8092.32,5595,311,735.6654545454545
17594.0,85,4,2497.88,1368,70,624.47
17595.0,12,2,386.69,228,68,193.345
17596.0,23,13,4491.46,7010,274,345.49692307692305
17597.0,214,5,3484.09,2215,109,696.818
17598.0,381,1,409.98,126,10,409.98
17599.0,477,1,52.05,11,3,52.05
17600.0,18,1,161.67000000000002,144,13,161.67000000000002
17601.0,239,2,413.08,295,69,206.54
17602.0,2,14,7354.43,5880,450,525.3164285714286
17603.0,78,4,1788.38,638,104,447.095
17604.0,217,6,942.38,614,142,157.06333333333333
17605.0,590,1,160.75,71,13,160.75
17606.0,737,1,87.30000000000001,42,6,87.30000000000001
17607.0,376,1,333.81,269,22,333.81
17608.0,33,4,488.06,528,134,122.015
17609.0,41,11,1887.8999999999999,1321,317,171.62727272727273
17610.0,540,5,1511.94,893,114,302.38800000000003
17611.0,7,28,8337.53,5341,722,297.7689285714286
17612.0,53,18,5394.86,3521,213,299.71444444444444
17613.0,23,14,4544.55,2490,211,324.6107142857143
17614.0,57,1,386.32,235,97,386.32
17615.0,130,6,721.8,378,47,120.3
17616.0,174,4,734.4,288,1,183.6
17617.0,559,1,385.19,249,18,385.19
17618.0,6,11,4001.64,1798,202,363.7854545454545
17619.0,312,1,214.37,124,71,214.37
17620.0,60,1,81.44,60,4,81.44
17621.0,21,6,3175.12,1110,61,529.1866666666666
17622.0,598,2,1130.21,379,19,565.105
17623.0,33,7,2365.77,799,130,337.96714285714285
17624.0,15,4,1568.63,958,91,392.1575
17625.0,18,8,5978.9,3505,429,747.3625
17626.0,603,1,254.0,202,18,254.0
17627.0,479,1,296.36,676,10,296.36
17628.0,81,1,75.75,79,5,75.75
17629.0,6,10,2455.52,1903,129,245.552
17630.0,170,2,503.59999999999997,158,24,251.79999999999998
17631.0,2,7,998.49,591,66,142.64142857142858
17633.0,31,7,2057.39,899,84,293.91285714285715
17634.0,36,9,2358.59,838,209,262.0655555555556
17635.0,424,3,1265.58,770,60,421.85999999999996
17636.0,19,1,285.56,182,20,285.56
17637.0,31,2,547.0600000000001,280,35,273.53000000000003
17638.0,647,2,842.4,432,2,421.2
17639.0,276,6,615.17,576,59,102.52833333333332
17640.0,87,6,3168.94,1692,48,528.1566666666666
17642.0,120,5,1824.49,1475,88,364.898
17643.0,373,2,439.7,226,30,219.85
17644.0,1,20,6028.6,3469,160,301.43
17646.0,219,12,3898.79,1308,124,324.89916666666664
17647.0,65,3,331.65999999999997,82,12,110.55333333333333
17648.0,61,5,2216.37,954,114,443.274
17649.0,138,3,1578.89,723,88,526.2966666666667
17650.0,21,1,166.08,150,8,166.08
17651.0,12,16,5703.52,4086,198,356.47
17652.0,25,12,4867.72,2509,118,405.6433333333334
17653.0,37,4,1207.56,1409,44,301.89
17654.0,277,1,117.55,41,22,117.55
17655.0,11,9,2976.38,1268,75,330.7088888888889
17656.0,73,5,1674.69,1399,67,334.938
17657.0,430,1,126.0,60,7,126.0
17658.0,26,2,595.42,616,17,297.71
17659.0,17,14,3586.9900000000002,1752,150,256.21357142857147
17660.0,141,2,342.22,259,75,171.11
17662.0,662,2,412.92,184,14,206.46
17663.0,26,17,5175.83,2297,153,304.4605882352941
17664.0,19,4,1166.23,1058,68,291.5575
17665.0,493,1,563.1,690,19,563.1
17666.0,4,5,2047.8,1552,30,409.56
17667.0,66,9,3950.7,2192,140,438.96666666666664
17668.0,1,2,347.75,93,14,173.875
17669.0,43,10,6142.35,3505,85,614.235
17670.0,228,1,205.7,110,11,205.7
17671.0,16,5,2009.16,987,54,401.832
17672.0,50,7,5778.63,2758,179,825.5185714285715
17673.0,1,13,4173.88,3284,195,321.0676923076923
17674.0,74,2,551.04,672,19,275.52
17675.0,1,70,37642.48,16180,345,537.7497142857143
17676.0,4,10,2448.64,1764,85,244.86399999999998
17677.0,2,54,35058.46,20921,346,649.2307407407408
17678.0,264,2,599.76,368,27,299.88
17679.0,53,7,3577.61,1755,70,511.08714285714285
17680.0,24,3,497.45,155,20,165.81666666666666
17681.0,597,5,731.2,450,12,146.24
17682.0,10,11,4065.28,2281,85,369.5709090909091
17683.0,386,3,819.01,781,41,273.00333333333333
17684.0,44,1,239.41,145,15,239.41
17685.0,17,12,5454.95,3474,124,454.57916666666665
17686.0,7,9,8296.81,3583,283,921.8677777777777
17687.0,421,1,432.68,210,26,432.68
17688.0,394,1,304.2,114,19,304.2
17689.0,388,2,317.08,300,17,158.54
17690.0,30,20,6963.8,2939,237,348.19
17691.0,358,4,637.5500000000001,315,37,159.38750000000002
17692.0,127,12,2975.8,2338,90,247.98333333333335
17693.0,137,1,200.47,231,16,200.47
17694.0,142,3,1695.97,1493,54,565.3233333333334
17695.0,132,5,1746.04,1809,46,349.20799999999997
17696.0,38,27,7679.59,5891,191,284.42925925925925
17697.0,236,1,338.95,93,19,338.95
17698.0,261,1,154.95,93,8,154.95
17699.0,477,2,442.0,208,17,221.0
17700.0,17,14,6679.97,3469,259,477.1407142857143
17701.0,253,1,417.95,109,24,417.95
17702.0,30,6,3144.04,2153,120,524.0066666666667
17703.0,35,4,1094.84,897,63,273.71
17704.0,169,2,885.19,343,27,442.595
17705.0,3,11,2083.9,1301,74,189.44545454545457
17706.0,4,31,20272.15,7824,408,653.9403225806452
17707.0,185,8,609.3000000000001,546,9,76.16250000000001
17708.0,188,4,884.1800000000001,387,57,221.04500000000002
17709.0,170,5,671.01,295,37,134.202
17710.0,424,1,293.5,158,20,293.5
17711.0,11,2,385.1,246,22,192.55
17712.0,45,1,522.91,215,29,522.91
17713.0,382,4,1198.09,989,55,299.5225
17714.0,321,5,1410.18,608,69,282.036
17715.0,201,2,489.59999999999997,576,1,244.79999999999998
17716.0,23,24,15956.97,8819,334,664.87375
17717.0,421,1,376.92,344,26,376.92
17718.0,232,2,439.18,274,22,219.59
17719.0,38,15,5396.04,2466,111,359.736
17720.0,26,10,2666.91,1589,81,266.691
17721.0,659,1,307.21000000000004,107,11,307.21000000000004
17722.0,96,5,3520.2200000000003,2412,163,704.0440000000001
17723.0,127,7,3378.4000000000005,912,6,482.6285714285715
17724.0,71,3,1033.0,300,38,344.3333333333333
17725.0,16,11,3439.08,2162,115,312.64363636363635
17726.0,395,7,1092.06,444,52,156.00857142857143
17727.0,15,1,1060.25,645,66,1060.25
17728.0,4,5,4238.76,2146,196,847.7520000000001
17729.0,596,1,438.65000000000003,247,23,438.65000000000003
17730.0,3,20,7773.8,5300,177,388.69
17731.0,79,6,1708.99,707,82,284.83166666666665
17732.0,373,8,2166.42,1058,90,270.8025
17733.0,39,2,692.19,463,33,346.095
17734.0,54,6,1442.32,741,76,240.38666666666666
17735.0,2,26,16790.33,10683,391,645.7819230769231
17736.0,9,3,377.44,238,24,125.81333333333333
17737.0,9,2,168.24,108,8,84.12
17738.0,19,13,4183.56,2776,173,321.81230769230774
17739.0,12,18,7730.59,2335,56,429.4772222222222
17740.0,389,6,426.9,222,5,71.14999999999999
17741.0,407,2,101.1,114,6,50.55
17742.0,113,11,2098.48,653,52,190.7709090909091
17743.0,448,1,229.2,96,3,229.2
17744.0,4,7,2649.14,3826,121,378.4485714285714
17745.0,478,2,600.34,164,27,300.17
17746.0,240,4,904.1800000000001,688,32,226.04500000000002
17747.0,113,1,71.4,12,1,71.4
17748.0,527,1,358.15,111,17,358.15
17749.0,178,3,1026.18,446,52,342.06
17750.0,5,9,1710.45,3747,101,190.05
17751.0,421,1,157.85999999999999,147,31,157.85999999999999
17752.0,359,1,80.64,192,1,80.64
17753.0,464,4,382.06,124,63,95.515
17754.0,1,13,4451.22,4366,185,342.4015384615385
17756.0,376,3,728.75,399,54,242.91666666666666
17757.0,1,56,9074.05,5011,362,162.03660714285712
17758.0,19,12,4964.03,3199,403,413.6691666666666
17759.0,17,5,1261.88,965,114,252.37600000000003
17760.0,22,6,746.39,531,58,124.39833333333333
17761.0,33,1,712.78,398,19,712.78
17762.0,456,1,129.75,129,16,129.75
17763.0,263,4,86.15,41,11,21.5375
17764.0,51,5,1513.57,674,126,302.714
17765.0,159,4,524.0,195,71,131.0
17766.0,381,2,299.61,155,21,149.805
17767.0,15,2,413.05,198,35,206.525
17768.0,8,7,3292.73,2339,134,470.39
17769.0,13,17,7053.38,3157,330,414.90470588235297
17770.0,199,5,1143.27,365,33,228.654
17771.0,57,4,387.41,373,63,96.8525
17772.0,11,3,360.75,113,94,120.25
17773.0,514,2,575.37,254,48,287.685
17774.0,97,9,3273.83,1585,286,363.75888888888886
17775.0,255,1,56.4,72,3,56.4
17776.0,387,2,330.56,273,74,165.28
17777.0,25,3,647.56,501,141,215.85333333333332
17778.0,662,1,197.70000000000002,214,10,197.70000000000002
17779.0,21,3,650.32,396,73,216.77333333333334
17780.0,667,3,346.56,156,76,115.52
17781.0,159,2,188.02,34,12,94.01
17782.0,383,2,679.02,538,29,339.51
17783.0,72,3,376.96,438,91,125.65333333333332
17784.0,550,1,112.86,72,19,112.86
17785.0,53,3,403.38,227,48,134.46
17786.0,85,2,266.85,195,57,133.425
17787.0,153,4,1817.54,896,94,454.385
17788.0,74,2,1117.9,211,3,558.95
17789.0,281,2,397.15,199,27,198.575
17790.0,27,20,2779.41,1387,188,138.9705
17791.0,30,1,106.1,46,10,106.1
17792.0,467,2,368.35,149,45,184.175
17793.0,25,1,300.34,226,49,300.34
17794.0,687,2,147.3,46,7,73.65
17795.0,180,2,342.83,305,43,171.415
17796.0,40,7,1236.39,347,149,176.62714285714287
17797.0,22,8,1971.87,1086,222,246.48375
17798.0,582,1,178.07,138,43,178.07
17799.0,22,20,6246.93,3674,478,312.3465
17800.0,37,9,1187.21,732,51,131.91222222222223
17801.0,451,3,770.03,820,66,256.6766666666667
17802.0,82,10,4946.22,2705,283,494.622
17803.0,392,1,184.66,98,27,184.66
17804.0,376,3,383.78000000000003,194,82,127.92666666666668
17805.0,74,2,927.03,1126,10,463.515
17806.0,11,1,546.04,727,43,546.04
17807.0,395,3,437.87,262,88,145.95666666666668
17808.0,549,4,262.64,143,29,65.66
17809.0,16,20,10085.89,2995,59,504.29449999999997
17810.0,669,2,373.16,118,51,186.58
17811.0,4,47,9519.8,5278,538,202.54893617021276
17812.0,13,7,911.99,444,162,130.28428571428572
17813.0,14,5,1698.07,752,297,339.614
17814.0,375,2,1609.37,1435,112,804.685
17815.0,393,1,591.96,612,13,591.96
17816.0,37,6,96.11,80,41,16.018333333333334
17817.0,4,6,788.15,353,115,131.35833333333332
17818.0,738,1,124.78,86,42,124.78
17819.0,72,12,6021.05,1610,66,501.75416666666666
17820.0,374,1,180.60999999999999,111,39,180.60999999999999
17821.0,406,1,334.62,162,6,334.62
17822.0,420,5,2162.93,1375,152,432.58599999999996
17823.0,421,2,449.25,252,88,224.625
17824.0,51,1,298.4,408,13,298.4
17825.0,599,4,701.96,516,24,175.49
17826.0,374,1,133.34,84,33,133.34
17827.0,5,6,2376.17,1582,240,396.02833333333336
17830.0,2,3,398.7,92,18,132.9
17831.0,33,1,35.400000000000006,12,2,35.400000000000006
17832.0,50,1,155.37,208,61,155.37
17833.0,723,1,338.46000000000004,143,28,338.46000000000004
17834.0,415,2,689.6700000000001,639,54,344.83500000000004
17835.0,3,3,342.24,344,45,114.08
17836.0,47,1,110.21000000000001,88,23,110.21000000000001
17837.0,42,8,1541.23,510,110,192.65375
17838.0,27,13,5604.64,3491,141,431.1261538461539
17839.0,42,1,318.15,257,50,318.15
17840.0,444,1,175.9,128,44,175.9
17841.0,2,211,68545.25,36584,2116,324.8590047393365
17842.0,602,1,430.69,89,18,430.69
17843.0,303,2,320.4,251,58,160.2
17845.0,555,4,596.09,195,42,149.0225
17846.0,85,1,2033.1,1,1,2033.1
17847.0,516,2,129.69,29,9,64.845
17848.0,81,30,3559.11,1404,105,118.637
17849.0,218,8,1063.76,224,24,132.97
17850.0,372,155,51208.87,21052,100,330.3798064516129
17851.0,422,6,1552.35,933,185,258.72499999999997
17852.0,12,5,657.8100000000001,372,82,131.562
17853.0,407,3,1596.29,625,84,532.0966666666667
17854.0,185,6,1068.5,607,113,178.08333333333334
17855.0,373,1,208.97,197,17,208.97
17856.0,2,4,1418.03,842,12,354.5075
17857.0,4,24,27347.04,19906,21,1139.46
17858.0,6,30,12518.65,5383,173,417.2883333333333
17859.0,305,1,141.92000000000002,102,23,141.92000000000002
17860.0,369,4,717.39,696,127,179.3475
17861.0,3,18,5088.29,4541,329,282.6827777777778
17862.0,324,4,1254.89,440,90,313.7225
17863.0,59,12,5360.48,4676,154,446.70666666666665
17864.0,13,5,876.57,1015,93,175.31400000000002
17865.0,31,46,26312.190000000002,12950,391,572.0041304347826
17866.0,143,3,1134.95,535,20,378.31666666666666
17867.0,30,15,1582.0500000000002,638,119,105.47000000000001
17868.0,386,1,227.15,85,18,227.15
17869.0,107,7,813.64,491,72,116.23428571428572
17870.0,2,13,2753.29,1699,215,211.79153846153847
17871.0,205,5,1068.95,665,64,213.79000000000002
17872.0,382,1,235.87,176,15,235.87
17873.0,80,18,6265.33,4159,65,348.07388888888886
17874.0,185,6,683.46,221,37,113.91000000000001
17875.0,688,1,167.1,98,25,167.1
17876.0,400,3,3424.02,1958,3,1141.34
17877.0,170,1,237.61,98,12,237.61
17878.0,44,3,1378.93,1014,82,459.6433333333334
17879.0,174,1,178.51999999999998,45,6,178.51999999999998
17880.0,365,3,824.9200000000001,466,43,274.97333333333336
17881.0,304,1,133.35000000000002,32,8,133.35000000000002
17882.0,379,2,291.56,130,47,145.78
17883.0,3,7,988.42,476,155,141.20285714285714
17884.0,4,20,2698.47,2749,305,134.9235
17885.0,12,1,156.34,110,50,156.34
17886.0,32,6,1572.55,711,138,262.09166666666664
17887.0,129,1,111.35,30,10,111.35
17888.0,21,25,1807.44,1536,145,72.2976
17889.0,212,7,746.42,403,97,106.63142857142857
17890.0,323,2,586.89,402,88,293.445
17891.0,162,1,203.85999999999999,393,34,203.85999999999999
17892.0,56,3,244.1,109,27,81.36666666666666
17893.0,225,1,107.21,149,15,107.21
17894.0,72,18,2304.58,938,215,128.03222222222223
17895.0,44,1,95.45,127,15,95.45
17896.0,23,1,256.32,288,2,256.32
17897.0,173,9,2099.89,864,211,233.3211111111111
17898.0,85,4,299.18,251,48,74.795
17899.0,159,1,154.55,170,29,154.55
17900.0,190,2,112.19999999999999,73,4,56.099999999999994
17901.0,29,3,260.08,38,22,86.69333333333333
17902.0,547,1,216.39999999999998,526,24,216.39999999999998
17903.0,394,1,381.09000000000003,142,44,381.09000000000003
17904.0,21,1,181.07,59,33,181.07
17905.0,71,13,2178.87,1299,129,167.6053846153846
17906.0,247,1,72.9,26,12,72.9
17907.0,641,1,291.76,1046,13,291.76
17908.0,374,5,1142.47,670,178,228.494
17909.0,737,1,110.05,35,8,110.05
17910.0,726,1,261.7,121,25,261.7
17911.0,9,1,366.23,223,39,366.23
17912.0,310,6,374.55,215,48,62.425000000000004
17913.0,59,14,3429.29,1725,224,244.9492857142857
17914.0,4,1,329.36,457,72,329.36
17915.0,551,1,225.78,184,27,225.78
17916.0,629,2,43.87,90,15,21.935
17917.0,45,3,335.03,184,77,111.67666666666666
17918.0,501,3,396.39,352,34,132.13
17919.0,88,2,1840.32,1452,37,920.16
17920.0,4,54,23581.78,12265,715,436.6996296296296
17921.0,64,10,2394.36,991,230,239.436
17922.0,543,1,170.4,49,8,170.4
17923.0,282,3,497.0,140,2,165.66666666666666
17924.0,12,8,3257.7000000000003,1208,27,407.21250000000003
17925.0,373,1,244.08,72,1,244.08
17926.0,133,5,1035.49,572,27,207.098
17927.0,722,1,294.0,108,10,294.0
17928.0,45,3,341.24,222,27,113.74666666666667
17929.0,11,12,3082.1,434,6,256.84166666666664
17930.0,36,13,4275.22,3795,39,328.86307692307696
17931.0,134,14,3402.24,1919,274,243.01714285714283
17932.0,29,3,1331.57,789,84,443.8566666666666
17933.0,632,1,114.69,63,12,114.69
17934.0,52,3,1049.15,628,36,349.7166666666667
17935.0,138,7,686.14,244,60,98.02
17936.0,5,1,380.13,257,68,380.13
17937.0,9,7,4301.22,1754,19,614.46
17938.0,420,1,144.29,53,29,144.29
17939.0,160,1,99.14,40,12,99.14
17940.0,49,16,30306.79,85148,11,1894.174375
17941.0,131,4,1433.28,1108,5,358.32
17942.0,8,1,77.50000000000001,38,2,77.50000000000001
17944.0,423,1,74.99,84,24,74.99
17945.0,697,3,360.35,244,66,120.11666666666667
17946.0,233,2,149.57999999999998,75,18,74.78999999999999
17947.0,37,1,176.68,168,9,176.68
17948.0,147,1,358.56000000000006,144,1,358.56000000000006
17949.0,1,118,117314.08,60538,58,994.1871186440678
17950.0,72,7,1166.29,659,133,166.61285714285714
17951.0,40,4,1340.5800000000002,780,24,335.14500000000004
17952.0,378,4,788.46,477,85,197.115
17953.0,540,1,159.17000000000002,98,20,159.17000000000002
17954.0,5,19,3804.38,3180,479,200.2305263157895
17955.0,199,6,949.9,681,16,158.31666666666666
17956.0,249,1,12.75,1,1,12.75
17957.0,66,1,111.68,287,31,111.68
17958.0,117,2,973.88,284,35,486.94
17959.0,592,1,140.75,49,2,140.75
17960.0,171,3,135.08,60,37,45.02666666666667
17961.0,21,100,2866.74,1491,486,28.667399999999997
17962.0,142,4,666.96,633,146,166.74
17963.0,471,4,643.16,341,98,160.79
17964.0,32,2,463.21,294,84,231.605
17965.0,38,29,7006.65,4383,588,241.60862068965517
17966.0,38,10,1963.92,3918,82,196.392
17967.0,372,2,223.42,111,59,111.71
17968.0,374,4,590.4399999999999,352,106,147.60999999999999
17969.0,166,20,2354.29,1014,113,117.7145
17970.0,211,1,562.79,513,27,562.79
17971.0,548,1,161.94,62,21,161.94
17972.0,242,1,135.19,36,30,135.19
17973.0,52,1,337.04,176,15,337.04
17974.0,25,6,1739.09,1189,279,289.8483333333333
17975.0,15,24,6696.33,2179,243,279.01375
17976.0,372,1,321.79,93,56,321.79
17977.0,29,2,1511.45,1948,94,755.725
17978.0,365,4,1159.99,1297,62,289.9975
17979.0,36,4,732.41,383,116,183.1025
17980.0,166,4,1012.72,771,41,253.18
17981.0,411,1,239.12,260,17,239.12
17982.0,681,1,138.18,117,13,138.18
17983.0,395,1,171.71,108,23,171.71
17984.0,145,5,1152.19,939,209,230.43800000000002
17985.0,22,1,631.35,171,20,631.35
17986.0,56,1,20.8,10,1,20.8
17987.0,185,5,965.4399999999999,981,139,193.088
17988.0,12,14,489.54,186,115,34.96714285714286
17989.0,379,1,207.32999999999998,300,26,207.32999999999998
17990.0,237,6,1527.6100000000001,777,40,254.6016666666667
17991.0,225,3,300.3,93,37,100.10000000000001
17992.0,389,1,252.88,130,49,252.88
17993.0,617,1,225.99,108,60,225.99
17994.0,122,11,2270.0299999999997,2181,227,206.36636363636362
17995.0,282,3,495.48,263,28,165.16
17996.0,380,3,482.33,587,63,160.77666666666667
17997.0,74,8,1962.46,2273,133,245.3075
17998.0,380,3,639.24,561,57,213.08
17999.0,37,3,528.46,286,125,176.15333333333334
18000.0,564,1,124.25,109,6,124.25
18001.0,12,6,924.14,874,120,154.02333333333334
18002.0,376,4,244.37,71,52,61.0925
18003.0,376,1,353.51,297,23,353.51
18004.0,362,1,157.92,75,32,157.92
18005.0,4,2,226.47,86,52,113.235
18006.0,23,4,969.51,395,57,242.3775
18007.0,393,1,215.22,246,46,215.22
18008.0,70,23,19759.079999999998,7825,77,859.0904347826087
18009.0,235,8,2144.23,651,145,268.02875
18010.0,257,1,174.8,60,14,174.8
18011.0,373,2,410.79,125,63,205.395
18012.0,723,1,115.3,63,13,115.3
18013.0,155,2,187.29,285,31,93.645
18014.0,28,1,162.22,66,29,162.22
18015.0,4,1,120.03,157,46,120.03
18016.0,32,7,1954.56,1207,115,279.22285714285715
18017.0,81,4,688.0,400,1,172.0
18018.0,108,4,297.99,186,43,74.4975
18019.0,52,1,38.45,7,5,38.45
18020.0,544,1,190.48000000000002,67,12,190.48000000000002
18021.0,510,2,216.41,168,32,108.205
18022.0,36,5,1507.25,1311,306,301.45
18024.0,153,2,389.78,184,21,194.89
18025.0,380,6,1177.72,1053,83,196.28666666666666
18026.0,501,2,2074.07,530,12,1037.035
18027.0,99,1,115.31,78,21,115.31
18028.0,583,1,192.05,133,4,192.05
18029.0,642,1,433.77,253,18,433.77
18030.0,4,2,230.64999999999998,67,8,115.32499999999999
18031.0,379,1,451.3,298,49,451.3
18032.0,334,1,73.5,42,5,73.5
18033.0,65,1,93.82000000000001,252,32,93.82000000000001
18034.0,22,3,754.2,951,182,251.4
18035.0,36,5,1260.23,1134,52,252.046
18036.0,32,11,1545.49,741,221,140.4990909090909
18037.0,154,15,167.42,37,31,11.161333333333333
18038.0,556,1,141.48,80,25,141.48
18039.0,374,4,548.22,555,137,137.055
18040.0,19,2,357.20000000000005,148,18,178.60000000000002
18041.0,12,38,8018.7699999999995,7316,464,211.02026315789473
18042.0,54,2,281.15,69,13,140.575
18043.0,25,3,529.29,265,106,176.42999999999998
18044.0,4,18,3505.61,1598,128,194.75611111111112
18045.0,45,1,178.34,138,43,178.34
18046.0,650,1,189.63,44,26,189.63
18047.0,381,2,326.09,130,74,163.045
18048.0,203,3,394.93,256,56,131.64333333333335
18049.0,437,2,500.92,402,82,250.46
18050.0,359,2,412.06,250,22,206.03
18051.0,634,7,2282.28,1661,41,326.04
18052.0,565,1,10877.18,17766,16,10877.18
18053.0,71,3,571.07,409,29,190.35666666666668
18054.0,393,1,176.5,96,11,176.5
18055.0,7,14,10142.64,3534,320,724.4742857142857
18056.0,288,2,554.6,334,28,277.3
18057.0,393,3,1188.46,970,121,396.15333333333336
18058.0,10,3,774.06,394,12,258.02
18059.0,23,3,306.46,258,17,102.15333333333332
18060.0,408,2,1185.46,902,74,592.73
18061.0,22,28,6083.81,3359,30,217.2789285714286
18062.0,173,6,1632.67,831,46,272.1116666666667
18063.0,391,2,186.60000000000002,48,2,93.30000000000001
18064.0,133,11,4481.83,2685,53,407.4390909090909
18065.0,6,29,5866.63,2265,193,202.29758620689657
18066.0,75,3,1440.4,535,37,480.1333333333334
18067.0,40,1,396.33,189,36,396.33
18068.0,289,1,101.69999999999999,6,1,101.69999999999999
18069.0,26,11,4464.92,3168,602,405.9018181818182
18070.0,669,1,314.1,86,9,314.1
18071.0,258,6,1169.68,678,52,194.9466666666667
18072.0,186,1,247.44,288,18,247.44
18073.0,114,12,3859.82,3102,23,321.6516666666667
18074.0,374,2,1019.44,361,37,509.72
18075.0,23,20,5783.29,3281,180,289.1645
18076.0,380,1,151.49,164,8,151.49
18077.0,8,18,4078.79,3020,141,226.59944444444443
18078.0,217,4,725.53,370,65,181.3825
18079.0,45,5,4203.93,8730,107,840.7860000000001
18080.0,19,2,1231.5,642,2,615.75
18081.0,36,3,343.45,195,14,114.48333333333333
18082.0,26,1,680.84,608,62,680.84
18083.0,398,1,463.53,268,36,463.53
18084.0,16,3,795.2299999999999,755,7,265.07666666666665
18085.0,330,4,1341.8500000000001,507,42,335.46250000000003
18086.0,274,1,101.34,106,7,101.34
18087.0,98,17,14761.519999999999,7775,44,868.3247058823529
18088.0,61,1,166.03,107,35,166.03
18089.0,447,1,428.45,95,9,428.45
18090.0,422,1,321.9,307,47,321.9
18091.0,593,1,360.85,539,25,360.85
18092.0,2,18,14693.72,8298,42,816.3177777777778
18093.0,93,8,4452.71,3429,43,556.58875
18094.0,82,13,6391.52,4164,55,491.65538461538466
18095.0,312,5,2303.09,1623,37,460.61800000000005
18096.0,12,6,1657.87,1409,299,276.31166666666667
18097.0,8,11,4627.92,2716,86,420.72
18098.0,396,1,527.94,215,85,527.94
18099.0,127,1,168.31,149,19,168.31
18100.0,550,1,451.56,440,30,451.56
18101.0,11,5,622.01,247,89,124.402
18102.0,1,145,580987.04,181645,382,4006.8071724137935
18103.0,549,1,105.8,23,10,105.8
18104.0,37,1,754.64,362,38,754.64
18105.0,38,1,113.48000000000002,46,18,113.48000000000002
18106.0,330,6,1441.06,506,126,240.17666666666665
18107.0,442,1,165.88,65,38,165.88
18108.0,254,3,848.8100000000001,261,43,282.93666666666667
18109.0,2,38,9555.71,4822,203,251.46605263157892
18110.0,20,2,392.28000000000003,169,58,196.14000000000001
18111.0,589,1,405.85,232,27,405.85
18112.0,12,4,773.36,443,59,193.34
18113.0,369,1,76.32000000000001,72,1,76.32000000000001
18114.0,290,1,220.1,55,28,220.1
18115.0,698,1,9.700000000000001,3,3,9.700000000000001
18116.0,68,13,2134.4900000000002,1267,311,164.19153846153847
18117.0,26,1,315.65,605,68,315.65
18118.0,11,29,6221.02,3184,444,214.51793103448279
18119.0,368,1,180.7,124,29,180.7
18120.0,214,1,111.15,31,17,111.15
18121.0,149,2,653.3,438,28,326.65
18122.0,8,6,1793.06,1225,239,298.8433333333333
18123.0,24,3,666.64,616,53,222.21333333333334
18124.0,472,1,102.65,47,20,102.65
18125.0,30,4,1131.75,800,164,282.9375
18126.0,61,1,200.92000000000002,135,52,200.92000000000002
18127.0,19,4,556.13,250,56,139.0325
18128.0,537,1,399.29,216,42,399.29
18129.0,243,1,112.55000000000001,48,13,112.55000000000001
18130.0,15,3,1059.39,824,58,353.13000000000005
18131.0,632,1,222.95999999999998,552,4,222.95999999999998
18132.0,504,1,220.13,212,60,220.13
18133.0,212,1,931.4999999999999,1350,1,931.4999999999999
18134.0,598,2,445.0,128,27,222.5
18135.0,29,10,1249.6200000000001,753,23,124.96200000000002
18136.0,63,5,1631.3600000000001,860,77,326.27200000000005
18137.0,551,2,145.99,59,26,72.995
18138.0,295,1,152.65,38,8,152.65
18139.0,18,6,8438.34,5557,35,1406.39
18141.0,402,2,882.47,433,38,441.235
18142.0,157,2,1019.52,1276,9,509.76
18143.0,117,2,1000.16,570,59,500.08
18144.0,8,19,4892.95,2144,51,257.5236842105263
18145.0,13,11,5609.74,5104,250,509.9763636363636
18146.0,141,2,160.35000000000002,153,10,80.17500000000001
18147.0,46,2,179.33999999999997,203,7,89.66999999999999
18148.0,647,1,112.85000000000001,63,9,112.85000000000001
18149.0,51,7,1553.96,869,54,221.99428571428572
18150.0,32,3,566.58,332,29,188.86
18151.0,135,6,1879.44,986,99,313.24
18152.0,646,1,426.69,75,10,426.69
18153.0,659,1,246.22,200,17,246.22
18154.0,3,5,932.6,626,34,186.52
18155.0,75,3,371.62,266,19,123.87333333333333
18156.0,13,2,675.64,283,100,337.82
18157.0,571,1,213.9,145,25,213.9
18158.0,9,2,453.4,354,24,226.7
18159.0,301,1,530.15,139,23,530.15
18160.0,57,3,1003.88,519,56,334.62666666666667
18161.0,15,6,1803.1000000000001,965,57,300.5166666666667
18162.0,732,1,371.51,332,45,371.51
18163.0,584,1,728.84,452,33,728.84
18164.0,37,1,399.65000000000003,184,24,399.65000000000003
18165.0,177,1,302.46000000000004,254,10,302.46000000000004
18166.0,624,1,175.5,90,10,175.5
18167.0,23,3,1384.8600000000001,382,24,461.62000000000006
18168.0,176,16,3435.5,1995,209,214.71875
18169.0,61,1,202.65,61,9,202.65
18170.0,33,9,2878.0,1184,59,319.77777777777777
18171.0,59,9,2437.31,991,76,270.8122222222222
18172.0,15,52,17467.24,7407,176,335.90846153846155
18173.0,87,5,2696.36,1730,34,539.272
18174.0,7,2,162.5,80,1,81.25
18175.0,676,1,176.1,70,7,176.1
18176.0,358,1,476.35,283,30,476.35
18177.0,31,9,2216.32,1238,66,246.2577777777778
18178.0,129,11,6103.74,3850,204,554.8854545454545
18179.0,9,8,2547.55,1811,101,318.44375
18180.0,5,6,1843.75,1721,108,307.2916666666667
18181.0,24,5,1188.34,510,139,237.66799999999998
18182.0,463,1,291.13,167,10,291.13
18183.0,227,2,632.07,371,36,316.035
18184.0,15,1,49.8,60,1,49.8
18185.0,249,1,304.25,183,17,304.25
18186.0,723,1,329.58,338,11,329.58
18187.0,632,1,724.89,310,48,724.89
18188.0,15,6,3280.59,1888,95,546.765
18189.0,78,3,1403.73,836,79,467.91
18190.0,192,5,745.62,490,34,149.124
18191.0,262,2,529.4,332,15,264.7
18192.0,72,1,957.97,339,45,957.97
18193.0,165,3,1207.35,926,66,402.45
18194.0,82,6,4162.04,1774,23,693.6733333333333
18195.0,387,1,101.16,60,5,101.16
18196.0,95,4,1457.19,1038,210,364.2975
18197.0,576,1,230.1,166,9,230.1
18198.0,4,17,5425.56,4074,81,319.15058823529415
18199.0,684,1,344.75,99,20,344.75
18200.0,106,1,150.35,104,29,150.35
18201.0,723,1,447.53000000000003,191,27,447.53000000000003
18202.0,200,3,1396.99,581,55,465.66333333333336
18203.0,157,4,492.52,111,40,123.13
18204.0,71,3,1975.35,1190,159,658.4499999999999
18205.0,36,2,517.36,192,30,258.68
18206.0,553,1,314.65999999999997,246,19,314.65999999999997
18207.0,499,1,544.47,325,31,544.47
18208.0,566,1,360.08,82,17,360.08
18209.0,29,1,139.10000000000002,58,8,139.10000000000002
18210.0,2,7,2768.83,1499,116,395.54714285714283
18211.0,26,5,600.07,359,37,120.01400000000001
18212.0,326,2,514.37,158,40,257.185
18213.0,237,1,232.48000000000002,232,15,232.48000000000002
18214.0,531,4,1780.34,989,38,445.085
18215.0,89,5,2232.4900000000002,1131,53,446.49800000000005
18216.0,31,1,481.75,200,26,481.75
18217.0,29,4,945.04,740,33,236.26
18218.0,211,4,1121.84,1028,25,280.46
18219.0,3,17,3352.7000000000003,1586,87,197.21764705882356
18220.0,227,6,1921.76,1352,17,320.29333333333335
18221.0,22,6,1424.94,1000,71,237.49
18222.0,93,1,443.0,335,19,443.0
18223.0,5,26,14000.85,6644,192,538.4942307692307
18224.0,264,1,158.95000000000002,69,10,158.95000000000002
18225.0,3,26,13014.8,7282,266,500.5692307692307
18226.0,44,26,11878.88,7883,299,456.88
18227.0,218,2,388.75,22,6,194.375
18228.0,57,2,779.9,238,23,389.95
18229.0,12,28,10150.51,3071,73,362.5182142857143
18230.0,9,9,4291.06,1996,42,476.7844444444445
18231.0,192,28,6854.17,2915,218,244.7917857142857
18232.0,82,4,592.97,302,31,148.2425
18233.0,326,1,440.0,4,1,440.0
18234.0,552,1,179.6,80,30,179.6
18235.0,72,3,1796.48,1578,100,598.8266666666667
18236.0,30,12,1795.3500000000001,696,80,149.6125
18237.0,3,5,987.1,622,40,197.42000000000002
18238.0,515,1,270.92,114,14,270.92
18239.0,219,6,1712.26,844,85,285.37666666666667
18240.0,46,1,422.58,126,6,422.58
18241.0,10,21,2986.9900000000002,1471,101,142.23761904761906
18242.0,72,8,3605.21,2021,113,450.65125
18243.0,414,1,515.78,221,26,515.78
18244.0,431,2,568.64,856,19,284.32
18245.0,7,20,6324.9800000000005,5098,336,316.249
18246.0,24,3,758.8199999999999,214,3,252.93999999999997
18247.0,415,3,839.73,335,28,279.91
18248.0,123,2,804.02,511,39,402.01
18249.0,17,1,95.34,128,8,95.34
18250.0,310,1,349.27,199,21,349.27
18251.0,87,9,26278.86,39639,87,2919.8733333333334
18252.0,51,7,1533.69,932,125,219.09857142857143
18253.0,643,1,317.88,128,7,317.88
18254.0,581,1,267.9,188,16,267.9
18255.0,89,2,303.15,201,16,151.575
18256.0,388,1,110.7,180,10,110.7
18257.0,39,12,4600.15,2369,219,383.3458333333333
18258.0,464,6,2059.67,1981,30,343.27833333333336
18259.0,25,7,3941.9,1274,51,563.1285714285715
18260.0,173,23,9947.26,5244,212,432.4895652173913
18261.0,43,2,324.24,146,19,162.12
18262.0,140,3,577.54,552,40,192.51333333333332
18263.0,26,3,1213.1599999999999,1468,59,404.3866666666666
18264.0,499,1,603.25,241,36,603.25
18265.0,72,2,801.51,311,44,400.755
18266.0,434,1,251.1,138,14,251.1
18267.0,673,1,269.37,135,17,269.37
18268.0,134,6,1490.23,711,36,248.37166666666667
18269.0,366,1,168.6,76,7,168.6
18270.0,38,3,444.55,209,17,148.18333333333334
18271.0,610,2,680.85,319,19,340.425
18272.0,3,9,4385.9800000000005,2880,145,487.33111111111117
18273.0,2,4,357.0,140,1,89.25
18274.0,30,1,175.92,88,11,175.92
18275.0,578,2,741.85,417,19,370.925
18276.0,44,6,1656.52,1246,81,276.08666666666664
18277.0,58,5,1180.05,449,53,236.01
18278.0,74,2,414.20000000000005,140,22,207.10000000000002
18279.0,519,1,231.33999999999997,630,13,231.33999999999997
18280.0,278,2,488.15000000000003,194,28,244.07500000000002
18281.0,181,2,201.14,146,17,100.57
18282.0,8,2,178.05,103,12,89.025
18283.0,4,22,2664.9,1679,352,121.13181818181819
18284.0,432,1,461.68,494,28,461.68
18285.0,661,1,427.0,145,12,427.0
18286.0,477,2,1296.43,608,67,648.215
18287.0,43,7,4182.99,3013,120,597.5699999999999
