Recency,Frequency,Monetary,Total_Quantity,Unique_Products,Average_Order_Value
0.5858783224008526,1.2471573932472422,3.263081749709799,3.3671438879580915,-0.34173108567376953,4.527888203635205
0.9621770146828703,-1.0626938558437988,-0.5413863121049548,-0.2521416987344658,-0.7489547038097792,0.6530388642822549
1.352765530722433,-0.56233965282819,-0.1385451784380801,-0.007262748961508164,-0.5765066536018487,0.4574377984457521
1.6099823583582427,-1.0626938558437988,-0.8974793209066502,-1.048444792679491,-0.7023080742274255,-0.03836688115273171
-0.9574226434140048,2.149091072663711,1.6870253450763935,1.1450921729854595,0.5740427324604442,0.37865336760919127
-0.9621859179998531,5.264074587854904,2.993315054890571,2.9049644967481942,3.251360097363349,-0.6971661006467534
-0.9478960942423081,0.9233932522095181,1.5016068154699962,1.0704598201398632,1.4800481725228856,1.5157913153745062
1.2146305677328315,-1.0626938558437988,-0.37969775165437814,-0.020193834186897963,-0.37141049614817273,0.9669804382627115
1.2146305677328315,-1.0626938558437988,-0.35080772970575413,-0.21032069680207424,-0.6163240061555176,1.0230745672326662
-0.9526593688281565,1.148382666632493,0.8161949466188251,0.9481997316562287,0.9237019148051182,-0.09506533271730279
0.05239156878584016,-0.56233965282819,-1.0005892944023773,-0.7096311325914295,-0.9074042316811012,-1.2119350833069717
-0.6287566969904703,-0.56233965282819,0.05827452739459978,0.1014613144005529,-0.010833507594516798,0.8391301433798716
-0.609703598647077,1.7154571887753904,1.4585864684282839,0.45075787483547497,-2.495449522400594,0.4545897198539456
-0.681152717434802,-1.0626938558437988,-0.5747480958384439,-0.4717021791170215,-0.4022101454292381,0.5882621672364015
1.5147168666412762,-0.56233965282819,-0.38084560336553025,-0.8109242599259479,-0.5765066536018487,-0.012254449309191553
-0.9526593688281565,1.2471573932472422,0.8456844889582812,0.931383291427891,0.6466322281051479,-0.16049792519288433
-0.9383695450706115,-0.20733269611345734,-0.5167276545353292,-0.5800965469704935,-0.6163240061555176,-0.8453665973656646
-0.9526593688281565,0.4832473463317343,0.10991460279695928,0.030088907573990888,0.08095908209781587,-0.6080020395836827
0.6382743428451841,-0.20733269611345734,-0.5966882806047504,0.1014613144005529,-0.7023080742274255,-0.999864127962664
-0.7859447583234651,0.4832473463317343,1.492824880102262,2.0215973791125217,-0.9074042316811012,2.0712398385576862
0.28102874890655977,-0.20733269611345734,-0.48217170390714653,-0.2945719687464061,-0.7489547038097792,-0.7785738498904028
-0.814524405838555,-0.56233965282819,-0.6009785927586094,-0.5868573153390715,-0.34173108567376953,-0.4387159918275973
-0.2762743776376943,-1.0626938558437988,-0.5386145155401418,-0.7346064333275023,-0.4342179279324365,0.658420705606626
0.3810575152093746,-1.0626938558437988,-0.7489762581401239,-0.9654947432132038,-0.6581841478671907,0.24997315438177065
1.0717323301573818,2.694323868808026,1.3997751758436545,1.0673499738558558,0.9658711244403901,-0.8174425032777773
-0.6859159920206502,1.5033896233472255,1.4650763636026318,1.0330430709925633,1.540303859116289,0.7242143031862422
-0.14290268923394117,-0.56233965282819,-0.20274760004593534,-0.590263614144485,0.5548396384128148,0.3329591019141779
-0.8049978566668584,1.0410084257512708,0.8898292778324544,0.8142657938132559,1.3804009135099473,0.18164484787019394
-0.9526593688281565,2.149091072663711,1.747481023041511,1.7529031829302322,1.0652483995479596,0.49572117799197696
-0.2810376522235426,0.6480284636168839,1.1126538152119747,1.0410503413880323,0.7749104149489473,1.1162595169377434
-0.9431328196564598,2.6645868804115995,1.507998919244549,1.5713397330197765,1.6151764814380274,-0.5739050832551164
-0.6335199715763187,0.06803209247917626,0.5701908263948953,0.41926768880805515,0.06340800044125627,0.8540862506251932
-0.652573069919712,2.319572086010156,1.4676935774800142,1.236374455430019,0.9174958480720942,-0.24722892902989657
-0.8288142295961001,0.06803209247917626,-0.2183355781543743,-0.497934759789593,0.6020258341916891,-0.672646441233977
0.3048451218358014,0.06803209247917626,-0.6580139605472388,-0.5569601765467971,-0.37141049614817273,-1.5209663766311678
2.2816040749628566,-1.0626938558437988,-2.888615690488644,-3.640124545623051,-2.495449522400594,-3.9044442593812176
-0.8621571516970383,-0.56233965282819,0.44238633804159005,0.7674920706753549,0.7052487678224237,1.5843288213987934
2.2530244274477664,-1.0626938558437988,-1.0438606711370515,-1.3863576577143846,-0.7489547038097792,-0.3225873069184976
-0.8192876804244034,0.4832473463317343,0.9059263056080169,0.9101960335876844,0.8726794364411976,0.9329755757948732
1.1574712727026517,-1.0626938558437988,-0.7091553906976971,-0.5700823738310379,-2.164551944321342,0.3272910905876776
-0.5049115577584139,-0.56233965282819,-0.8264029068221894,-0.7303782923648792,0.42903821778723844,-0.8750778628502742
0.4382168102395545,-1.0626938558437988,-0.7509068531024241,-0.7649798394662016,-0.7023080742274255,0.24622462684528776
-0.32390712349617756,1.148382666632493,1.0880298507362063,0.839474944157756,0.789615206340894,0.43110922763218423
-0.5906505003036837,0.6480284636168839,0.8886202663399245,0.8241376973547584,1.2166347945713203,0.6820207842879953
0.8097522279357239,0.06803209247917626,-0.2595545816168761,-0.4492213957791754,0.3580287687977862,-0.7523005850414802
-0.9288429958989148,0.4832473463317343,0.6602747179909655,0.5477674887049749,1.0600337246646783,0.4569379049157527
0.038101745028295185,0.4832473463317343,1.0459549322877237,0.7323509224887261,0.42903821778723844,1.204455546684502
0.8573849737942072,-1.0626938558437988,-1.2937694608574744,-1.470460433735591,-0.11427479409411481,-0.8078211328474654
1.2193938423186799,-1.0626938558437988,-0.30574597925788577,-0.31911487911259284,-0.5385419552887978,1.1105684308832278
2.334000095407188,-1.0626938558437988,-2.0127844184877275,-1.9069154958023462,-0.7489547038097792,-2.20389199206531
1.9862810506402604,-1.0626938558437988,-1.8479753664568155,-1.8826971918108517,-1.7476702981701815,-1.883891535282055
1.062205780985685,-0.56233965282819,0.08516195969664428,0.17138227810689968,0.8459198639383987,0.8912820546819007
-0.7192589141215886,0.4832473463317343,0.8435508085209934,0.42524019489124626,-0.4342179279324365,0.8120719708923648
-0.30961729973863256,-0.56233965282819,-0.7793583553727707,-0.036347282449173374,-1.5988787983140098,-0.7840469671047269
-0.843104053353645,1.338608506062076,1.593848321093348,1.8728134375348888,1.7559800495683353,1.1756598909040687
-0.08098011961791295,0.7933757099177606,0.616402873472369,0.6034916333958764,0.5834774484363009,-0.0332875152971174
2.2816040749628566,-1.0626938558437988,-0.6924793824799285,-0.7875558985699295,-0.13663492822009354,0.35966995680436065
0.8192787771074206,-0.20733269611345734,0.47247928265020495,0.433365897050796,0.5740427324604442,1.0704630821659
-0.5668341273744422,-0.20733269611345734,-0.11856530086635006,0.01649802841322862,-0.9074042316811012,-0.07502933846854194
0.5906415969867009,1.2471573932472422,0.9615106761998853,0.829019307225638,1.3331305973534788,0.06358192413708791
0.3762942406235263,-0.20733269611345734,0.6105191808477106,0.3388609777528216,-0.18328155780244723,1.3381966926823499
-0.28580092680939095,0.2930215069021515,0.3184664819587571,1.5947218473395224,-2.164551944321342,0.051875973080732586
-0.9478960942423081,1.8389627090776848,0.8815240990564435,1.0348308035145386,1.02802594216148,-0.8093758495930364
0.15718360967450332,-0.56233965282819,-0.01748952937007757,0.09782565497248229,-0.07131256734998571,0.692186374179697
-0.7526018362225269,-0.20733269611345734,-0.3081254378643609,-0.1619357934632743,-1.3641032303859306,-0.4419624277457142
0.8526216992083588,-0.56233965282819,-0.22788974517046884,-0.34933678258552825,-0.20764437720954537,0.2842167421504135
0.34771459310843633,-1.0626938558437988,-0.7831707630857365,-2.0432942317445764,-1.3641032303859306,0.18357960944456084
-0.9240797213130665,-0.56233965282819,0.3732048945135581,-0.43284524356104437,-0.96788329143657,1.4500905759243998
-0.8478673279394934,0.06803209247917626,-0.159305913774502,-0.5834683514626465,-0.050650860148185636,-0.5585380427100076
-0.5477810290310489,-1.0626938558437988,-0.7567530281554206,-1.581706754404157,-1.3641032303859306,0.23487343791275955
-0.6668628936772569,-0.20733269611345734,0.2138585463462845,0.21761680092997684,0.37030108791939076,0.5690313610715093
-0.6430465207480154,-0.56233965282819,0.3298539569377864,0.32518285962050675,0.47316214414747326,1.3659776990213812
0.8621482483800554,-1.0626938558437988,-0.9953568420087561,-1.028364981041055,-0.9074042316811012,-0.22841015289979544
0.05239156878584016,-0.56233965282819,-0.6579524608382342,-1.2090418326132162,-1.7476702981701815,-0.5490401229200831
0.8478584246225105,0.06803209247917626,-0.5963868315378168,-0.8863932273087582,-0.4022101454292381,-1.4022699846422273
-0.8526306025253416,-0.56233965282819,-0.15667563708452278,-0.021646244717921134,0.8792344423053089,0.4222840147180966
-0.08098011961791295,1.148382666632493,-0.029917788466254824,1.0605140202658137,-2.164551944321342,-1.7264607856088332
0.9240708179960837,-1.0626938558437988,-0.8727509119532103,-0.8061845248673303,-0.6581841478671907,0.009646878183373828
-0.8192876804244034,-1.0626938558437988,-1.1625781328331388,-1.097795511944651,-0.34173108567376953,-0.5530943179276447
1.7719336942770858,-1.0626938558437988,-1.2458893477408217,-1.7534028840076028,-0.5385419552887978,-0.7148550130903478
-0.7668916599800718,-0.56233965282819,-0.6206334009916332,-0.5377493261529606,-0.5022651455660757,-0.4767781637015913
0.009522097513205234,0.06803209247917626,-0.3870076545114524,-0.4248057499683392,-1.1042151012961297,-0.9984543009204524
1.2432102152479216,-0.56233965282819,-0.7875418925411656,-0.46318270303354536,-0.34173108567376953,-0.7998834948693982
1.0050464859555053,-1.0626938558437988,-0.633205099167502,-0.9776028943147181,-0.7023080742274255,0.47475949528383016
1.0431526826422919,-1.0626938558437988,-0.6867841228374661,-0.8109242599259479,-0.9074042316811012,0.3707281217815206
-0.9240797213130665,2.2372732423661383,2.1857205058445066,2.5885855932718105,-0.25866685557346636,1.2403891962936648
0.2953185726641048,-1.0626938558437988,-1.3372148357414397,-1.3016812162180795,-1.1042151012961297,-0.8921765710753433
1.0764956047432301,-1.0626938558437988,-0.035972480842470726,0.02874223377937529,-0.010833507594516798,1.634372443206275
-0.8812102500404316,-0.56233965282819,-0.4131716767059752,-0.31458472582948055,0.28024671793106676,-0.07489689712015778
1.7814602434487825,-0.56233965282819,0.10970754495866078,0.07934352611533858,0.17900811520458537,0.9388933349537444
-0.9097898975555215,0.2930215069021515,0.8759798956844194,0.8710341265034406,0.2239420603335628,1.1321455219205296
0.9193075434102354,-0.56233965282819,-0.3945915461930354,-0.6510070872942513,-0.46753250629934595,-0.03889242213265391
-0.1286128654763962,0.2930215069021515,0.5142306139854382,1.2301899867664836,-2.495449522400594,0.4310010104655264
-0.7764182091517684,0.7933757099177606,0.9203068270557493,0.9427552049402398,0.8526924658156667,0.5551389343799393
-0.85739387711119,1.338608506062076,1.375048135237957,1.3574579844540617,0.47316214414747326,0.7515860152735196
1.6623783788025743,-1.0626938558437988,0.4614503739602759,0.3563974509802036,1.3442846731615765,2.6001903930689703
-0.9526593688281565,0.2930215069021515,0.46609561858030696,0.23267237732929333,-0.7023080742274255,0.33775698563497814
-0.9431328196564598,1.338608506062076,1.4337325373808467,1.249005291225951,0.17900811520458537,0.8653040731847785
0.943123916339477,-1.0626938558437988,-0.9902264418448089,-0.22594440379323072,-1.1819971521628492,-0.218448743767753
-0.257221279294301,0.06803209247917626,0.07809647554134974,-0.0921321577047437,0.08095908209781587,-0.09925609346928811
-0.30485402515278426,0.6480284636168839,1.1874929544172024,0.8446418393942237,0.5450659426428811,1.261365813585755
-0.3572500455971158,0.4832473463317343,1.1676428542706891,0.5648592050839215,0.06340800044125627,1.4404355947092167
2.0148606981553505,-1.0626938558437988,1.8382648571938123,-3.640124545623051,-2.495449522400594,5.273473553862204
-0.9288429958989148,0.4832473463317343,0.30668559597064415,0.2356430735471889,-0.15962500745068847,-0.22757734880432723
-0.88597352462628,0.06803209247917626,-0.4270999988373735,-0.0777417545702005,0.28024671793106676,-1.0758361618948695
-0.9240797213130665,3.4098345632784426,2.6887193439380153,2.53615994560402,1.6539838167309564,0.8441302480289691
-0.20006198426412108,-1.0626938558437988,-0.5597992436026987,-0.1619357934632743,-0.3130932756502835,0.6172875119300084
-0.6620996190914087,-0.20733269611345734,-0.09321628137550546,-0.47744299022617503,0.2092372689416153,-0.025940086242151234
-0.5477810290310489,1.2471573932472422,0.7540602016034873,0.7337553447270077,0.23838657621939405,-0.33765842784061684
-0.9431328196564598,-0.20733269611345734,-0.13306235218957221,0.21149795269379704,0.08095908209781587,-0.10310133236365203
0.9907566621979602,0.06803209247917626,0.40288753723659243,0.3112178925154342,1.2749520150692093,0.5298127989957842
0.914544268824387,-1.0626938558437988,-1.082080696239542,-0.7829790423098484,-1.033205652306678,-0.39679697768810096
-0.8002345820810101,1.2471573932472422,1.1585185264063225,1.207391987995814,0.6552682223705544,0.44498206787151723
0.5191924781989761,-1.0626938558437988,-1.4547747695274311,-1.6793344007676652,-1.2679812202347571,-1.1204360753158658
-0.5954137748895321,-0.56233965282819,-0.5413688464010682,-0.41686215719554537,-0.5765066536018487,-0.3232637570147858
-0.8621571516970383,3.092634402096479,3.3901465003271944,3.256423000195361,-0.09251100185985872,2.5729113268147454
1.600455809186546,0.7933757099177606,0.4817947068989787,0.8155078146230836,0.40604813855664385,-0.2936694987772086
-0.8526306025253416,0.7933757099177606,0.45477326018559106,0.4642114630021431,1.369732868234058,-0.34591628727406537
2.5435841771845142,-1.0626938558437988,-1.1419626229687398,-1.7937746362613727,-2.164551944321342,-0.5130663431766582
-0.9574226434140048,1.5033896233472255,1.148126861721565,1.2733622584068067,0.804059722226726,0.11045237041654984
-0.88597352462628,0.06803209247917626,0.1414809374885387,0.11225069475489141,0.23838657621939405,0.02345276056682814
-0.8955000737979766,0.9233932522095181,0.9189970869486165,0.954607818239739,0.904940310539697,0.38657712250516624
-0.843104053353645,-1.0626938558437988,-1.4778609240356155,-0.8061845248673303,-1.1819971521628492,-1.1652611616624713
-0.6620996190914087,1.8389627090776848,2.446623536380367,2.053286019962207,-0.4342179279324365,2.2214567016697675
-0.7049690903640435,-0.56233965282819,0.019565504499647564,-0.10354372153040099,0.5928043367258662,0.7640521917052877
2.481661607568486,-1.0626938558437988,-0.6115566218270596,-0.14247828816345753,-0.34173108567376953,0.5167931248219952
-0.34296022183957087,-0.20733269611345734,-0.18869044924342834,-0.5767417289709887,0.394305578520509,-0.21080477022796065
1.6909580263176642,-0.56233965282819,-0.4125275663151602,-0.5009143171741254,-0.5022651455660757,-0.07364877414097656
-0.7954713074951617,-0.56233965282819,-0.26950089099911106,-0.3259684212295098,-0.28542642807626484,0.20355220474820512
0.40487388813861624,-0.56233965282819,0.019904880638712007,-0.0378353947209304,0.09814063970798567,0.7647104086244558
1.1146018014300167,-1.0626938558437988,-0.721464886580936,-0.7649798394662016,-0.5765066536018487,0.30339043551522893
-0.2810376522235426,0.4832473463317343,0.4401175337244589,0.6006421212838401,0.5548396384128148,0.030617156159379898
-0.8907367992121282,0.9233932522095181,0.7078420169640512,0.6756417862041538,0.6111442960103195,-0.022186470211371323
-0.8192876804244034,1.951224185270838,2.092232673900464,1.9023306517742393,1.7148237404509648,1.3994882269662956
-0.9574226434140048,-0.20733269611345734,0.5411728996707551,0.713336641068634,-0.9074042316811012,1.20369007553164
-0.9240797213130665,1.5033896233472255,0.945776354569875,0.8370766343704446,0.7822959299924696,-0.28095209838219165
-0.9383695450706115,0.06803209247917626,0.3347926262977014,0.2155834254127432,0.3455690788011746,0.3978688388355197
-0.9193164467272182,-0.56233965282819,-0.04010143157565275,-0.1727935877653639,0.06340800044125627,0.6483341506043944
2.0767832677713787,-1.0626938558437988,-1.222813424279353,-1.1510983494238103,-1.1042151012961297,-0.670049791791093
-0.9621859179998531,1.148382666632493,1.2312253030336622,1.363297911950255,0.5351737749496048,0.708499511474651
0.4906128306838861,0.06803209247917626,-0.37629285959103187,-0.2180867319243038,0.008369586453112622,-0.9777695401892177
-0.9193164467272182,1.338608506062076,1.6711891549146833,1.5270929651894536,1.8345725213978894,1.3256102185840763
0.9383606417536287,-0.56233965282819,-0.45649720821605483,-0.9191504848762425,0.06340800044125627,-0.1588456247206772
1.338475706964888,-1.0626938558437988,-1.2759223245993903,-0.9715212998596722,-1.2679812202347571,-0.7731683532550633
1.0050464859555053,0.06803209247917626,0.29950244247831564,0.7128542578787644,0.13145521807489544,0.3294992031771008
0.8383318754508139,-1.0626938558437988,-1.0300942114392946,-0.6398770795028121,-0.09251100185985872,-0.2958577472414949
-0.9336062704847632,-0.56233965282819,-0.8645097985580147,-0.8602749791911071,-0.7984300843785986,-0.9487992537863494
-0.9288429958989148,1.2471573932472422,0.9507569497207461,0.826989650169852,0.9112422248085066,0.04277221942170048
1.1146018014300167,-1.0626938558437988,-1.3715761462046687,-1.4093230357210431,-0.37141049614817273,-0.9588939928941529
-0.5430177544452005,-1.0626938558437988,-0.09379214454023804,-0.34223977085484736,0.767457451346147,1.5221072577304833
-0.9193164467272182,-1.0626938558437988,-1.2329942469486348,-1.2177469234272453,-1.1042151012961297,-0.6898173219385783
0.738303109147999,-0.20733269611345734,0.8806281703211007,0.4377566599761337,0.09814063970798567,1.8622204299733254
-0.43346243897068903,-1.0626938558437988,-1.3515834888094134,-1.2355061082598258,-1.5988787983140098,-0.920075375712902
1.9053053826808388,-1.0626938558437988,-1.4271311319360158,-1.4211097144704317,-1.5988787983140098,-1.0667619806748476
-0.9336062704847632,1.0410084257512708,0.36849586331859535,0.4677071663810269,1.540303859116289,-0.8261472564421144
-0.9478960942423081,3.958588118739143,2.100525477135742,2.270241643856377,0.7212511205834883,-0.9259240868392216
1.0050464859555053,0.06803209247917626,0.2051294499487492,0.38621417801551366,0.40604813855664385,0.14670302396666124
1.0050464859555053,-1.0626938558437988,-0.5962173212785559,-1.7937746362613727,-1.4730773776884334,0.5465765810203609
-0.023820824587733044,-0.56233965282819,-0.5534321121434599,-1.0025003722197456,-0.34173108567376953,-0.3466297932679669
1.1146018014300167,0.4832473463317343,0.6361858430069647,0.43702687364063497,0.6379038685131184,0.4102751197133474
0.04286501961414351,0.7933757099177606,0.9326747219445908,1.1560953968163148,0.7523441704941772,0.5790994046585473
-0.22387835719336271,0.06803209247917626,-0.3875305902175722,-0.8654173210722571,0.2092372689416153,-0.9994637760412179
0.8669115229659038,0.2930215069021515,0.7638421773103773,0.7200535708562084,0.8921885848117497,0.9147359225400608
-0.21435180802166606,1.8963695854816123,2.1251869294022225,0.9296432069141706,-1.3641032303859306,1.5290556314789367
-0.8240509550102517,-0.56233965282819,-0.621763806956143,-0.4437178110282634,-0.96788329143657,-0.47896714873375984
0.1905265317754416,0.7933757099177606,0.8310028762530283,0.8633796748205633,0.9717212845639751,0.3821574919207822
1.8814890097515973,-1.0626938558437988,-0.4219827049806695,0.2001319209842903,-0.25866685557346636,0.8848781252360344
-0.8764469754545833,-1.0626938558437988,-1.59149010632845,-1.9069154958023462,-1.7476702981701815,-1.3858885470490139
-0.9621859179998531,-0.56233965282819,0.25252196454429066,0.7833064541730748,0.4513983519132168,1.2159412802626517
1.0764956047432301,1.0410084257512708,0.8270232115443462,0.6000707527678826,0.3070062904338656,0.06008168271471379
-0.6144668732329254,0.2930215069021515,0.2940570900369558,0.14247259822782624,0.3070062904338656,0.00462317544623332
0.42392698648200955,-1.0626938558437988,-0.39901633724538776,-0.875822688468686,0.47316214414747326,0.9294706283502682
-0.9526593688281565,2.4335631004027682,1.9932036275820804,1.788092574675726,0.14761602027680515,0.6355306371110382
-0.8192876804244034,0.6480284636168839,0.06333031534928397,0.010983048946794886,-1.1819971521628492,-0.9144102681322559
-0.85739387711119,-0.20733269611345734,-0.09852007797428476,0.015123559474317977,0.06340800044125627,-0.0362114424852314
2.4864248821543344,-1.0626938558437988,-1.6228254234114008,-2.0432942317445764,-1.4730773776884334,-1.4467305678993714
-0.85739387711119,0.7933757099177606,0.26431044095694545,0.3085665421073067,0.2525798703570481,-0.7139292370580338
-0.9478960942423081,-0.20733269611345734,0.07758916426859017,-0.018744584508276596,0.17900811520458537,0.3049386050253184
-0.5620708527885938,-1.0626938558437988,-1.0323877611460186,-0.9776028943147181,-1.9297763763932627,-0.3003110035691214
0.8240420516932688,-1.0626938558437988,-0.6551290760251323,-0.8971342660446601,-0.5022651455660757,0.4321909438450942
-0.8621571516970383,0.7933757099177606,0.6399250141671265,0.6125289895958319,0.3580287687977862,0.01223076500386494
1.381345178237523,-0.20733269611345734,0.03586148154752006,0.5768044574653245,0.26653053216275097,0.22408893022003737
-0.03334737375942969,-0.20733269611345734,-0.4745315545457886,-0.214192393548131,-0.4022101454292381,-0.7638043960543798
-0.45727881189993064,0.06803209247917626,0.11969318778307927,0.09903974822490146,0.2525798703570481,-0.018730652363044983
-0.9478960942423081,2.4335631004027682,2.41053062651286,2.2290577551652198,1.5964148771726054,1.4443774832754437
0.547772125714066,-0.20733269611345734,-0.5442914428874275,-0.5667775037006352,-0.6163240061555176,-0.898633822049103
-0.462042086485779,-0.20733269611345734,-1.2850822297579128,-1.008872956395172,-1.7476702981701815,-2.325063700906558
-0.9097898975555215,2.5379090568113685,1.883190754247593,1.944251510044968,1.8643965652519376,0.29984520892012007
-0.13813941464809285,0.06803209247917626,0.09620089124405011,-0.014415663752938287,-0.010833507594516798,-0.06421015262552905
-0.7002058157781953,-1.0626938558437988,-1.7199099428197204,-1.4211097144704317,-1.7476702981701815,-1.6352341129074333
1.7957500672063273,-1.0626938558437988,-1.1679277914290545,-1.375165294010686,-1.033205652306678,-0.5634814488117323
0.5715884986433076,-0.20733269611345734,-0.2603970682943278,-0.1459739915423413,-0.2327569383712667,-0.3496023095524257
2.238734603690222,-1.0626938558437988,-0.9585062306697381,-0.9080513952065213,-1.7476702981701815,-0.15685939573012142
0.8145155025215722,-0.56233965282819,-0.7088915248801128,-0.2521416987344658,-1.1042151012961297,-0.6476579861020844
0.8049889533498755,-1.0626938558437988,-2.062848532827018,-2.344284669151271,-1.9297763763932627,-2.3010986640266125
-0.9240797213130665,1.148382666632493,0.8853945855648712,0.7944988178767739,0.6638137857153177,0.03882100855953042
-0.9621859179998531,2.2791086149554682,1.8477671800438373,1.6529433850878341,1.566032240594793,0.536006268056444
-0.9145531721413699,1.148382666632493,1.3209202998344964,0.9532638622548302,0.9775298061844006,0.8823115528551184
-0.7144956395357402,1.148382666632493,1.4672976677781011,1.3379278467754303,1.4800481725228856,1.166046686044955
-0.6192301478187737,-0.20733269611345734,-0.07507116271361858,0.07306704266372374,-0.050650860148185636,0.009201286844961631
-0.9336062704847632,-1.0626938558437988,-1.0579280036661662,-1.5100322700199111,-2.495449522400594,-0.3499010544315548
-0.8907367992121282,2.504098029378443,1.7545261065191318,1.7696947425293217,1.8325449580133075,0.09051609502633727
0.8383318754508139,0.4832473463317343,0.2469664837796149,-0.1151542516305691,0.08095908209781587,-0.343080154661807
1.7147743992469058,-0.56233965282819,-0.25233272590863,-0.35171936102869567,-0.07131256734998571,0.23683234513866422
-0.9478960942423081,1.6487368696481015,1.250859365880774,1.1209579139192354,1.1156405679037118,0.132976247638177
-0.6620996190914087,-0.20733269611345734,0.36620518382108624,0.14247259822782624,0.40604813855664385,0.8643811183188678
1.27655313734886,-0.56233965282819,-0.33045987286568007,-0.6362080346042313,-0.37141049614817273,0.08539512141241178
2.519767804255273,-1.0626938558437988,-0.7238397486940336,-0.4464639178661017,-0.9074042316811012,0.2987792994664279
-0.9621859179998531,0.9233932522095181,0.49643228578722315,1.099705852259629,0.17900811520458537,-0.4310319102195093
-0.4239358897989924,1.778754411939859,2.168390829792318,3.0005981082062516,-1.3641032303859306,1.7541404898993558
-0.85739387711119,-0.56233965282819,-0.20421891809132697,0.34893829436107626,-0.030499371057727126,0.3301066289480682
-0.8192876804244034,0.2930215069021515,0.5737140012190391,-0.590263614144485,-0.9074042316811012,0.5462474524941997
-0.9145531721413699,-0.56233965282819,-0.11038423108648922,-0.20264418569278436,0.48383018942336337,0.5120424305069977
0.9717035638545669,0.2930215069021515,0.9634758688657844,1.0559174189991487,1.5256518705351723,1.3018125915191903
-0.7192589141215886,0.9233932522095181,0.8496257231923803,0.6601543448088268,1.0170714979205489,0.2522465283983316
0.7335398345621507,-0.56233965282819,-1.0014102731801657,-1.0416840243109131,-0.96788329143657,-1.2135219729417352
-0.7049690903640435,-0.20733269611345734,-0.10616459762308901,-0.10026327172177085,0.008369586453112622,-0.05101551014922377
-0.6144668732329254,-0.20733269611345734,0.32232123824019676,0.4478905723884997,-0.34173108567376953,0.779295099126307
2.2958938987204016,-1.0626938558437988,-0.7613458623500843,-1.662036546029389,-1.4730773776884334,0.22595579035571592
-0.30961729973863256,1.2471573932472422,1.0894160995043478,1.0022060576309375,1.1858351452902547,0.31116837231413286
-0.5858872257178355,-0.20733269611345734,0.02661936742147899,-0.18013173325269888,-0.4342179279324365,0.2061831653853089
1.8148031655497208,0.06803209247917626,0.10419534445258083,-0.3236760610846338,-0.09251100185985872,-0.0487339162784232
-0.9240797213130665,-0.56233965282819,-0.18719646617216062,-0.1894196099538316,-0.07131256734998571,0.3631089151576873
1.1812876456318933,0.06803209247917626,-0.06661565278489844,-0.22792339474297102,-0.46753250629934595,-0.3792833377767849
1.8814890097515973,-0.20733269611345734,0.38579949036100636,0.36050560691139477,1.1058079930281992,0.9023745753743373
0.3334247693508914,-1.0626938558437988,-0.38394824648720255,-0.4116185870760772,-0.9074042316811012,0.9587274917691927
0.4191637118961612,1.148382666632493,1.2449996293041896,1.1214806219244837,1.735661310996298,0.735188781004725
-0.49538500858671725,-0.20733269611345734,-0.057762717898712915,-0.10190147664263403,-0.010833507594516798,0.04272434646734078
-0.8192876804244034,-0.20733269611345734,0.05855802996683848,0.04472532014487427,0.14761602027680515,0.268063528688272
-0.814524405838555,2.054119200532493,1.6475320843476204,1.299264499397959,1.2252253353937057,0.4149936088154899
-0.9002633483838249,0.9233932522095181,1.1139418773598404,1.150366396012373,0.8857372164920676,0.7642350604871961
-0.6620996190914087,0.06803209247917626,0.3454337445088439,0.1811040560871044,-0.6163240061555176,0.4184858868531333
-0.8955000737979766,2.504098029378443,1.9038657015183396,1.7957294698915007,2.033117302095435,0.37957039619105315
1.790986792620479,-0.56233965282819,-1.2530500642002182,-1.244566519650268,-1.7476702981701815,-1.6994965432313525
0.04286501961414351,0.6480284636168839,0.9240820032514081,0.7342228280487652,1.0908333739457432,0.7507394336085706
1.995807599811957,-1.0626938558437988,-1.397095920733565,-1.5237632712147509,-0.7023080742274255,-1.00844430221042
-0.5954137748895321,0.06803209247917626,0.7089965808744396,0.8978837640021311,1.0059680090545104,1.1232145158433273
1.657615104216726,-1.0626938558437988,-1.038723892544362,-0.7261768275480125,-0.6581841478671907,-0.3126135131505027
1.5575863379139112,-0.20733269611345734,-0.15300914328421258,-0.02310182991929702,-0.15962500745068847,-0.14172366437652095
-0.8478673279394934,-0.20733269611345734,-0.8509964197472866,-1.457775669935054,-1.5988787983140098,-1.490599107170802
0.22386945387637988,1.0410084257512708,0.699740137742771,0.39870561042711977,1.0600337246646783,-0.1861698612926142
0.24292255221977319,-1.0626938558437988,-0.7603305902195168,-0.8917420911219391,-0.7984300843785986,0.22792708708691725
-0.6239934224046221,-1.0626938558437988,-0.914599807209498,-0.9837405411215069,-1.1042151012961297,-0.07160876544095134
-0.05716374668867132,-1.0626938558437988,-0.6727379137409277,-0.2122537314380398,-1.033205652306678,0.3980008551148957
1.3241858832073432,-1.0626938558437988,-1.115545305811711,-0.9304377036423475,-0.96788329143657,-0.4617733258753284
-0.9050266229696732,0.4832473463317343,0.4680798934180464,0.23068452521291632,0.26653053216275097,0.08474467051363596
0.8097522279357239,0.2930215069021515,0.13540583023408134,-0.14247828816345753,0.13145521807489544,-0.3023762227957134
-0.8526306025253416,-0.56233965282819,-0.4511389440902797,-0.2542002164926365,0.11496791303105958,-0.1484638707119917
-0.5763606765461388,-0.20733269611345734,-0.39516282150053844,-0.8501079120171156,-0.4342179279324365,-0.6103350798590267
-0.9193164467272182,-0.56233965282819,-0.6789988146365401,-0.5700823738310379,-2.495449522400594,-0.5897882236948893
-0.9621859179998531,2.602872755993192,1.7179315537669553,2.309333528014531,2.123219065669098,-0.09606854370652822
-0.052400472102823,0.06803209247917626,-0.11109955871755493,-0.15835551621292215,-0.96788329143657,-0.46532257858747006
1.9481748539534738,-1.0626938558437988,-1.388265897578603,-1.8149170458027784,-0.96788329143657,-0.9912995434233571
0.3048451218358014,-1.0626938558437988,-1.1601222571101917,-1.272511737266367,-1.3641032303859306,-0.5483258823140561
0.9907566621979602,-0.56233965282819,-0.5373975657580642,-0.39358456527529734,-0.4022101454292381,-0.31557135061179337
1.467084120782793,0.06803209247917626,0.33003336574994463,0.37187541908115856,-0.37141049614817273,0.3886480342084389
-0.34772349642541917,-1.0626938558437988,0.03548992927126444,0.01786966631215623,-0.5022651455660757,1.7731269812454744
1.2146305677328315,-1.0626938558437988,-1.3545129165256284,-1.5667414063044838,-1.1819971521628492,-0.9257632805685561
-0.9621859179998531,1.148382666632493,0.8298991518743976,1.1002455038000982,1.2987234192446058,-0.06855426240102505
-0.9526593688281565,3.092634402096479,2.5474470856382148,2.154971795741986,1.0495033354306953,0.9385574550998367
-0.9478960942423081,0.4832473463317343,-0.5354893169575629,-0.7261768275480125,-1.033205652306678,-1.8513399636238266
-0.11432304171885123,0.06803209247917626,-0.8264804196588813,-0.5936874261312558,-0.7023080742274255,-1.8449881479647452
-0.9097898975555215,2.2372732423661383,3.0368386010683124,2.9562018675936095,2.329420292814319,2.8914686607607036
-0.36677659476881247,1.8963695854816123,1.5464581897229104,1.920912982134394,0.6971283640822278,0.4074795323793724
-0.9478960942423081,-0.20733269611345734,-0.5778448356431111,-0.2858668779323768,-0.6163240061555176,-0.9634629143929896
1.3765819036516747,-1.0626938558437988,-1.4274260324079882,-0.7875558985699295,-2.164551944321342,-1.0673345723169563
-0.21435180802166606,0.7933757099177606,0.7433380114661944,0.46069731255433777,0.14761602027680515,0.21240345484882028
0.8573849737942072,-1.0626938558437988,-0.5013906724816514,-0.7388615913485498,0.09814063970798567,0.7306961457912524
2.491188156740183,-1.0626938558437988,-0.7460552266279458,-1.1277299880677918,-0.7984300843785986,0.2556447568007928
1.0193363097130501,-1.0626938558437988,-0.9519992317249901,-1.2090418326132162,-0.6163240061555176,-0.14422512225455436
-0.9526593688281565,4.644639622879059,3.539751083944282,3.212966914701033,2.4512681457691428,1.0697578218378299
-0.9240797213130665,2.054119200532493,1.9680659412365935,1.2828609553786243,1.100846920956937,1.0359856348154681
-0.8335775041819483,-0.20733269611345734,0.7092191258366466,0.6932666703476639,-0.010833507594516798,1.5296602659221825
-0.6287566969904703,1.2471573932472422,0.6499789163261807,0.22669093024859924,0.17900811520458537,-0.538784463792729
0.34771459310843633,3.0493308255227594,3.0014895262517385,2.667315774815542,1.262801510089559,1.8693155147331608
-0.8669204262828867,1.338608506062076,0.6731192276336856,0.9247466409961336,-1.5988787983140098,-0.6065798939292348
-0.6287566969904703,-1.0626938558437988,-1.786037369634913,-0.7875558985699295,-1.4730773776884334,-1.7636300142611645
0.9097809942385388,-1.0626938558437988,-0.5345889740146699,-2.8058721464916907,-2.495449522400594,0.6662368729292157
-0.8097611312527068,2.2372732423661383,1.9808719516559745,1.6146999801906303,1.8099028190320714,0.843347507368612
-0.9621859179998531,2.2372732423661383,2.5440369958995874,2.343427623231812,1.0652483995479596,1.9352729301577707
-0.49538500858671725,-1.0626938558437988,-1.046093256533106,-0.32826869973257417,-2.495449522400594,-0.32692219227668207
0.14765706050280666,0.06803209247917626,-0.16769315420850567,0.008208336747051737,0.11496791303105958,-0.5747536215071418
-0.9621859179998531,2.570818348505732,1.8660757309824505,1.7310910750902195,1.3141948559183994,0.22811156183847517
-0.7764182091517684,-0.20733269611345734,-0.15295792273543404,-0.06831806007740142,-0.34173108567376953,-0.1416244914395353
-0.9526593688281565,0.9233932522095181,0.48629529749462974,0.37828634671215866,-0.7984300843785986,-0.4506233144712286
1.1098385268441684,-1.0626938558437988,-1.8095853571670024,-1.028364981041055,-2.495449522400594,-1.8093518157868576
-0.3334336726678742,-0.56233965282819,-0.2707643274268462,-0.47456639843357457,-0.7984300843785986,0.20110310956764857
-0.7573651108083751,0.9233932522095181,1.303396874456594,1.4723322107726544,0.989024275675226,1.1314505312012344
0.8097522279357239,-0.56233965282819,-0.11423983659222701,0.3032319611274969,-0.34173108567376953,0.504566167547848
-0.681152717434802,-0.20733269611345734,0.187909019631105,0.31385872861805764,0.2525798703570481,0.5187336929778872
-0.8192876804244034,1.2471573932472422,0.8853060092715748,0.3191091891769621,1.1205127844201468,-0.0838598978556718
2.4578452346392448,-1.0626938558437988,-0.727236242645001,-0.6398770795028121,-0.96788329143657,0.2921845184008388
1.6099823583582427,-1.0626938558437988,-2.6960725847833986,-2.44693822589559,-2.164551944321342,-3.5305941521396034
-0.9621859179998531,2.570818348505732,2.2090718216926364,1.490440413383742,1.1156405679037118,0.8924122036847614
2.5150045296694246,-1.0626938558437988,-0.9573300516395089,-1.2265673168066213,-0.7489547038097792,-0.15457567513168236
-0.9097898975555215,1.0410084257512708,1.3361281875555309,1.4106339096377252,1.1722709464564516,1.0462443640149046
-0.30961729973863256,-1.0626938558437988,-0.4057695993791378,-0.3213915649694287,-0.25866685557346636,0.916358199506422
-0.8621571516970383,1.7154571887753904,0.6881838536260255,0.90911876730073,0.8660713530288568,-1.0343401930038727
-0.8716837008687349,0.9233932522095181,0.7379743472003766,0.37828634671215866,0.789615206340894,0.036122683989560464
2.2196815053468284,-1.0626938558437988,-1.35718630111343,-0.9654947432132038,-1.033205652306678,-0.9309540408982334
0.1714734334320483,-1.0626938558437988,-2.419109465860033,-2.3936353884164303,-2.495449522400594,-2.992830458486607
0.3143716710074981,-1.0626938558437988,-0.8187697045734709,-0.41686215719554537,0.14761602027680515,0.11445914915006966
-0.5192013815159588,-0.56233965282819,0.0376848699994721,0.14247259822782624,0.2092372689416153,0.7991950074127725
1.2860796865205566,-0.56233965282819,-0.39768177251675285,-0.37602607258281523,-0.11427479409411481,-0.04488077169440706
-0.5382544798593522,0.06803209247917626,1.2133366891740676,1.1693555023631754,1.3293784351460267,2.1015514644679905
1.529006690398821,-1.0626938558437988,-1.2871713530671027,-1.4453280184619266,-0.5765066536018487,-0.7950099584562186
-0.9431328196564598,1.338608506062076,1.0628869676144939,1.2914169184427318,1.1947542924559202,0.14704263634389395
-0.5954137748895321,-1.0626938558437988,-0.8844362994556169,-0.8705996815805336,-0.7984300843785986,-0.013041980786327017
2.038677071084592,-1.0626938558437988,-0.8724205707865488,-1.7937746362613727,-2.495449522400594,0.01028828302687812
1.1860509202177416,-0.56233965282819,-0.9608332282988709,-0.3100851819238715,-1.1042151012961297,-1.1350801813610243
-0.5192013815159588,-1.0626938558437988,-1.8940814644750057,-1.7732828666979545,-2.164551944321342,-1.9734131498081013
-0.85739387711119,0.6480284636168839,0.9680869115882577,0.7789511085991943,0.7599357958664912,0.8360221567455335
0.28102874890655977,-1.0626938558437988,-1.758563852351138,-2.0742733041046493,-1.9297763763932627,-1.710286232642897
0.3381880439367397,-0.20733269611345734,-1.0706445991892506,-1.4211097144704317,-0.96788329143657,-1.9134539092516158
-0.5573075782027455,0.4832473463317343,0.7557761250862765,0.7055762623272948,0.7822959299924696,0.6419683828640955
-0.02858409917358137,-0.56233965282819,0.9806451579912621,1.4886365387877394,-0.6581841478671907,2.628977075793292
-0.7002058157781953,1.338608506062076,1.4327263574298443,1.2539484764807214,1.282952999180018,0.8633541562431617
-0.9145531721413699,1.5782019406724268,1.5709644266286338,1.460190093833622,2.1978931705040328,0.8383681286787148
-0.8621571516970383,0.6480284636168839,0.2725672936524506,0.1515022954165481,-0.010833507594516798,-0.5103494156612398
-0.8907367992121282,0.7933757099177606,1.6277885846618871,1.5167838026421514,1.3218219566908573,1.9268381782816815
-0.45251553731408234,0.2930215069021515,0.13531621245089012,0.12753307688316448,0.6111442960103195,-0.30254957196445487
-0.5620708527885938,1.6487368696481015,1.577567451654406,1.591118042833906,1.554697421682558,0.7656584764900918
-0.8764469754545833,-1.0626938558437988,-0.7613694901858223,-0.4012537091284656,-0.46753250629934595,0.22590991351742468
1.819566440135569,-1.0626938558437988,-0.5603009896481391,-0.5767417289709887,-0.46753250629934595,0.6163132998843013
0.6192212445017908,-0.56233965282819,-1.354779813615734,-1.8367527713511054,-1.4730773776884334,-1.8956766955758315
-0.7764182091517684,0.6480284636168839,0.1843665255712037,-0.3834945242958852,-1.5988787983140098,-0.6807513991353734
-0.843104053353645,-1.0626938558437988,-0.9744468370097809,-0.7431441139178743,-0.7489547038097792,-0.18781037352749977
-0.9193164467272182,0.06803209247917626,-0.1497280737031241,-0.7875558985699295,-2.495449522400594,-0.540019634418306
-0.8288142295961001,2.149091072663711,1.6534914076328433,1.4982012269387528,1.9282157136091578,0.3137290576373578
-0.9002633483838249,0.06803209247917626,0.4720930626259764,0.6632807823096396,0.48383018942336337,0.6639335756359168
1.338475706964888,-0.20733269611345734,-0.4840095851549477,-0.6738412087784594,-1.3641032303859306,-0.7821266241561049
0.44298008482540285,-0.20733269611345734,0.7528244707291245,0.3613242056186488,0.9237019148051182,1.6142556090630291
1.0193363097130501,0.6480284636168839,0.6520497589696768,0.4835551871360318,0.8111872246716694,0.22377827631444197
-0.9383695450706115,-1.0626938558437988,-0.42772725603750983,-0.08091285563149007,-0.7984300843785986,0.8737242538949211
0.9335973671677803,-0.20733269611345734,0.4495133944462973,0.4828739288009174,0.504756819153868,1.0259254421589548
-0.8097611312527068,0.4832473463317343,0.32566222670842154,0.29965168387714536,0.515022285859146,-0.19086708749098097
0.8669115229659038,-0.20733269611345734,0.4321595442896,0.4392138377227639,0.6552682223705544,0.992272343596199
-0.7335487378791335,0.9233932522095181,1.3612108492379107,1.537804450585013,1.1491505944436329,1.2435406007227516
-0.5144381069301106,0.2930215069021515,0.39531070638021637,0.4936913031369333,0.4176241318318146,0.20066415663241888
-0.9240797213130665,0.06803209247917626,0.35625753020734796,0.5365436842909709,0.8111872246716694,0.43945750784272475
-0.8621571516970383,-1.0626938558437988,-1.6348838428393861,-1.4093230357210431,-1.7476702981701815,-1.4701437219554703
0.5239557527848244,-0.56233965282819,-0.4490897132686288,-0.9961881925946345,-0.25866685557346636,-0.14449339835686223
-0.3858296931122058,1.5782019406724268,1.7172287674978082,1.6639083230664515,1.2079528633020173,1.1218536769312117
1.938648304781777,-1.0626938558437988,-2.802971714712723,-3.178537068282631,-2.164551944321342,-3.738154173786353
1.743354046761996,-0.56233965282819,-0.6218028177975078,-0.9080513952065213,-1.3641032303859306,-0.47904269147444334
-0.7478385616366785,-0.20733269611345734,0.36727372786767454,0.8660687524587015,0.09814063970798567,0.8664529945251053
0.3810575152093746,-0.56233965282819,0.00010419935317709295,0.06673083915778662,0.2239420603335628,0.726307742597747
-0.8764469754545833,0.2930215069021515,0.18219135534818143,0.5036754476440707,0.3455690788011746,-0.21186743846175812
-0.7954713074951617,0.2930215069021515,0.5402762124437828,0.4274661467058586,0.8985893536433969,0.48146070644778505
-0.6620996190914087,-0.20733269611345734,-0.030281211262787888,-0.3100851819238715,-0.7489547038097792,0.09595464497574717
-0.8383407787677967,-1.0626938558437988,-1.5123642604819703,-0.8014782864493728,-0.28542642807626484,-1.2322543473359675
-0.8621571516970383,-0.20733269611345734,-0.4548359563482783,-0.48033206184869626,-0.09251100185985872,-0.7257270116568639
0.9383606417536287,-1.0626938558437988,-1.8339206082992536,-1.5100322700199111,-2.495449522400594,-1.8566022027182443
-0.9478960942423081,1.148382666632493,0.7332625256085535,0.7603410761664163,1.0857801451534175,-0.255459118869588
-0.8907367992121282,1.2471573932472422,1.6091287657463447,1.3865096170764004,2.1634425360925604,1.3182433973374403
1.805276616378024,-0.56233965282819,-0.03778913292040128,-0.0730132379137952,-0.030499371057727126,0.6528184153176042
-0.7478385616366785,-1.0626938558437988,-0.4348289393167813,-0.034862488156247595,0.37030108791939076,0.8599353153306083
-0.6573363445055603,-0.56233965282819,-0.38990973760136816,-0.6398770795028121,-0.46753250629934595,-0.029819753591144166
-0.843104053353645,1.8963695854816123,2.019961990135463,1.9450104911671264,1.2421398028877593,1.325016526319789
1.981517776054412,-1.0626938558437988,-0.3092799965800556,-0.16553542365761845,-0.15962500745068847,1.1037066284310046
1.9243584810242322,-1.0626938558437988,-1.68102916399426,-1.5970161634592985,-1.7476702981701815,-1.5597414938375633
0.8478584246225105,-1.0626938558437988,-0.6466231161912518,-0.6738412087784594,-0.6163240061555176,0.4487064871279428
-0.7526018362225269,-1.0626938558437988,-1.4346588747270708,-0.5667775037006352,-1.033205652306678,-1.0813781750039833
-0.9288429958989148,1.5033896233472255,1.516110595111442,1.4261894296011717,0.3455690788011746,0.8231008092139105
-0.8955000737979766,1.0410084257512708,0.4690002626524104,0.8370766343704446,0.9658711244403901,-0.6321247975125532
0.3096083964216497,-1.0626938558437988,-1.8155933291380395,-2.3936353884164303,-2.495449522400594,-1.8210171566851978
-0.7764182091517684,-0.20733269611345734,0.42725956388484077,0.36702639306021645,0.40604813855664385,0.9827703386436106
0.6382743428451841,0.06803209247917626,-0.6845907275076517,-0.3100851819238715,0.16346300057809388,-1.572128753257549
-0.9145531721413699,-1.0626938558437988,-1.474958411476242,-1.932047911076011,-2.164551944321342,-1.1596255164514029
-0.8764469754545833,-0.56233965282819,-0.8802234973342125,0.38463614418586034,-0.28542642807626484,-0.9791947474406891
1.6242721821157877,-0.20733269611345734,-0.3113781088623131,-0.2837082699985413,-0.7489547038097792,-0.448255986461801
2.167285484902497,-1.0626938558437988,-1.2129048162756084,-0.9361538757739942,0.26653053216275097,-0.650810805532682
-0.5144381069301106,0.4832473463317343,0.779875985119696,0.8237292766338942,0.9480647342122167,0.688668970235987
-0.6763894428489536,-1.0626938558437988,-1.4910029978892403,-1.537783367254372,-0.5022651455660757,-1.1907783865018593
-0.3191438489103292,-0.56233965282819,-0.4480903041428592,-0.24600405192767646,-1.1042151012961297,-0.14255699187850893
1.0050464859555053,-1.0626938558437988,-1.3474491380433462,-1.2630657637897924,0.02713119071853385,-0.9120479396143341
-0.9145531721413699,0.6480284636168839,0.912206527570184,0.9622833675999574,0.9832972778391466,0.7277261057593265
1.938648304781777,-1.0626938558437988,-0.6202245485208415,-0.5569601765467971,-0.6163240061555176,0.49996309960679197
-0.9193164467272182,0.7933757099177606,1.2637000881341132,1.323039712423249,1.4955342888596344,1.2206898204935421
-0.9478960942423081,3.28892426013311,2.1124601511935532,2.128727355969544,0.3070062904338656,-0.1313968057192427
-0.8764469754545833,0.06803209247917626,-0.004759947234694495,0.059046946624102696,0.008369586453112622,-0.25961175725823626
1.424214649510158,0.06803209247917626,0.24880336266865133,0.5225637250662669,0.3580287687977862,0.23129027613935363
0.9097809942385388,0.6480284636168839,0.4292925724416852,0.12753307688316448,0.2239420603335628,-0.20732766527831945
-0.9193164467272182,1.0410084257512708,0.8049421840776632,1.0852433751660755,1.0755788392911698,0.017351178957239664
2.5150045296694246,-1.0626938558437988,0.07177467012485507,-0.06520623215091452,0.2525798703570481,1.8435790195548338
1.1431814489451066,-1.0626938558437988,0.8463207795195834,-0.4064159827665343,-2.495449522400594,3.3474715894818656
0.9383606417536287,1.338608506062076,1.6370648045360028,1.802434628642463,1.8161405093422023,1.2594462367562365
-0.8955000737979766,0.06803209247917626,-0.35709924684729066,-0.6472763774556309,-1.1042151012961297,-0.9407122151855499
-0.6859159920206502,0.9233932522095181,0.5919811049527232,0.6952515599378682,1.2587108055720466,-0.24630878490962135
-0.8240509550102517,1.338608506062076,1.6544920202191795,1.6669095725695942,1.5518389464571392,1.293235461824614
-0.5192013815159588,-1.0626938558437988,-0.6592655828269529,-0.2666867691524734,-0.5022651455660757,0.424159321493299
-0.9193164467272182,1.0410084257512708,0.7967962525960341,0.9065983480976669,0.688926346877039,0.0015885318533910232
-0.8716837008687349,-0.20733269611345734,-0.0778931525702545,-0.28155663657745467,0.904940310539697,0.0037358358698421005
-0.6954425411923469,1.148382666632493,1.077528136117842,1.221703842870489,1.1858351452902547,0.41077105255844204
1.0240995842988985,0.6480284636168839,0.9571252370440366,1.2226022308171935,1.2948092925927575,0.8147772364765218
0.9478871909253254,-1.0626938558437988,-1.7196455018874275,-1.0552749034716755,-2.495449522400594,-1.6347206628385011
0.3096083964216497,-1.0626938558437988,-0.7009762042496681,-0.3078467597675524,-1.5988787983140098,0.3431721563861371
-0.3858296931122058,0.06803209247917626,-0.19856949446851804,0.05387464905303969,-1.9297763763932627,-0.6344418132082844
-0.3620133201829641,-1.0626938558437988,-1.9094742651996504,-1.1125945646346709,-1.5988787983140098,-2.0033004842861617
1.9767545014685637,-1.0626938558437988,-1.7685803304664727,-2.44693822589559,-1.033205652306678,-1.7297346642233746
-0.5954137748895321,0.2930215069021515,0.3071757546142207,-0.11682954802229412,0.08095908209781587,0.030018287856547973
0.17623670801789662,-0.56233965282819,-0.023964519820968665,-0.4382593381350067,0.3200640704847356,0.6796289852490247
1.7814602434487825,-1.0626938558437988,-1.6612418944424552,-1.8149170458027784,-2.495449522400594,-1.5213216666676133
-0.014294275416036393,0.4832473463317343,0.07362295734279184,0.1228680492977845,-1.2679812202347571,-0.6781149821114003
-0.681152717434802,-0.56233965282819,0.6552867812026991,0.7767627071407813,0.7132891662841367,1.9974831274797888
-0.9526593688281565,1.5782019406724268,2.125826933269907,1.8313946669449217,0.2937361794744193,1.9142252785283593
0.3334247693508914,-0.56233965282819,-0.7487904469451627,-0.6435664516236445,-0.3130932756502835,-0.7248877286594974
-0.004767726244339742,-1.0626938558437988,-0.8885610579366577,-1.0349912045128231,-1.1819971521628492,-0.021050792085151242
-0.5811239511319871,-1.0626938558437988,-0.6500419707312123,-0.5700823738310379,-2.164551944321342,0.44206828976571483
0.10955086381602007,-1.0626938558437988,-1.2295248590805228,-1.3321871589209533,-1.1042151012961297,-0.6830810068583488
-0.9478960942423081,2.319572086010156,1.4145741868720092,1.3366052446236985,2.2297013214400634,-0.34989875615301863
-0.9050266229696732,0.6480284636168839,0.3029495652405814,0.3277689986552042,1.0170714979205489,-0.4516285137925089
-0.6144668732329254,0.06803209247917626,0.21462557731213186,0.8134364911351011,0.4623527961541478,0.16509395536731253
2.238734603690222,-0.56233965282819,-0.6737427498884307,-0.7220017043764688,0.23838657621939405,-0.5796122081847571
0.04286501961414351,-1.0626938558437988,0.11868524755581605,-0.04532624946056295,0.19426264985915923,1.934662646460583
-0.8526306025253416,-0.56233965282819,-0.11775475620361929,-0.08409912948288471,-0.15962500745068847,0.49775056205735346
0.8812013467234487,-1.0626938558437988,-0.22463831713759333,-0.8654173210722571,-0.4342179279324365,1.2680506116693135
-0.88597352462628,0.4832473463317343,0.10123931135084693,-0.04382132234664335,-0.4342179279324365,-0.6247636845552352
0.28102874890655977,0.2930215069021515,0.4358871427824767,0.5925980031935497,0.5834774484363009,0.2792465586047933
-0.5096748323442623,0.7933757099177606,0.37951710648744363,0.27029464543553133,1.0857801451534175,-0.4913818612696057
0.9955199367838086,-1.0626938558437988,-1.4881118347199846,-1.537783367254372,-0.030499371057727126,-1.1851647777625578
-0.43346243897068903,0.6480284636168839,-0.16352383121278347,-0.1988388612553064,-0.6163240061555176,-1.35166210590679
-4.4516584914164145e-06,0.2930215069021515,0.24128484236958278,0.10627818867170029,1.110739088650213,-0.09751905003869278
-0.5239646561018072,-1.0626938558437988,-1.431329956539394,-1.662036546029389,-0.34173108567376953,-1.074914601993134
-0.7240221887074368,-0.56233965282819,0.08855153613354683,-0.16014324873489805,0.02713119071853385,0.8978567492878133
-0.8812102500404316,1.148382666632493,0.9763803365498323,1.183309747745814,1.3768603706790012,0.2149234369646166
-0.8812102500404316,0.06803209247917626,-0.4057985943328433,-0.24194349078259206,-0.6581841478671907,-1.0347256744844826
-0.37153986935466077,-0.56233965282819,-0.4590820039767673,-0.29020519923351995,-0.4022101454292381,-0.16385366493394352
-0.5287279306876556,0.9233932522095181,0.44235468684024937,0.6453670290493388,-0.5385419552887978,-0.5355308867615493
1.2289203914903766,-0.56233965282819,-0.9016502146472003,-0.9837405411215069,-0.7023080742274255,-1.0206370740564996
0.9478871909253254,-1.0626938558437988,-0.9028258036144833,-0.5221530637810872,-0.4022101454292381,-0.048747845593747154
0.9097809942385388,-0.56233965282819,-0.5707728430172113,-0.835142563917442,-0.6163240061555176,-0.3802164018975139
-0.2191150826075144,0.06803209247917626,0.8837393816758448,1.2335102361134658,0.4513983519132168,1.462113527713459
0.8240420516932688,-1.0626938558437988,-2.0508042574576235,-1.581706754404157,-1.7476702981701815,-2.277712972692701
-0.9240797213130665,-0.20733269611345734,-0.18529848329615314,-0.09862908693972233,-0.37141049614817273,-0.20423814643256788
1.1098385268441684,-1.0626938558437988,-1.2816941035381826,-1.7534028840076028,-1.3641032303859306,-0.7843750914415016
-0.9097898975555215,0.2930215069021515,0.10325936463197985,-0.0378353947209304,-0.28542642807626484,-0.36455242315914904
-0.6716261682631053,0.9233932522095181,0.3424833623466927,0.042087970303650996,1.3944114523355609,-0.7284180738005729
-0.6763894428489536,-1.0626938558437988,-0.3281757928576644,-0.7968050745379561,-1.2679812202347571,1.0670177247233126
0.3143716710074981,-0.56233965282819,0.05460201917969702,-0.5377493261529606,-1.2679812202347571,0.8320069589429092
0.2857920234924081,-0.20733269611345734,-0.30783391598703697,-0.4301546137815194,0.11496791303105958,-0.4413983603758103
-0.9621859179998531,2.6341155716702005,1.6686123140632865,1.6180547981901356,2.023534876826414,-0.22798841861374347
1.1431814489451066,-1.0626938558437988,-0.13984187064110035,-0.15302093523311297,-0.07131256734998571,1.4326950973823016
-0.7144956395357402,0.2930215069021515,0.6336070185867314,0.8676005069339262,0.37030108791939076,0.6623072395801856
-0.9145531721413699,1.778754411939859,1.416359489439057,1.778616425735419,1.0547855146642786,0.29662886113644643
-0.9526593688281565,2.5379090568113685,1.729239224812129,1.4148513395952498,1.0441867443633894,0.001922751345191879
-0.8812102500404316,1.148382666632493,0.9368978141167287,1.3559899651998788,1.470613456547029,0.13849669347329502
-0.9621859179998531,2.2372732423661383,1.656866920520929,1.7310910750902195,1.4081855150474505,0.21584664590988856
0.7764093058347856,-1.0626938558437988,-0.28715764878917205,-0.5700823738310379,-2.495449522400594,1.1466603455415976
-0.7907080329093135,-1.0626938558437988,-1.031805131200986,-0.4492213957791754,0.515022285859146,-0.2991797438097299
-0.8192876804244034,-0.56233965282819,-0.8373358148171413,-1.0552749034716755,-0.7984300843785986,-0.8962300365698223
-0.4286991643848407,-1.0626938558437988,-1.3356530204993389,-0.7474543552727965,-0.7489547038097792,-0.8891440823574931
0.9812301130262636,-1.0626938558437988,-0.6442857053366915,-0.573403727172404,-0.6163240061555176,0.4532449061767286
0.8621482483800554,-0.56233965282819,-0.9436049211955113,-0.8156979718699264,0.11496791303105958,-1.1017694794605515
-0.6620996190914087,0.2930215069021515,0.5602296311304729,0.38305436205380405,1.3026188626432278,0.5201203126502405
-0.8907367992121282,0.6480284636168839,-0.3743325147338583,-0.1407372938005892,-1.1042151012961297,-1.7569508484006977
-0.7716549345659202,0.06803209247917626,0.3595581439345516,0.7026426454046129,0.525160227938412,0.44585274074918513
-0.5954137748895321,-1.0626938558437988,-1.3420778677169345,-1.2355061082598258,-1.1819971521628492,-0.9016188464499872
-0.3858296931122058,0.6480284636168839,0.7002352743038881,0.7639261721173517,1.0806954318664779,0.31708511094083563
1.1241283506017135,-1.0626938558437988,-0.6646866987228935,-0.5667775037006352,-0.5022651455660757,0.4136334459931439
-0.8812102500404316,0.06803209247917626,0.29460013837530513,-0.09375045732131596,0.008369586453112622,0.32000228182371976
-0.681152717434802,0.06803209247917626,-0.6195436376068175,-0.5569601765467971,-0.6163240061555176,-1.4468803842595954
0.6096946953300942,-1.0626938558437988,-1.0679754269600128,-1.0905175163931806,-0.9074042316811012,-0.369409570522786
-0.85739387711119,0.4832473463317343,0.9791628813326335,1.0972719938425912,1.190306903561004,1.0749530115730521
1.891015558923294,-1.0626938558437988,-0.127521586035634,-0.36133584531518775,0.08095908209781587,1.456616700309242
1.9053053826808388,-0.20733269611345734,-0.08275113198360422,-0.063655754233975,0.08095908209781587,-0.005672664760308162
1.1431814489451066,0.2930215069021515,0.04178851004857372,-0.1459739915423413,-1.3641032303859306,-0.48341593709375485
2.481661607568486,-1.0626938558437988,-0.7593402941603848,-0.9135778166702664,-0.7489547038097792,0.22984988918648536
1.119365076015865,-1.0626938558437988,-1.0416696371288068,-3.640124545623051,-2.495449522400594,-0.3183330995504798
-0.22387835719336271,1.148382666632493,0.9585862792450797,0.8117747810663865,1.0600337246646783,0.1804777224115307
-0.7811814837376168,0.2930215069021515,0.09243013700976807,0.07684002705969808,0.2239420603335628,-0.38549539778814895
0.900254445066842,0.4832473463317343,0.22474365413055114,0.10747698281091293,0.16346300057809388,-0.3860517338427763
-0.06192702127451965,-0.20733269611345734,0.4779166324841196,0.49636841212728633,0.6466322281051479,1.081007956254158
0.7478296583196956,0.06803209247917626,0.16705106420016616,0.29243286018483255,0.23838657621939405,0.07296377641652352
-0.3143805743244809,0.4832473463317343,-0.07266361200946043,0.2155834254127432,0.14761602027680515,-0.9605392278842161
-0.9288429958989148,0.6480284636168839,1.1692138838831296,1.1585709757434672,0.767457451346147,1.2259224334963443
-0.9621859179998531,-1.0626938558437988,-0.6459977280787302,-1.0552749034716755,-2.164551944321342,0.44992076801365627
0.3096083964216497,-0.20733269611345734,0.24028284651064472,-0.08409912948288471,0.23838657621939405,0.620252404341448
-0.16195578757733448,-0.20733269611345734,0.2791037384232219,-0.02456060369978409,0.04547115000298754,0.6955085759534357
-0.47156863565747564,0.06803209247917626,-0.25335500406451505,-0.20839325706434073,0.47316214414747326,-0.7403215107192129
-0.22864163177921104,-0.56233965282819,-1.2374338809035652,-2.3936353884164303,-1.9297763763932627,-1.6693655945482184
0.9383606417536287,-1.0626938558437988,-1.9200747193794017,-1.9069154958023462,-1.7476702981701815,-2.0238827893102456
0.7049601870470608,0.06803209247917626,0.2398589690221325,0.27682799812205783,0.28024671793106676,0.2139658261459286
-0.9478960942423081,1.5782019406724268,1.0316889785581862,1.0321474017728132,1.0495033354306953,-0.2056551288634064
1.0812588793290785,-1.0626938558437988,-2.0203377442660897,-1.2265673168066213,-1.7476702981701815,-2.218557859440455
-0.3953562422839024,-0.20733269611345734,-0.8458303377745062,-0.8061845248673303,-0.7984300843785986,-1.4806412697410953
-0.85739387711119,0.06803209247917626,0.46961900364428516,0.5459099422718303,0.3580287687977862,0.6591384269819691
-0.9336062704847632,0.4832473463317343,0.48513225222975304,0.9310356380843149,0.6638137857153177,0.11775645993277768
-0.8335775041819483,0.2930215069021515,0.4110663560446661,0.3637739813960877,0.525160227938412,0.23117601332417909
-0.9478960942423081,-0.56233965282819,-0.27667739072154496,-0.29020519923351995,-0.4022101454292381,0.18964108714149158
1.1812876456318933,-1.0626938558437988,-1.4136932531568327,-1.6126858267642297,-1.5988787983140098,-1.040670408066748
-0.8621571516970383,1.2471573932472422,0.9964182790588137,1.0556290752126585,0.744681261211917,0.131139167730081
-0.9574226434140048,-0.20733269611345734,-0.08802580088221978,0.11343879491749333,0.2239420603335628,-0.015887991104083364
2.314946997063795,-1.0626938558437988,-0.7539176162104103,-0.4717021791170215,-0.5022651455660757,0.24037879763900696
-0.7907080329093135,1.0410084257512708,1.959625988628902,2.4910490715768856,0.8182530163643801,2.255524710662791
-0.652573069919712,1.778754411939859,1.456859367287603,1.2624588793926192,1.3516369196682732,0.37504145295492064
-0.9621859179998531,-0.20733269611345734,-0.22717477198635327,-0.2923850046642772,-0.8510995740835968,-0.28530147927905963
-0.9431328196564598,3.113729365407637,2.323155254644084,1.959714510087742,1.7101200165215855,0.47952853816350105
-0.5954137748895321,0.4832473463317343,0.673830230755535,0.7728053698558538,0.688926346877039,0.4831979827314584
-0.6239934224046221,-0.56233965282819,-0.31559256240981004,-0.15835551621292215,-1.1042151012961297,0.11421091985082206
-0.88597352462628,-1.0626938558437988,-1.074158267349612,-0.924770180373965,-0.4022101454292381,-0.38141444358351234
-0.9526593688281565,0.2930215069021515,-0.0769512732481391,-0.6585317997233179,-1.4730773776884334,-0.7128926415847544
-0.7954713074951617,1.7154571887753904,1.8084199322154824,1.9194957742974357,-0.11427479409411481,1.132434642663338
-0.5763606765461388,-1.0626938558437988,-0.18901329430974828,-0.4492213957791754,-0.96788329143657,1.337221712633392
1.090785428500775,-1.0626938558437988,-0.8238238571285112,-0.8061845248673303,-0.9074042316811012,0.10464578570713319
-0.7811814837376168,1.8389627090776848,1.706078206079448,1.454668908882783,1.1584774827331974,0.7854556435119189
0.5382455765423694,-1.0626938558437988,0.29198646837464076,0.24252359195466117,-0.7023080742274255,2.2711518692292336
-0.814524405838555,0.7933757099177606,1.2390787202611437,1.2958551230617408,0.394305578520509,1.1729522109377022
-0.5239646561018072,0.4832473463317343,0.8444753037963081,0.9437794501529164,0.525160227938412,0.8138638062567268
0.9478871909253254,-1.0626938558437988,-0.8754543239389077,-1.4331087772000919,-0.96788329143657,0.004397815345889369
-0.9002633483838249,-1.0626938558437988,-0.6645832583241253,-0.6435664516236445,-0.5385419552887978,0.41383429039123837
0.9907566621979602,-0.20733269611345734,0.10779125275737358,0.24739508379228806,0.2092372689416153,0.3634627571009499
-0.5763606765461388,0.2930215069021515,1.4242369243269184,1.272738046552483,1.6151764814380274,2.1956421565209174
-0.6001770494753804,-1.0626938558437988,-0.07027314124750536,0.11225069475489141,0.16346300057809388,1.5677727821905703
1.6337987312874842,-1.0626938558437988,0.4269686700527549,0.4855947904593652,0.5928043367258662,2.533239210078111
-0.21435180802166606,0.06803209247917626,0.7470189177804879,0.5925980031935497,0.804059722226726,1.1969475337777493
-0.009531000830188067,-1.0626938558437988,-0.013139831131745551,-0.24600405192767646,0.2092372689416153,1.6787053135611976
-0.7526018362225269,1.2471573932472422,2.3492196929247307,2.007106696257961,1.2252253353937057,2.753996546761082
0.27626547432071147,-1.0626938558437988,-0.08811013217864111,-0.2989675620290503,0.008369586453112622,1.533139701208273
-0.11908631630469955,-1.0626938558437988,-0.6593682703058031,-0.8302279293267634,-0.6163240061555176,0.4239599389974162
-0.6430465207480154,-0.20733269611345734,0.7664164881122651,0.46631108627956974,0.8182530163643801,1.640625277553171
0.40487388813861624,-1.0626938558437988,-0.5888163203185713,-0.8014782864493728,-0.5765066536018487,0.5609466878722839
1.2384469406620733,0.4832473463317343,-0.7797702012558242,-0.6398770795028121,-1.7476702981701815,-2.319034240790521
-0.6335199715763187,-1.0626938558437988,-0.6845907275076517,-0.5537196350451633,-1.2679812202347571,0.37498691399467676
-0.6620996190914087,-1.0626938558437988,-0.9592500609167872,-0.825349299708357,-0.8510995740835968,-0.15830364903958344
-0.9145531721413699,-1.0626938558437988,-0.9183717142228063,-0.49201534335162384,-0.7489547038097792,-0.07893246491212014
-0.8907367992121282,-0.56233965282819,0.08108837888137178,-0.33057695148728955,-0.11427479409411481,0.8833806513304472
-0.652573069919712,-1.0626938558437988,-0.6184166712881508,-0.924770180373965,-0.7489547038097792,0.5034733530372927
-0.681152717434802,-1.0626938558437988,-0.5731772831541889,-0.2562651172618205,-0.4342179279324365,0.5913121257810829
-0.6287566969904703,-1.0626938558437988,-0.11904423919990004,0.16372153667838277,0.16346300057809388,1.4730766873446395
-0.3858296931122058,-1.0626938558437988,-0.18965941429752758,-0.2709015298327039,-0.20764437720954537,1.3359671778327953
-0.5858872257178355,-1.0626938558437988,-0.0952763826233511,-0.24804365525100988,0.008369586453112622,1.5192253962142712
0.25721237597731816,0.2930215069021515,1.0687818782859635,0.9965572304697371,1.5518389464571392,1.5060484242851284
0.3143716710074981,-1.0626938558437988,-0.5018868071310809,-0.3352175971975365,-0.28542642807626484,0.7297328290772308
-0.6620996190914087,-0.56233965282819,0.12726783427477967,-0.14247828816345753,0.17900811520458537,0.9729561458717474
1.090785428500775,0.06803209247917626,0.41691951218752865,0.4592864434577494,0.26653053216275097,0.5570049132251604
1.2813164119347082,-0.56233965282819,0.3669427973870775,-0.2500895246466226,-0.28542642807626484,1.437940149563569
-0.9240797213130665,0.6480284636168839,1.3226751660890712,1.1037426193056,1.2079528633020173,1.5235211270766367
-0.8812102500404316,-0.20733269611345734,0.4925514299531273,0.5897013915604473,0.504756819153868,1.109390275750201
-0.6287566969904703,-1.0626938558437988,-1.3568649761004405,-1.2537519061681288,-1.1042151012961297,-0.930330142212661
-0.8049978566668584,-0.56233965282819,0.6783466236168375,0.6459008406727091,0.8660713530288568,2.0422367017565146
-0.7287854632932852,-1.0626938558437988,-1.9876485186293074,-0.7875558985699295,-2.495449522400594,-2.1550870305827092
1.090785428500775,-1.0626938558437988,-0.39275223166633916,-0.41423521112826645,-0.5765066536018487,0.9416332894537257
0.25721237597731816,0.06803209247917626,0.17982810368853994,0.16591932733497922,0.06340800044125627,0.0977055259277399
0.7764093058347856,-1.0626938558437988,-0.7585631483780673,-0.7649798394662016,-0.8510995740835968,0.23135882939495264
0.8049889533498755,-1.0626938558437988,-0.10804018153423164,-0.2122537314380398,-0.050650860148185636,1.4944426465325042
1.438504473267703,-0.56233965282819,0.7016078335953012,0.5115563676047621,0.47316214414747326,2.087381726588437
-0.5382544798593522,-1.0626938558437988,-0.6093481438141545,-0.7220017043764688,-0.46753250629934595,0.5210812022316806
-0.6763894428489536,0.4832473463317343,1.570988410404642,1.464105958136598,1.5744312221982542,2.222900070397161
1.0098097605413536,-0.56233965282819,-0.5292445294153331,-0.8302279293267634,-0.7023080742274255,-0.299778533248559
-0.5430177544452005,-0.56233965282819,0.5208491800072742,0.5768044574653245,0.3200640704847356,1.7365860524331076
-0.49538500858671725,-0.20733269611345734,0.11066380269975747,0.02874223377937529,0.06340800044125627,0.3690292973800827
0.9240708179960837,-0.56233965282819,0.41655887188397833,0.30590459333493525,0.42903821778723844,1.5342127713368734
-0.843104053353645,-0.20733269611345734,-0.30896262764694277,0.16041119035290075,0.5740427324604442,-0.4435823067479344
1.0955487030866233,-1.0626938558437988,-1.9122247538815096,-1.5100322700199111,-1.9297763763932627,-2.008640953293938
-0.814524405838555,1.2471573932472422,1.629684108442094,1.5867156121018733,1.0547855146642786,1.3581004873002538
0.37153096603767793,0.2930215069021515,0.33468254231223,0.40102189089975154,0.4623527961541478,0.08327033377098703
1.6242721821157877,-1.0626938558437988,-0.7656588099096214,-0.32826869973257417,-2.495449522400594,0.21758158291912907
-0.8192876804244034,1.148382666632493,1.478390803125205,1.4449354834556751,1.2337263897890152,1.1875531693460295
0.6049314207442459,-1.0626938558437988,-0.35885054284144763,-0.3445970475269106,-0.13663492822009354,1.0074582898162925
1.0050464859555053,-0.56233965282819,-0.034290882617924824,0.05646581949932109,-0.4342179279324365,0.6596026408028424
1.0193363097130501,-1.0626938558437988,-1.1211785783999408,-0.8917420911219391,0.42903821778723844,-0.47271113407945553
-0.34296022183957087,-0.20733269611345734,0.22028521471209753,0.26274861608511324,0.394305578520509,0.5814885726388271
-0.9145531721413699,-0.20733269611345734,-0.06768090297589589,-0.063655754233975,0.14761602027680515,0.023514525906699817
-0.609703598647077,-1.0626938558437988,-0.34603770706859455,-0.49496847441957964,-0.9074042316811012,1.0323362516119394
0.004758822927356909,-1.0626938558437988,-1.9427074792647803,-3.0299390910785666,-2.495449522400594,-2.067827544846055
2.257787702033615,-1.0626938558437988,-1.6400796558711317,-1.1590736539023403,-1.2679812202347571,-1.4802321395698566
1.8148031655497208,0.06803209247917626,0.18625242970070463,0.22468511558605905,0.19426264985915923,0.11014617535567227
-0.9574226434140048,1.778754411939859,1.471920125100911,1.6158201317827436,1.4610683905145498,0.40420399122915485
-0.08574339420376127,-0.20733269611345734,0.21695264728938318,0.8362752745090047,0.49436057865734623,0.5750288264382941
-0.8288142295961001,-0.56233965282819,0.3206075633781418,0.15930407461245516,0.008369586453112622,1.348037585948363
-0.6192301478187737,1.0410084257512708,0.9408116089807326,0.6917741109679026,0.394305578520509,0.2803461787964924
-0.052400472102823,-0.56233965282819,-0.1943718572154353,-0.21613671599358233,-0.09251100185985872,0.34919748247517096
1.2432102152479216,-0.20733269611345734,-0.8403845437079737,-0.9080513952065213,-1.1042151012961297,-1.4701437219554703
1.8100398909638724,-1.0626938558437988,-0.7525857433038989,-0.337550103836139,-0.46753250629934595,0.24296482027070637
-0.3620133201829641,0.06803209247917626,0.24513088690996485,0.4413936431535217,0.2239420603335628,0.22417697287032767
-0.8812102500404316,-0.20733269611345734,-0.9725811186278392,-0.9419195391891159,-1.1819971521628492,-1.724801815407568
-0.9621859179998531,-0.56233965282819,-0.9033712331526706,-0.9595222371300127,-1.033205652306678,-1.0239655636418024
-0.6144668732329254,0.4832473463317343,0.2373590478097574,0.39482714888441434,-0.18328155780244723,-0.36165840890154405
1.0669690555715334,-0.56233965282819,-0.31359723414794305,-0.31911487911259284,-1.3641032303859306,0.11807834117966526
1.790986792620479,-0.20733269611345734,0.6846397224844003,0.848195580220715,0.5740427324604442,1.4819775792154468
-0.9574226434140048,3.8483340041977545,2.9460641375549987,2.7332704782893855,1.6514532911607493,0.8358770070893923
-0.8526306025253416,0.9233932522095181,0.6706516699611818,0.6442981203696049,-0.4022101454292381,-0.09414213040954912
-0.45727881189993064,-1.0626938558437988,-1.024781840873998,-1.244566519650268,-0.7023080742274255,-0.28554301642696445
1.9862810506402604,-1.0626938558437988,-0.4260408630413079,-0.6547588153273436,-0.18328155780244723,0.8769986282235804
2.081546542357227,0.4832473463317343,-0.517927420081866,-0.02456060369978409,-0.07131256734998571,-1.8176372687802134
-0.32867039808202586,0.4832473463317343,0.7613141655565127,1.1605448340674358,0.11496791303105958,0.6526996977861191
1.2860796865205566,0.06803209247917626,-0.08035517449949803,0.032774112681987426,0.5740427324604442,-0.4058600009015012
-0.7573651108083751,-0.20733269611345734,0.05205575132649604,-0.5440915642296101,-0.7489547038097792,0.25546505526228597
-0.9431328196564598,0.4832473463317343,0.46923562049639683,0.07934352611533858,0.2525798703570481,0.08698197882702068
-0.9097898975555215,2.358750783077567,1.8774711505936723,1.8271527730422399,1.669004372817309,0.49951806431174783
-0.6620996190914087,-1.0626938558437988,-0.9997364575124746,-0.35891867400613964,-0.7489547038097792,-0.23691380572987236
-0.25245800470845264,-0.56233965282819,-1.2344862040940832,-1.0218040416205616,-1.2679812202347571,-1.6636776896925642
-0.7764182091517684,0.7933757099177606,1.1156689055895432,1.067916481728809,1.153827362787057,0.9337137557263689
-0.6620996190914087,-1.0626938558437988,0.7988856305366787,0.686774613277804,0.8985893536433969,3.2553694315296178
1.0764956047432301,-1.0626938558437988,-1.013069039846882,-0.8014782864493728,-0.96788329143657,-0.2628009301598489
1.176524371046045,-1.0626938558437988,-0.30869614462849143,0.0755847392902696,-0.030499371057727126,1.1048402608916736
-0.45251553731408234,0.2930215069021515,0.9847306093374825,1.069895472678549,0.8792344423053089,1.3430323912289455
-0.9621859179998531,1.951224185270838,1.6246228246731365,1.5524621387279565,1.0958555057486208,0.4932753733684111
-0.8764469754545833,0.4832473463317343,0.10116706281418418,0.4139974411179466,-0.13663492822009354,-0.6249032727803995
-0.9193164467272182,-0.20733269611345734,-0.4392934446982238,-0.18755164248920142,0.8660713530288568,-0.6956756734645043
-0.9145531721413699,0.06803209247917626,0.1013621174092685,0.7181413514101957,0.2239420603335628,-0.05421873832087589
-0.8764469754545833,-0.56233965282819,-0.18455993014831648,0.3085665421073067,0.11496791303105958,0.36822060286867087
-0.6478097953338636,0.7933757099177606,0.9686291501378834,0.7991780000856566,0.804059722226726,0.6487594072309286
1.7528805959336924,-0.56233965282819,-0.501771012131558,-0.5160154169742984,0.688926346877039,-0.24655799080774235
1.4194513749243096,0.06803209247917626,-0.20752373508558242,-0.6040657655038771,-0.5022651455660757,-0.6517494880280972
-0.6144668732329254,0.2930215069021515,0.46808862276187363,0.4017921974801437,-0.7023080742274255,0.34161741854327665
-0.9431328196564598,0.9233932522095181,1.1822099647176965,1.1732342462854564,0.6722707924062578,0.8965379111784133
-0.9574226434140048,-1.0626938558437988,-1.083624078736625,-1.2090418326132162,-0.96788329143657,-0.3997936765828023
-0.9002633483838249,0.6480284636168839,0.9885050418786371,0.6648385139310363,0.9947113637945704,0.8755962536617786
1.6385620058733326,-1.0626938558437988,-2.1224121872050077,-2.5048817090849957,-2.495449522400594,-2.4167500580110985
0.2476858268056215,-0.20733269611345734,0.08663025734394326,0.46631108627956974,0.9298611428523024,0.3224574878393142
1.0479159572281402,0.6480284636168839,0.28459428465607184,0.12869424538049834,0.13145521807489544,-0.48710576680337553
-0.5287279306876556,-0.56233965282819,-0.141513888030348,0.06417938023388478,-0.18328155780244723,0.4516815796529538
2.2101549561751317,-0.20733269611345734,-0.5342948724935801,-0.9361538757739942,-0.18328155780244723,-0.8793164745684783
1.1717610964601965,0.4832473463317343,0.27208182775000084,0.354747066084681,1.163101256249335,-0.2945090319633412
0.8145155025215722,-0.56233965282819,-0.2521918346198242,-0.23589869922150156,0.16346300057809388,0.23710546531906712
2.0148606981553505,-1.0626938558437988,-0.9344366672409598,-0.5767417289709887,-1.3641032303859306,-0.11012487965306789
1.0812588793290785,1.148382666632493,1.0832442684537105,1.0824790292932944,0.804059722226726,0.4218411227694249
-0.85739387711119,-0.20733269611345734,0.18476599835073115,0.14133522824255662,0.2239420603335628,0.5126418230202855
-0.88597352462628,1.338608506062076,1.6744388371272338,1.4534004704716688,1.6514532911607493,1.3319112797515125
-0.8526306025253416,-1.0626938558437988,-0.798225453325583,-0.5009143171741254,-0.6163240061555176,0.1543487650575807
-0.8383407787677967,1.338608506062076,1.126576804174168,1.4726406544856696,0.2525798703570481,0.2703304338548362
-0.843104053353645,1.148382666632493,1.5216629883621031,1.6000912483831105,2.105977005123621,1.2714504337087906
0.2667389251490148,-0.20733269611345734,-0.1325940269068091,-2.8058721464916907,-2.164551944321342,-0.1021944940982161
-0.17624561133487945,-0.20733269611345734,-0.08265811836225863,-0.21613671599358233,-0.18328155780244723,-0.0054925257856038075
2.0863098169430754,-1.0626938558437988,-1.0036480310449858,-0.5767417289709887,-0.46753250629934595,-0.2445086878174781
-0.8478673279394934,0.4832473463317343,0.6742874074727637,0.3464332257098506,0.515022285859146,0.48408365621884103
-0.8812102500404316,0.4832473463317343,0.510419028875712,0.32085018353983047,0.02713119071853385,0.166713462274961
2.314946997063795,-0.56233965282819,-1.2891201209424854,-1.0552749034716755,-1.1819971521628492,-1.7690768127133791
-0.9336062704847632,1.5782019406724268,1.9022090168930919,1.7710751131009992,1.5688415164928424,1.4805072955673184
2.010097423569502,-0.56233965282819,0.20463445307044842,0.4896553516044496,0.2525798703570481,1.1230382128405716
-0.8288142295961001,-0.56233965282819,-1.1348632088798956,-0.3328932319599213,-0.7489547038097792,-1.471362732336519
-0.7811814837376168,0.4832473463317343,1.133601541911539,1.2588552387678642,-0.25866685557346636,1.3744169991170831
0.23815927763392486,0.2930215069021515,0.2005110453272658,0.2589432916476353,0.3455690788011746,-0.1764214583507014
-0.6906792666064986,0.4832473463317343,0.9190041348663717,0.7416582712627576,0.904940310539697,0.9583267838738934
1.1574712727026517,-0.56233965282819,0.04453490416983795,0.14133522824255662,-0.15962500745068847,0.8124810122638252
-0.0905066687896096,0.2930215069021515,0.10607805490083053,0.22267324105128594,0.13145521807489544,-0.35910106957538307
-0.9145531721413699,-0.56233965282819,0.14693605402890073,0.136766222569439,0.6111442960103195,1.0111087760619661
-0.9574226434140048,3.37648049763682,1.9512793734575835,1.6477481604337818,1.5688415164928424,-0.5440919467109553
2.143469111973255,-1.0626938558437988,-1.712628948239916,-1.457775669935054,-1.4730773776884334,-1.6210970156869675
-0.49538500858671725,-0.56233965282819,-1.2115440985856563,-1.028364981041055,-1.3641032303859306,-1.619403255808771
-0.9621859179998531,0.06803209247917626,0.7635571958744027,0.8046658850507654,1.3218219566908573,1.2290200937534568
1.2432102152479216,-0.56233965282819,-0.28440375365280796,-0.27941193274460224,-0.4342179279324365,0.1746643554208202
-0.6763894428489536,0.7933757099177606,0.8075506660413331,0.49903480193382366,0.3580287687977862,0.33673932738074636
0.15718360967450332,-0.20733269611345734,-0.22059153818999,-0.2624985165763589,0.825258156736599,-0.27255871778067364
-0.05716374668867132,0.06803209247917626,0.3574932041803457,0.5069705061456669,0.3455690788011746,0.4418517290685611
-0.11432304171885123,0.2930215069021515,0.6226807217881581,0.27403583485121824,0.5834774484363009,0.6411330233813519
-0.7859447583234651,1.148382666632493,0.8504547825353334,0.9899057938386253,0.7968694215944938,-0.028785576713617273
1.2670265881771632,0.2930215069021515,0.6752041843330789,0.6142099243490813,0.8111872246716694,0.7429244106605045
-0.009531000830188067,0.06803209247917626,-0.0205746234704553,0.27682799812205783,0.06340800044125627,-0.29021168565906785
1.0193363097130501,-0.56233965282819,-0.2420028842731173,-0.17645255281948025,-0.030499371057727126,0.25685714496594714
-0.7478385616366785,1.148382666632493,1.0736099733891225,0.978346449254724,1.0958555057486208,0.4031831257092833
0.13813051133111,-0.56233965282819,-0.6958834956206676,-0.6146084125735326,-0.5765066536018487,-0.6224764023779544
-0.652573069919712,-1.0626938558437988,-1.3286145179563862,-0.7178525946022402,-1.1042151012961297,-0.8754778182715098
0.18099998260374495,-0.20733269611345734,-0.07430760333558381,-0.49496847441957964,-0.07131256734998571,0.010680109416186039
0.14289378591695834,1.148382666632493,0.9003438319284665,0.889423893705245,0.9237019148051182,0.06775034271970706
-0.5954137748895321,-0.20733269611345734,0.18041801626642578,0.23167919300724424,0.40604813855664385,0.5042145493275803
-0.6906792666064986,0.2930215069021515,-0.024428003901471193,-0.17645255281948025,-0.2327569383712667,-0.6114076371359569
-0.88597352462628,2.0037438263628347,2.0275215717906794,1.8290514274075516,1.7670534059240781,1.21128911112851
-0.4668053610716273,0.06803209247917626,-0.4847363438311548,0.11343879491749333,-1.033205652306678,-1.187033504555256
2.1482323865591035,-1.0626938558437988,-1.2602819185681589,-1.932047911076011,-1.2679812202347571,-0.7428002574945777
-0.7192589141215886,2.1939696657924173,1.1855293559339208,1.0673499738558558,1.0003590945874612,-0.6441819500452972
0.5191924781989761,-1.0626938558437988,-0.7400186041913234,-0.7096311325914295,-0.6581841478671907,0.2673657266950006
-0.9288429958989148,1.0410084257512708,1.2472869338589982,1.0994358624061453,0.28024671793106676,0.8740462321444764
-0.9145531721413699,-0.56233965282819,-0.2130541988759675,-0.21613671599358233,-0.3130932756502835,0.31297768133975384
0.3810575152093746,0.4832473463317343,0.20864737284147458,0.07053979118837862,0.17900811520458537,-0.4171731944413428
2.510241255083576,-1.0626938558437988,-0.7149404310897106,-0.17645255281948025,-0.7023080742274255,0.3160586033842035
-0.8812102500404316,0.2930215069021515,0.20381916787320015,0.7060639444907936,-0.2327569383712667,-0.1700203838685331
-0.85739387711119,0.06803209247917626,0.374824056032204,0.38146881377025965,0.49436057865734623,0.47543258602375116
-0.88597352462628,0.2930215069021515,-0.08376575198120124,0.024685795056898694,-0.3130932756502835,-0.7260568663738387
-0.6287566969904703,0.4832473463317343,0.5475559501532556,0.5654615841069007,1.0755788392911698,0.23862183937474898
-0.6620996190914087,-1.0626938558437988,-0.7882280248349686,-0.6472763774556309,-0.5022651455660757,0.17376020905432488
0.5382455765423694,0.2930215069021515,0.308258379603792,0.4592864434577494,0.2239420603335628,0.03211409474603777
-0.9526593688281565,0.06803209247917626,0.7569305501793937,0.810525771701496,1.011538637117644,1.2161689830774005
0.19528980636128992,-0.56233965282819,-0.8103306520240839,-0.6398770795028121,-0.34173108567376953,-0.8439804296906525
-0.9240797213130665,0.7933757099177606,0.17541781682216354,0.6280551208566406,-0.34173108567376953,-0.8855136631119245
-0.9621859179998531,1.148382666632493,1.2001456076439627,1.2398828202888914,1.163101256249335,0.6482831112102228
2.257787702033615,-1.0626938558437988,-0.8212539123386686,-1.3641579365491812,-1.5988787983140098,0.1096357028052738
0.27626547432071147,0.06803209247917626,-0.14912661662885976,-0.07932541753890623,-0.2327569383712667,-0.5388567046920069
-0.3620133201829641,-0.20733269611345734,-0.043812927857076946,-0.1727935877653639,-0.20764437720954537,0.06974378232851838
-0.6144668732329254,0.06803209247917626,-0.05151592405564205,-0.32826869973257417,-0.7984300843785986,-0.3500734359732304
-0.6192301478187737,0.4832473463317343,0.2678761633910326,0.36621477813404224,0.3455690788011746,-0.3026429226312553
-0.8669204262828867,0.06803209247917626,0.4760755949516786,0.5708586147107787,0.2239420603335628,0.6716524642248815
-0.681152717434802,-0.20733269611345734,0.6459357153506581,0.7080111095169667,0.8857372164920676,1.4068968634592558
-0.5573075782027455,-1.0626938558437988,-0.24276734327091368,-0.1407372938005892,-0.11427479409411481,1.232850502377926
-0.5954137748895321,-0.56233965282819,-0.6806676530976759,-0.8400937388776598,-0.6163240061555176,-0.5930191376604982
-0.9621859179998531,-0.20733269611345734,0.14681391506315913,0.2786829574398311,1.6309215455552915,0.43908602382154377
-0.8240509550102517,-1.0626938558437988,-1.4076400811153114,-1.5667414063044838,-1.5988787983140098,-1.0289173047365308
-0.8097611312527068,0.4832473463317343,1.1963484533902382,0.9566186802543349,1.167698980199021,1.4961090398666803
-0.7716549345659202,0.2930215069021515,-0.18377937718070672,-0.2500895246466226,-0.7023080742274255,-0.9191880599038845
-0.8955000737979766,-0.56233965282819,-0.24089237502723926,-0.12019283782039468,-1.5988787983140098,0.259009937308574
2.5483474517703626,-0.56233965282819,0.21804263653389014,0.9299915877562751,-0.28542642807626484,1.1490499360502568
-0.8049978566668584,1.2471573932472422,1.1974262193447462,1.168869067013208,1.4985965582782739,0.520339487739011
-0.5906505003036837,-0.56233965282819,-0.7597881183734704,-1.2265673168066213,-0.7984300843785986,-0.746172868685609
2.052966894842137,-1.0626938558437988,-0.5641111875299756,-0.36619666955760927,-0.6581841478671907,0.608915253189672
0.009522097513205234,0.4832473463317343,0.35814832795171075,0.03411266582512045,0.04547115000298754,-0.1280147566185466
-0.8049978566668584,-1.0626938558437988,-1.035858916712199,-0.8602749791911071,0.37030108791939076,-0.30705075088916023
-0.09526994337545792,-0.20733269611345734,-0.8571959881571353,-0.5634889539830537,0.3070062904338656,-1.5025483523676426
-0.9574226434140048,2.504098029378443,1.5837039787363443,1.3995419305401078,1.100846920956937,-0.23986302983919813
0.9526504655111736,-1.0626938558437988,-1.6531533467250543,-2.5048817090849957,-2.495449522400594,-1.505616588989016
-0.9621859179998531,0.6480284636168839,0.9962218098275601,1.000954897160506,0.6290811464485883,0.8905532819243778
1.062205780985685,-0.56233965282819,-0.14459601445382902,-0.2239712765289708,-0.07131256734998571,0.4457054841517484
-0.7621283853942235,1.2471573932472422,0.9202927563543977,0.47118461535099254,0.744681261211917,-0.016173815038077157
-0.5573075782027455,0.6480284636168839,0.424238769598634,0.27123191506878397,0.40604813855664385,-0.21710312915883667
1.2575000390054667,-0.20733269611345734,-0.23673149522313386,-0.607561468882761,-0.37141049614817273,-0.30379920378374703
1.0669690555715334,-0.56233965282819,-0.07935455229371695,-0.34933678258552825,-1.1042151012961297,0.5722128279365984
0.8288053262791172,1.6487368696481015,1.0976492008571377,0.3539203372826639,0.688926346877039,-0.16342350526464952
2.052966894842137,-0.56233965282819,0.36146061204537383,-0.23992245747263113,-0.09251100185985872,1.4273030549691264
-0.7764182091517684,0.4832473463317343,-0.0747858841738742,-0.23589869922150156,1.3405835609562786,-0.9646340844303458
0.8954911704809938,-0.56233965282819,-0.6361235813973952,-0.41686215719554537,0.2092372689416153,-0.5067734707244345
-0.9097898975555215,0.2930215069021515,0.15659449968751624,0.14474152704796953,0.6638137857153177,-0.2613883882504521
0.9764668384404153,-1.0626938558437988,-1.2024793229635033,-1.1835891817168884,0.04547115000298754,-0.630568212174165
-0.5096748323442623,-0.20733269611345734,0.020978529138945143,0.1110604710877416,1.1301708124352978,0.19525479331281145
-0.843104053353645,0.7933757099177606,0.10063943115403563,0.10627818867170029,0.04547115000298754,-1.0297535787669696
0.8573849737942072,-1.0626938558437988,-0.6820648118125052,-0.062108877894998,-0.030499371057727126,0.37989134227869636
0.5525354002999143,-0.56233965282819,-0.9275760872604154,-1.6970935856002451,-1.5988787983140098,-1.0707750018838647
-0.652573069919712,1.951224185270838,1.5070275441246581,1.142565880257284,1.0958555057486208,0.2655825403748253
2.248261152861918,-1.0626938558437988,-0.40800559686855215,-0.5667775037006352,0.5740427324604442,0.9120166890786781
0.8430951500366621,0.6480284636168839,0.45152992900997574,0.1344699100716605,1.0652483995479596,-0.16431139293022345
-0.6144668732329254,1.338608506062076,1.686482002037338,1.537804450585013,1.49246048544233,1.3552630420014768
1.0764956047432301,-0.56233965282819,-1.0693087897143625,-0.835142563917442,-1.2679812202347571,-1.3447359475994427
-0.8335775041819483,1.338608506062076,0.9034800896253572,1.0810925412544545,0.8921885848117497,-0.16137295454697909
-0.9383695450706115,0.06803209247917626,-0.28161133979158326,-0.22200397830500243,0.8726794364411976,-0.7949154927954167
1.4766106699544896,-0.56233965282819,0.08912472864858434,-0.18013173325269888,-2.495449522400594,0.8989685625684726
-0.9336062704847632,-1.0626938558437988,-1.183921171187111,-1.3321871589209533,-0.20764437720954537,-0.5945348937834698
0.061918117957536815,1.148382666632493,0.5253695778756897,0.5773961322838974,0.9237019148051182,-0.6571765713039044
-0.5763606765461388,0.7933757099177606,1.2435163892279055,0.8130214521908499,0.6020258341916891,1.1815560991478251
-0.5668341273744422,-0.56233965282819,-0.0865375565917327,-0.5409128948793259,0.13145521807489544,0.5582837963996329
-0.2810376522235426,2.570818348505732,2.136444005130986,1.9525531016974143,1.9857231626440028,0.7516870788110775
-0.8764469754545833,-0.20733269611345734,-0.5431174943836434,-0.3961311456807502,0.06340800044125627,-0.896365352490581
-0.7716549345659202,0.2930215069021515,0.4775160535147703,0.6512155533556224,1.48937506081245,0.35987861687489403
1.0717323301573818,0.06803209247917626,0.15192618885988285,0.20532236007859916,1.1813387491085796,0.04367714839452877
-0.14290268923394117,-1.0626938558437988,-1.1207526319606922,-1.3016812162180795,-0.010833507594516798,-0.4718840978612067
-0.88597352462628,0.06803209247917626,-0.13584863068593717,-0.20839325706434073,0.9775298061844006,-0.5131824258887878
0.1905265317754416,-1.0626938558437988,-0.9416954127113609,-0.7137291760748854,-0.34173108567376953,-0.12421877703053781
-0.9050266229696732,2.149091072663711,1.1967800720811566,1.2712792727719953,1.48937506081245,-0.5694283953400435
0.01428537209905356,-1.0626938558437988,0.33293469621094224,0.08183764874805946,-0.20764437720954537,2.3506587376360946
-0.7287854632932852,0.4832473463317343,0.023458810261037112,0.20944577860595387,0.4513983519132168,-0.7749989360861219
0.9907566621979602,-1.0626938558437988,-0.5614670922283893,-0.2923850046642772,0.5644976664279658,0.6140491441614334
-0.85739387711119,0.2930215069021515,-0.13033634743783723,-0.03338099707915998,-0.010833507594516798,-0.8160049379677338
-0.9193164467272182,2.2372732423661383,1.8546323008519314,1.5010144983435616,1.0059680090545104,0.5987762096306337
-0.8478673279394934,1.148382666632493,1.0056451710174883,0.8366760749812275,0.7212511205834883,0.2715796855656172
0.9812301130262636,-1.0626938558437988,-1.2918571901724647,-0.8705996815805336,-1.1819971521628492,-0.8041081845284522
-0.8955000737979766,0.2930215069021515,0.32770818124302303,0.2786829574398311,0.4402948630471784,0.06976769275145304
0.9669402892687187,-1.0626938558437988,-1.519425438772732,-1.5521049937336002,-1.5988787983140098,-1.2459646396447175
0.5049026544414311,-0.56233965282819,-0.8269973829338889,-0.9135778166702664,-0.20764437720954537,-0.8762280398612191
0.8907278958951454,-0.56233965282819,-0.9350962974072841,-0.9899352831368446,-1.1042151012961297,-1.0853169566097611
-0.22387835719336271,-0.56233965282819,0.36419478341248857,0.5606272255653211,0.6466322281051479,1.432608165927779
0.4953761052697344,-0.20733269611345734,-0.59593489186469,-0.18013173325269888,0.4623527961541478,-0.9984088460331105
1.5623496124997593,-0.20733269611345734,-0.17913479125650206,0.7162236252051178,-0.28542642807626484,-0.19230541309511906
1.6099823583582427,-1.0626938558437988,-1.3991925700472545,-1.662036546029389,-0.5765066536018487,-1.0125152481313342
-0.6620996190914087,0.06803209247917626,0.4709809938678468,0.22669093024859924,-0.34173108567376953,0.6617781929346874
-0.8907367992121282,0.9233932522095181,0.7568689096193405,1.1364633865602174,0.9237019148051182,0.07268968736332718
-0.8955000737979766,0.4832473463317343,0.17933506284350428,-0.3168459502924501,0.11496791303105958,-0.47383969117442165
-0.9145531721413699,1.7154571887753904,1.4398232995755191,1.6054177019389553,1.4642624996507287,0.41825456003420847
-0.6573363445055603,0.6480284636168839,0.6340519362869388,0.3909259662892057,0.6111442960103195,0.18893149643155085
-0.7954713074951617,0.06803209247917626,-0.9164979376281245,-1.1432174294631183,-0.7984300843785986,-2.0178111951949855
-0.45251553731408234,1.4237474552251266,1.3359413946374599,1.014590049374295,1.3141948559183994,0.5713250999858842
-0.7144956395357402,-0.56233965282819,-0.36055156382570386,-0.11682954802229412,-0.2327569383712667,0.027074703041658113
1.4956637682978828,-0.20733269611345734,-0.08006781810244665,-0.21613671599358233,0.8111872246716694,-0.0004758818183041619
-0.9383695450706115,-0.56233965282819,-0.2011588449771335,-0.137268900728312,0.9359742339267227,0.3360392620657097
0.9383606417536287,-0.56233965282819,-0.5754981664980076,-0.47456639843357457,-0.7023080742274255,-0.3893683593315334
-0.7430752870508301,0.2930215069021515,-0.10124378340140397,-0.12188087412222688,0.504756819153868,-0.759818082645016
-0.9621859179998531,2.4335631004027682,1.7580870510058189,1.7186335564823374,1.3978768241774149,0.18028676915693156
0.5191924781989761,-0.56233965282819,-0.38113985673380774,0.15819511521463767,-0.13663492822009354,-0.012824686893095323
-0.7526018362225269,0.06803209247917626,0.20437115306917536,0.4697958140874714,1.0857801451534175,0.14523447437010328
-0.6573363445055603,0.06803209247917626,0.11451179216276369,0.08679804385856377,0.13145521807489544,-0.028761854480346443
-0.843104053353645,-1.0626938558437988,-1.2144441735950637,-0.7015099348130508,-0.34173108567376953,-0.6537996889666206
2.172048759488345,-1.0626938558437988,-0.14482896709507226,-0.4437178110282634,-0.5385419552887978,1.4230119329952275
0.8764380721376005,-0.56233965282819,-0.375207761148289,-0.06987944406233111,0.14761602027680515,-0.001328713294940403
-0.8288142295961001,-0.20733269611345734,-0.8368376687424517,-0.35651024474623383,-0.030499371057727126,-1.4633063089753562
-0.7764182091517684,-0.56233965282819,0.14957737862432402,-0.008687198626552447,0.7822959299924696,1.0162325204045088
1.6099823583582427,-1.0626938558437988,-0.9645719660960327,-0.9654947432132038,-0.2327569383712667,-0.16863689267717374
1.8576726368223555,-1.0626938558437988,-1.2013108794265002,-2.1067641363977274,-1.3641032303859306,-0.6282995111473773
-0.9097898975555215,1.4237474552251266,0.637438980286552,0.40563042115753184,1.6204586606716107,-0.7795546449942258
-0.5430177544452005,1.0410084257512708,0.9645999263785489,0.9562839579731007,1.1349573003059787,0.32640687876757934
2.0482036202562885,-1.0626938558437988,-0.04938923956102882,-0.04082163274976683,0.14761602027680515,1.6083218782307296
1.19081419480359,0.2930215069021515,0.12485195236892381,-0.0393268398337057,0.14761602027680515,-0.3227902079570847
-0.8526306025253416,0.4832473463317343,0.7126333876453732,0.3678370200191037,1.369732868234058,0.5583744534058555
0.5525354002999143,0.7933757099177606,1.4324908403561347,1.209913150741977,1.4769153708158385,1.548010285521757
1.7385907721761475,-0.56233965282819,-0.8184629683190185,-0.6699807344047598,-0.2327569383712667,-0.8597155577118153
-0.7764182091517684,0.7933757099177606,0.2752685594586761,0.1515022954165481,0.11496791303105958,-0.6927690930193071
-0.13813941464809285,-1.0626938558437988,-1.159346287203227,-0.43284524356104437,-0.9074042316811012,-0.5468192252365539
1.629035456701636,-0.56233965282819,-0.9871268038214054,-1.1835891817168884,-0.050650860148185636,-1.1859119720262392
1.5480597887422145,-1.0626938558437988,-1.4893311477654043,-1.2265673168066213,-1.5988787983140098,-1.187532249249639
-0.4096460660414474,-1.0626938558437988,-1.023764660729307,-0.2122537314380398,-0.6163240061555176,-0.2835680150121699
2.348289919164733,-1.0626938558437988,-0.20682847790232275,-0.1459739915423413,-0.20764437720954537,1.302630973732521
-0.8192876804244034,1.0410084257512708,0.7725814999529748,0.505654438593811,1.310354407219249,-0.045264224308497435
0.8812013467234487,-1.0626938558437988,-0.4647193202625695,0.36702639306021645,-0.5022651455660757,0.8018988456209002
1.876725735165749,-1.0626938558437988,-0.775276744724232,-0.7875558985699295,-0.5385419552887978,0.19890698042575575
0.23815927763392486,-0.56233965282819,-0.15562618169774084,-0.1134831592492632,0.04547115000298754,0.42431880724232157
-0.6859159920206502,0.6480284636168839,0.6850286082907955,0.8249537880996581,0.8390905869097138,0.2876370047258709
2.2530244274477664,-1.0626938558437988,-0.7541983212801251,-0.9899352831368446,-0.7489547038097792,0.23983376841019208
-0.85739387711119,1.778754411939859,1.98342201944014,1.8596651623967935,-0.3130932756502835,1.3954233706288928
-0.9431328196564598,0.6480284636168839,0.6121252906558504,0.7186199212938867,0.16346300057809388,0.14648119223807785
-0.49062173400086895,1.148382666632493,0.9125811020638381,-0.007262748961508164,-1.4730773776884334,0.09143300283999803
-0.8478673279394934,0.7933757099177606,1.0375814746355148,0.8253614587365073,1.1156405679037118,0.7823712487876872
-0.8097611312527068,1.5782019406724268,1.272360099529485,0.9895873955707881,1.5077150200969043,0.2599983380825533
-0.6430465207480154,0.06803209247917626,0.8954926538124854,0.9205207359771109,0.9480647342122167,1.484911212962212
-0.7907080329093135,0.2930215069021515,0.05845843353581571,0.15038025645775963,0.2525798703570481,-0.45118613801682644
-0.7192589141215886,-0.20733269611345734,-0.061927095149300164,-0.10190147664263403,0.515022285859146,0.03465858414256453
-0.8907367992121282,-1.0626938558437988,-1.4260115984038504,-1.0761958899139523,-1.2679812202347571,-1.0645882454505837
-0.6144668732329254,-0.56233965282819,0.3126971352804071,0.4970360111450992,0.13145521807489544,1.3326896832883939
1.9434115793676254,-1.0626938558437988,-0.5604802685075871,-0.9776028943147181,-1.7476702981701815,0.6159652042171762
2.0863098169430754,0.2930215069021515,0.10831372795958122,0.5612334431442776,-0.010833507594516798,-0.35477721366594483
0.061918117957536815,0.06803209247917626,-0.44898201864529325,-0.47456639843357457,0.6466322281051479,-1.1180595426850066
-0.8192876804244034,1.0410084257512708,0.6555634752581071,0.4304225553995228,0.42903821778723844,-0.27159947174813287
-0.8907367992121282,0.06803209247917626,0.7983201759175634,0.982221901304942,1.0003590945874612,1.2964385036566493
-0.3953562422839024,-1.0626938558437988,-0.904492081018124,-0.7261768275480125,-1.5988787983140098,-0.05198316260893524
0.9383606417536287,-0.56233965282819,-0.7174497660936001,-1.1835891817168884,0.26653053216275097,-0.6642247135429056
-0.9193164467272182,0.7933757099177606,0.9057373224809948,0.8883124665245917,0.688926346877039,0.5269144355756868
0.9383606417536287,0.7933757099177606,0.5093062964037557,0.4718779313579137,0.6638137857153177,-0.24046683187782134
0.25721237597731816,0.4832473463317343,0.3685358986155925,0.33546769670629084,0.6806410590383919,-0.1079153760121291
-0.88597352462628,1.0410084257512708,0.9624054081614032,0.8698915526495195,0.8985893536433969,0.3221575167270411
-0.8002345820810101,-0.20733269611345734,-0.9809987919282592,-1.342674461717608,-0.8510995740835968,-1.7410045341582074
-0.7478385616366785,0.2930215069021515,0.6902422507506121,0.7499250942258234,0.825258156736599,0.7720709244877653
1.3575288053082815,-1.0626938558437988,-1.2699583242971229,-1.244566519650268,-1.1819971521628492,-0.7615883896701561
-0.7621283853942235,1.148382666632493,1.4365950822890676,1.537804450585013,1.4862779267631314,1.106525585808887
-0.4239358897989924,0.4832473463317343,0.6961562441107058,0.6340569882839209,0.7291361465854255,0.5264508871915684
-0.18100888592072778,0.06803209247917626,0.1516296310454103,0.40025069224437104,0.5351737749496048,0.04310293372123096
-0.9145531721413699,-0.56233965282819,-0.602667622040774,-0.5409128948793259,-0.7489547038097792,-0.441986957521046
-0.9193164467272182,0.9233932522095181,1.403246588305353,1.0148967175650683,1.1058079930281992,1.325047645383936
0.01428537209905356,1.2471573932472422,1.2504780281444934,1.1159716169967988,1.3589235202407326,0.6231071791548047
0.9383606417536287,-1.0626938558437988,-0.7624335373188912,-0.825349299708357,-0.050650860148185636,0.22384391311013463
1.9053053826808388,-1.0626938558437988,-0.7196999673471415,-0.9191504848762425,-0.7023080742274255,0.30681727981801565
-0.5573075782027455,1.148382666632493,0.6810359035939076,0.6029227055829762,0.8921885848117497,-0.35642859488427425
-0.11432304171885123,0.2930215069021515,0.6177367007219213,0.42375208261948927,0.5928043367258662,0.6315521406669695
0.8716747975517521,-0.20733269611345734,0.4873842330721035,0.8330601567875939,0.6806410590383919,1.0993690815604291
-0.681152717434802,0.2930215069021515,-1.395682676637769,-1.4331087772000919,-0.6163240061555176,-3.2373532704516306
-0.257221279294301,-1.0626938558437988,-0.7806188536353524,-0.7649798394662016,0.5450659426428811,0.1885345083395513
-0.9526593688281565,2.504098029378443,1.9600567269533447,1.7022352948007407,1.8525974125981521,0.4883763522476458
-0.7240221887074368,-0.20733269611345734,-0.5453092278545016,-0.12188087412222688,-0.9074042316811012,-0.9006005161111155
-0.609703598647077,-1.0626938558437988,-0.6670698937227488,-0.34223977085484736,-0.4022101454292381,0.409006130447307
0.914544268824387,-1.0626938558437988,-1.1789561503215582,-1.0621757938743313,0.3070062904338656,-0.584894592323467
0.46679645775464446,-0.20733269611345734,-0.5342083946539807,-0.8156979718699264,-0.9074042316811012,-0.8791493595102652
-0.8764469754545833,-0.56233965282819,-0.5926666934271929,-0.9419195391891159,0.09814063970798567,-0.4226189226787109
1.0955487030866233,-1.0626938558437988,-0.9381021725390921,-1.015307112385583,-0.8510995740835968,-0.11724198490480987
-0.24769473012260435,-0.56233965282819,-0.42683133968905995,-0.23790753925010832,-0.4022101454292381,-0.10136534289313547
1.600455809186546,-0.56233965282819,-0.9284672872963617,-1.0025003722197456,-0.9074042316811012,-1.072498362124854
0.9621770146828703,-0.56233965282819,-0.3365376879361981,-0.5160154169742984,0.688926346877039,0.07361541208003453
-0.24293145553675602,-1.0626938558437988,-0.9628559940475914,0.44645227816956273,-0.7489547038097792,-0.16530508636822455
1.3861084528233714,-0.20733269611345734,-0.8251122398320063,-1.015307112385583,0.04547115000298754,-1.4407011731875792
-0.9621859179998531,1.2471573932472422,1.8686023311143587,1.601998447675734,1.7310765020695595,1.8214663020641417
-0.8812102500404316,0.06803209247917626,-0.040961657606644934,-0.18013173325269888,-0.09251100185985872,-0.3296552542453342
-0.07621684503206462,-1.0626938558437988,-1.9463082869615709,-2.5048817090849957,-1.9297763763932627,-2.074819030408059
1.2146305677328315,-1.0626938558437988,-0.8860329225591014,-0.6398770795028121,-1.1042151012961297,-0.016142053968775237
0.3953473389669196,0.06803209247917626,-0.28117140986407824,-0.46601043536946785,0.5351737749496048,-0.7940655858352542
-0.9526593688281565,0.6480284636168839,0.9241076654048179,1.5776907921453205,-0.28542642807626484,0.7507891647419497
-0.09526994337545792,-0.20733269611345734,-0.5532723137002525,-0.14772874872236202,-0.34173108567376953,-0.9159873501272917
1.119365076015865,-1.0626938558437988,1.8974196546833015,3.473635933337598,0.06340800044125627,5.388331093446905
2.0577301694279853,-1.0626938558437988,-0.6153941490710249,-0.855172042615717,-1.5988787983140098,0.5093420142436956
-0.6668628936772569,-0.56233965282819,0.26423536745042375,0.28237744660786623,-1.4730773776884334,1.2386663607132158
-0.6859159920206502,-1.0626938558437988,-1.180425296743738,-1.291815406667183,-1.1819971521628492,-0.5877471512113782
0.9193075434102354,-1.0626938558437988,-1.027399127516296,-0.7829790423098484,0.2092372689416153,-0.2906248545344427
-0.8478673279394934,0.2930215069021515,0.9229309423661768,0.9930814315423641,0.5548396384128148,1.223186981648626
0.8145155025215722,0.9233932522095181,0.6049420617015447,0.4139974411179466,0.504756819153868,-0.22124373869521552
-0.9478960942423081,4.214820348839126,3.936639906551099,3.986187951469368,2.487544955491865,2.3341004972493886
-0.8192876804244034,1.5782019406724268,0.837842485497019,0.8868276722316659,0.09814063970798567,-0.5802562113711209
1.0431526826422919,-0.20733269611345734,0.6080385322486315,0.10387410676648108,-0.4342179279324365,1.3333849097095012
-0.7811814837376168,-1.0626938558437988,-1.274247473364033,-0.6510070872942513,-0.96788329143657,-0.7699163889135793
1.876725735165749,-0.56233965282819,-0.48117409904926683,-0.48614808104020374,-0.2327569383712667,-0.2066555205453569
-0.22864163177921104,-0.56233965282819,-0.09915723538502437,-0.5099338225192531,-0.18328155780244723,0.5338125832561608
-0.843104053353645,1.338608506062076,0.7907132895918322,1.1809246092200525,1.100846920956937,-0.3793929984215316
1.1622345472885,-1.0626938558437988,-1.229300144831136,-1.1753166534153046,-1.1819971521628492,-0.6826446918528116
1.1574712727026517,-1.0626938558437988,-1.355687996369336,-1.2265673168066213,-1.5988787983140098,-0.9280448669384157
0.547772125714066,-0.56233965282819,-0.524519044591641,-0.8654173210722571,-0.11427479409411481,-0.2906248545344427
-0.9431328196564598,0.9233932522095181,0.7048939775577999,0.7824376608802501,0.789615206340894,-0.02789078904264977
-0.9288429958989148,0.6480284636168839,0.48973095896715046,0.433365897050796,0.2239420603335628,-0.09040358514379994
0.4763230069263411,-0.56233965282819,-0.23813500620220887,-0.2989675620290503,-0.07131256734998571,0.2643552935011311
0.3048451218358014,0.2930215069021515,0.9794375247398484,1.0267479400474369,0.989024275675226,1.3327672581591528
0.32389822017919473,-1.0626938558437988,-0.8146904766955981,-0.2989675620290503,0.13145521807489544,0.12237955624031527
-0.9478960942423081,1.7154571887753904,1.5694672351445513,1.4417129755243878,1.5854970709636238,0.6693598446651472
-0.814524405838555,-0.20733269611345734,-0.39372121358029255,-0.22594440379323072,-0.9074042316811012,-0.6075469245576842
0.07620794171508179,0.9233932522095181,0.5208613584068534,0.36621477813404224,0.525160227938412,-0.3838135776662482
0.2095796301188349,-0.56233965282819,-0.09700076030586266,0.5791680090662642,-0.20764437720954537,0.5379942324477469
0.9764668384404153,-0.20733269611345734,-0.12175764847371985,-0.337550103836139,0.4176241318318146,-0.08121110872211006
1.24797348983377,-1.0626938558437988,-1.227729084367559,-1.483391518960981,-0.25866685557346636,-0.6795942522089718
0.37153096603767793,1.6487368696481015,1.6233437281946723,1.5430962681955684,1.5315442704477222,0.8543600545882404
0.3143716710074981,-1.0626938558437988,-1.3393024821538873,-0.8156979718699264,-0.5385419552887978,-0.8962300365698223
-0.814524405838555,0.7933757099177606,0.509009280260731,1.0065666997339895,0.7822959299924696,-0.24104125280364372
0.20481635553298658,-0.56233965282819,-0.7626465335084494,-0.6661425107273722,-1.1819971521628492,-0.7517049401280573
-0.8955000737979766,1.148382666632493,0.841078860787402,0.8067646260393999,1.2421398028877593,-0.046925537830196554
-0.4096460660414474,0.06803209247917626,-0.06591544025527518,0.039440133954368684,0.008369586453112622,-0.3779288505933679
-0.7954713074951617,-0.56233965282819,-0.12099256020281567,0.05387464905303969,-0.010833507594516798,0.4914723366278262
-0.3381969472537225,1.0410084257512708,1.3545320591084973,1.243155209991803,0.959978724527841,1.0819204328319425
0.06668139254338513,0.4832473463317343,0.22543839634351903,0.1515022954165481,0.16346300057809388,-0.38470841489304686
2.067256718599682,-1.0626938558437988,-1.026616354514086,-0.855172042615717,-0.050650860148185636,-0.2891049882699503
-0.7287854632932852,0.7933757099177606,0.5935477774224303,0.3555727698042264,0.6638137857153177,-0.0775101757047695
-0.7811814837376168,-0.56233965282819,0.1521754735453433,0.5340236057319436,-0.050650860148185636,1.0212724229686505
-0.8288142295961001,0.7933757099177606,0.14845429377500893,-0.16553542365761845,0.4623527961541478,-0.9375347192231769
-0.7907080329093135,1.5782019406724268,0.8596885410335943,0.6575377207566376,0.47316214414747326,-0.5380638987586499
1.1098385268441684,-0.20733269611345734,-0.13766193660780204,-0.07932541753890623,-0.11427479409411481,-0.1120076194736666
-0.3191438489103292,-0.56233965282819,-0.11022965803035933,0.02196770979561213,-0.07131256734998571,0.5123421585363699
0.07620794171508179,-0.56233965282819,-0.26222779167716714,-0.35171936102869567,-0.11427479409411481,0.21765080427730543
-0.8335775041819483,-1.0626938558437988,-0.4193488585537688,0.03544853380467958,-0.18328155780244723,0.88999211654488
0.9907566621979602,-0.56233965282819,-0.4265180292798119,-0.22792339474297102,-0.3130932756502835,-0.10075824994657255
1.4575575716110962,0.06803209247917626,1.4800079501448398,-0.29676613865401374,-0.4342179279324365,2.61905204763244
-0.8478673279394934,1.338608506062076,1.7544970296938835,1.443809378645361,1.7492631899022508,1.4871540792298776
-0.9431328196564598,0.6480284636168839,0.8330308475632487,0.7902162953074494,1.6615286517559527,0.5743119070198061
-0.014294275416036393,-1.0626938558437988,-0.6883426767087434,-0.8810869843771884,-0.28542642807626484,0.3677019654837679
0.9193075434102354,-1.0626938558437988,-0.5089519512989766,-0.45756300753582285,0.6020258341916891,0.7160148364481479
-0.8812102500404316,-0.56233965282819,-0.7974305181604755,-1.2090418326132162,-1.4730773776884334,-0.8190188598676635
0.18099998260374495,0.2930215069021515,0.4304287659689267,0.49032971111979495,0.5548396384128148,0.2686749357224619
-0.6239934224046221,-0.20733269611345734,-0.19644590121746602,-0.5129676772632263,-0.15962500745068847,-0.225818477550224
-0.88597352462628,1.2471573932472422,0.9214035046646082,0.5714555936521436,1.2668718120059754,-0.014024747355650753
-0.9526593688281565,0.6480284636168839,0.3101694405996027,0.8812300211904556,-1.2679812202347571,-0.4376727660337031
-0.5144381069301106,-0.56233965282819,0.1527545624143612,0.5937531291804873,0.2092372689416153,1.0223957681343105
-0.19529870967827276,-0.56233965282819,-0.08669653186597863,0.5897013915604473,0.08095908209781587,0.5579755190775404
1.0050464859555053,-1.0626938558437988,-1.1620043536529143,-1.1510983494238103,-1.1819971521628492,-0.5519802431999405
0.8145155025215722,-0.56233965282819,-1.190793188447382,-1.3641579365491812,-1.7476702981701815,-1.5793502584886383
-0.5096748323442623,0.9233932522095181,0.6236965269050979,0.5174064488389101,-0.030499371057727126,-0.18497157290504695
-0.7097323649498919,1.148382666632493,1.028819708900836,0.7084970124677441,0.16346300057809388,0.3164498482379515
0.40487388813861624,-1.0626938558437988,-0.7874439264130889,-0.7517926765739397,-1.1819971521628492,0.17528264881156252
-0.3763031439405091,0.6480284636168839,0.4290761727042171,0.5023528454923388,0.47316214414747326,-0.20774624798034294
0.40487388813861624,0.06803209247917626,0.6342708194017264,0.7462636144064261,0.3455690788011746,0.978320849292153
-0.24293145553675602,-0.20733269611345734,-0.48873841420373987,-0.26879081502445945,-0.7489547038097792,-0.7912676538937113
-0.9478960942423081,0.9233932522095181,0.6389419740318779,0.6432274931864311,1.3874362488259306,-0.1554833794754626
-0.9574226434140048,2.0037438263628347,1.666911482668687,1.5884023328357695,0.989024275675226,0.5125131705084139
2.248261152861918,-1.0626938558437988,-1.0885701925766846,-1.4331087772000919,-1.2679812202347571,-0.40939726733596205
-0.9097898975555215,1.5033896233472255,1.670449780416879,1.5243879546661612,1.3180173165015092,1.1222362633369223
-0.8097611312527068,-0.56233965282819,-0.20632124889826636,-0.33057695148728955,-0.4342179279324365,0.3260308143312105
-0.7097323649498919,0.2930215069021515,0.3220225697346584,0.18431336333228948,0.6638137857153177,0.05876039965592027
-0.7287854632932852,0.4832473463317343,0.5830427647308185,0.5496198681038164,0.8390905869097138,0.3073443052367273
0.07620794171508179,0.2930215069021515,0.7549672311631868,1.1369740690733547,-0.46753250629934595,0.8975315924631723
-0.6668628936772569,-0.20733269611345734,1.2984434527470963,1.2781285426975506,0.14761602027680515,2.6730490903067823
-0.6287566969904703,0.4832473463317343,0.8759325399023526,0.9876738024020194,1.5827446439278807,0.8748358802069581
2.143469111973255,-1.0626938558437988,-0.660620167863511,-0.3078467597675524,-0.7023080742274255,0.42152919999749033
1.3908717274092197,-1.0626938558437988,-1.1080887703880087,-0.8205061513465587,-0.7489547038097792,-0.4472953908820626
-0.9574226434140048,3.3932702165417097,2.660715728113627,2.283559304577937,0.832203678170083,0.8090610156369141
2.495951431326031,-0.56233965282819,0.00013740360907450004,-0.1565725701291281,-0.25866685557346636,0.7263721399984852
-0.9574226434140048,1.8389627090776848,1.3339286770558791,1.0959159967043492,0.8594093254817513,0.06483015750515936
1.0431526826422919,0.06803209247917626,-0.07924345690286293,-0.005841339746299646,0.11496791303105958,-0.40370965128601954
-0.6620996190914087,0.9233932522095181,1.366497406129284,1.260553499081299,1.190306903561004,1.253790847049111
-0.8049978566668584,0.7933757099177606,0.9195630523493526,0.7444252972569741,1.818209189391613,0.5536980398122876
0.9240708179960837,-0.56233965282819,-0.7746027059676414,-0.6623262827218825,-0.6163240061555176,-0.7748437099694442
-0.5763606765461388,-1.0626938558437988,-0.6768918325430385,-0.5971289323153811,-0.5022651455660757,0.389935424862517
1.848146087650659,-1.0626938558437988,0.13168085366781984,-0.02456060369978409,0.3329162076360649,1.9598954831329065
1.0717323301573818,-0.56233965282819,-0.24646194005861444,-3.3701131805764293,-2.495449522400594,0.2482130361563495
-0.9621859179998531,3.1749332457404975,2.9382382372234903,2.5918960349960276,0.04547115000298754,1.6004537344851835
-0.47633191024332394,0.06803209247917626,0.18176459547081955,0.052575273100305735,-0.18328155780244723,0.10145549411934586
1.4909004937120345,-1.0626938558437988,-1.2287162122131219,-1.4453280184619266,-0.34173108567376953,-0.6815109027666386
-0.9336062704847632,-0.20733269611345734,-0.13033634743783723,0.009597138010572877,0.6201619992829226,-0.09782283050746325
0.2286327284622282,-0.20733269611345734,-0.08532300980387224,-0.3011762869875189,0.23838657621939405,-0.010653583283980804
-0.9050266229696732,1.338608506062076,0.5183482962823145,0.20532236007859916,1.2123053741124798,-0.9052830659300005
1.3575288053082815,0.06803209247917626,0.4114863399194507,1.3207193966106259,-1.7476702981701815,0.546476022101579
-0.9193164467272182,1.4237474552251266,0.873588320741353,1.1906498501115637,-0.9074042316811012,-0.32344258721053576
1.0764956047432301,0.06803209247917626,-0.3481642769598254,-0.7561594460868257,-0.37141049614817273,-0.9234595069632817
0.781172580420634,0.4832473463317343,0.9260995518063029,0.7754462059584772,0.525160227938412,0.9720814685428553
-0.6049403240612288,0.4832473463317343,0.24254730057908502,0.4977029415608795,0.42903821778723844,-0.3516258166336331
1.438504473267703,-1.0626938558437988,-3.7986061879165867,-3.640124545623051,-2.495449522400594,-5.671321571379502
0.8812013467234487,-1.0626938558437988,-0.9417862281981334,-0.4012537091284656,-0.6581841478671907,-0.12439510834785364
-0.9478960942423081,-1.0626938558437988,-0.66894046041823,0.30590459333493525,0.06340800044125627,0.40537415641662544
-0.3572500455971158,-0.56233965282819,0.3990729901751047,0.6203373030948333,-1.3641032303859306,1.5002835189000197
-0.652573069919712,-0.20733269611345734,-0.599236739445814,-0.7346064333275023,-0.46753250629934595,-1.004786796096011
2.114889464458165,-1.0626938558437988,-1.602661094929232,-1.457775669935054,-1.3641032303859306,-1.4075786266345713
1.6385620058733326,-1.0626938558437988,-1.406320841774035,-1.3321871589209533,-1.1819971521628492,-1.0263558119871175
0.8812013467234487,0.06803209247917626,-0.03356020681299529,0.647499712904157,-0.46753250629934595,-0.31533584135438947
1.4099248257526131,-1.0626938558437988,-0.8036641733533144,-0.5129676772632263,-0.5022651455660757,0.14378870860592496
1.1146018014300167,-0.20733269611345734,0.2164717944823726,0.12869424538049834,0.42903821778723844,0.5740967602667577
-0.9621859179998531,3.8936244195573186,3.242832960261466,3.0789210876780895,1.125356085534786,1.3588268968292974
-0.4096460660414474,0.9233932522095181,0.84641682405993,0.7859060539525267,0.3455690788011746,0.24603367271784046
0.5096659290272794,-0.20733269611345734,0.47361072528031134,0.42226063750671394,0.4513983519132168,1.0726573272586066
-0.6478097953338636,-1.0626938558437988,-0.7206824323580787,-0.6855587538693905,-0.46753250629934595,0.30490968282380115
-0.30485402515278426,1.778754411939859,2.4747223926284176,2.261951660671904,1.3141948559183994,2.348420785145973
0.2476858268056215,-0.20733269611345734,0.30870945132677124,0.3758894756260871,0.4513983519132168,0.7529048839190551
-0.8192876804244034,0.9233932522095181,0.9337667512517478,0.8890536240462783,1.02802594216148,0.41518144151421194
-0.7192589141215886,-0.56233965282819,0.03942505935193699,0.926149337595843,-1.1042151012961297,0.802570184260925
-0.6620996190914087,-1.0626938558437988,-0.8922849444588654,-1.4093230357210431,-1.1042151012961297,-0.02828125287253552
0.781172580420634,-0.20733269611345734,-0.530275880433336,-0.9304377036423475,-0.4342179279324365,-0.871549829850424
-0.9383695450706115,0.2930215069021515,0.5025273403263848,0.33546769670629084,0.4176241318318146,0.40832887003702606
1.0812588793290785,-1.0626938558437988,-1.92519959165384,-1.3641579365491812,-1.5988787983140098,-2.033833465250476
0.4715597323404928,0.4832473463317343,0.803319172163194,1.0559174189991487,0.09814063970798567,0.7340999533997433
1.0240995842988985,-0.20733269611345734,-0.21369975247304462,-0.3352175971975365,0.394305578520509,-0.25921833118309123
-0.2762743776376943,0.4832473463317343,0.33021273035704884,0.006816633075436405,1.0755788392911698,-0.18206362541952847
-0.9383695450706115,-0.56233965282819,-0.23717986438740038,0.17138227810689968,0.6201619992829226,0.2662069115170584
-0.8764469754545833,0.6480284636168839,0.9875199682723346,0.7966297955815947,0.767457451346147,0.8736869543766885
-0.8097611312527068,1.2471573932472422,0.9683042945704368,0.7425818913338366,0.28024671793106676,0.07672889133488549
1.995807599811957,-0.56233965282819,-0.8945227804373337,-0.6325590941621396,-0.07131256734998571,-1.006852123867023
-0.1286128654763962,-1.0626938558437988,-1.1113296689416976,-1.1590736539023403,-1.1042151012961297,-0.45358806112552813
-0.6906792666064986,-0.20733269611345734,-0.5519243015907672,-0.8156979718699264,0.5548396384128148,-0.9133826836091955
-0.8621571516970383,-1.0626938558437988,-1.0386893075713122,-0.2772741140081302,-0.7984300843785986,-0.31254636145563275
1.0383894080564435,-1.0626938558437988,-1.558970276229897,-2.3936353884164303,-2.495449522400594,-1.3227466239700618
1.805276616378024,-1.0626938558437988,-1.248191569157174,-1.5237632712147509,-1.033205652306678,-0.7193251067883007
-0.8907367992121282,1.7154571887753904,1.467934556722075,1.0797031604781975,0.8594093254817513,0.47269334939751767
-0.8764469754545833,-0.56233965282819,-0.26306146309799755,-0.0777417545702005,0.2092372689416153,0.21603475530593255
-0.20958853343581774,-0.56233965282819,-0.16247484233357082,-0.44098298186834195,0.02713119071853385,0.4110399913259597
1.7814602434487825,-0.56233965282819,-0.7220466832101097,-0.5039072658727841,-0.7984300843785986,-0.6731230115136339
-0.8478673279394934,0.6480284636168839,0.16261556904409408,0.06417938023388478,0.2937361794744193,-0.7227575037631646
0.9335973671677803,-0.56233965282819,-0.2506789729394095,-0.36376182236793736,-0.28542642807626484,0.24003817900056015
0.04286501961414351,-0.56233965282819,-0.863965507676844,-0.6325590941621396,-0.7023080742274255,-0.9477463709865621
-0.9383695450706115,1.0410084257512708,0.47814912561050965,0.2560749600149777,1.669004372817309,-0.6144555956287947
1.3480022561365848,-1.0626938558437988,-1.3306259621068877,-1.932047911076011,-1.3641032303859306,-0.8793833261245237
1.014573035127202,-1.0626938558437988,-0.2152045548109752,-0.18383135368206674,-0.030499371057727126,1.286367616812552
0.23815927763392486,-1.0626938558437988,-1.690281258329342,-1.028364981041055,-2.495449522400594,-1.577705764470421
-0.6859159920206502,1.7154571887753904,1.3125212909329569,1.1639850703174301,1.3218219566908573,0.17180188711751687
0.8478584246225105,-1.0626938558437988,-0.732054427954581,-0.7829790423098484,-0.6581841478671907,0.2828293192723177
-0.9145531721413699,-1.0626938558437988,-0.6427382822522308,-0.5834683514626465,-0.5765066536018487,0.45624945045243676
-0.6573363445055603,-1.0626938558437988,-0.7475838288611278,-0.6325590941621396,-1.1819971521628492,0.2526767559123076
-0.8478673279394934,0.06803209247917626,0.29160278475366025,0.26653231924434884,0.5351737749496048,0.31419577134449284
2.462608509225093,-1.0626938558437988,-0.7528425817270971,-1.0552749034716755,-0.6163240061555176,0.24246613156562566
-0.5287279306876556,0.7933757099177606,0.8993259766090629,1.9762756818156482,-1.9297763763932627,0.514494585630378
-0.7192589141215886,0.2930215069021515,1.0014660029558764,0.9201673637403787,1.2209413683778862,1.3754887190009266
-0.3524867710112675,-1.0626938558437988,0.43624745557144234,0.46069731255433777,0.6466322281051479,2.5512553054793328
-0.5096748323442623,0.7933757099177606,1.207796354729346,1.1154445651572609,0.789615206340894,1.112303193920765
1.9434115793676254,-1.0626938558437988,-1.1195922250118282,-1.1354286861188791,-1.033205652306678,-0.46963100102511035
-0.6954425411923469,-1.0626938558437988,0.1592010734471156,-0.2751431363033094,-0.46753250629934595,2.013329944357151
-0.9240797213130665,2.6341155716702005,1.901313141744255,1.3592884692913154,0.3070062904338656,0.2221464749398346
1.4194513749243096,0.06803209247917626,0.2930197397819327,0.1310105258531301,0.3455690788011746,0.3169407073364499
-0.16195578757733448,1.148382666632493,0.19302189495589947,0.5654615841069007,-0.18328155780244723,-1.297977065576726
0.9050177196526904,0.4832473463317343,0.09716778012163962,0.33546769670629084,0.6971283640822278,-0.6326300043624377
-0.6954425411923469,-1.0626938558437988,-1.0159460985201183,-1.2177469234272453,-1.033205652306678,-0.26838715299338084
0.5858783224008526,-0.56233965282819,-0.38473654105095073,-0.6895108720833907,-0.15962500745068847,-0.019794714250736884
-0.9621859179998531,0.2930215069021515,0.25633844024516345,0.14925632376143316,0.26653053216275097,-0.06838476117772271
1.0764956047432301,-0.56233965282819,-0.8460426489112959,-0.49201534335162384,-0.5385419552887978,-0.9130745538730148
-0.8812102500404316,0.9233932522095181,0.7791674676511825,0.9355410362420835,0.804059722226726,0.11584842818135598
0.21434290470468323,0.06803209247917626,0.25262172834823693,0.10507723259418585,0.28024671793106676,0.23868624924735712
0.8716747975517521,-1.0626938558437988,-0.20303284724161574,-0.5971289323153811,-2.495449522400594,1.310000736074088
-0.6906792666064986,0.06803209247917626,-0.40516097197602136,-0.5569601765467971,-0.37141049614817273,-1.0334949887739808
-0.6144668732329254,-1.0626938558437988,-1.3016676795731403,-1.3977413531144138,-1.3641032303859306,-0.8231566594198354
-0.8192876804244034,-0.20733269611345734,0.10012588803636714,0.039440133954368684,0.16346300057809388,0.34860872333874887
-0.9336062704847632,-0.56233965282819,0.9409643503209257,0.9481997316562287,-0.20764437720954537,2.551954558431289
-0.3810664185263574,1.0410084257512708,1.609266218106225,1.4701690952969315,2.0154626661814654,1.5758579286947692
-0.9574226434140048,1.5033896233472255,1.3643675108560989,1.323039712423249,1.0806954318664779,0.5291200782115798
-0.85739387711119,1.6487368696481015,1.5990904472309497,1.333192156468648,1.1947542924559202,0.8073625971576693
1.5432965141563662,-0.20733269611345734,0.0354582990425969,-0.22004247478227895,0.16346300057809388,0.22330779006080217
-0.3953562422839024,0.7933757099177606,0.12420122737401212,-0.00018584958082413873,0.2239420603335628,-0.9843158236811718
0.738303109147999,0.6480284636168839,0.6183192605947052,0.4017921974801437,0.08095908209781587,0.15847243145203008
-0.7097323649498919,1.4237474552251266,1.2399257908634589,1.245978331630167,1.0806954318664779,0.38536733561225783
-0.6620996190914087,-1.0626938558437988,-1.4256584189006303,-1.6970935856002451,-1.3641032303859306,-1.063902496694892
-0.5573075782027455,-0.20733269611345734,-0.4844778576126883,0.008208336747051737,-0.46753250629934595,-0.7830318266610063
-0.7049690903640435,0.06803209247917626,0.7384230826451277,0.4486085562472647,0.6466322281051479,1.180278045652799
2.1101261898723167,-1.0626938558437988,-0.5777163064501428,-0.5569601765467971,-0.4022101454292381,0.5824989598162507
-0.8669204262828867,1.6487368696481015,1.1566513815381971,1.1180756628687856,1.0225671001190004,-0.049305130799569136
-0.9526593688281565,2.7517307452119533,2.8697185931921556,2.758001968814655,1.190306903561004,1.9612626375705289
-0.9526593688281565,0.2930215069021515,0.22363923462904786,0.4670094921794488,0.2092372689416153,-0.13166733155191873
-0.9145531721413699,1.5033896233472255,1.465108540549079,1.3486009300069626,1.2668718120059754,0.7242766463198135
-0.9336062704847632,1.0410084257512708,0.5340440325052702,0.30945149900099067,0.767457451346147,-0.5064807432208808
-0.06669029586036797,-0.56233965282819,-0.39761009098401756,-0.6325590941621396,-0.3130932756502835,-0.044741865257342535
-0.6287566969904703,-1.0626938558437988,-0.9294786347141141,-0.875822688468686,-0.7489547038097792,-0.10049814705685552
0.004758822927356909,-1.0626938558437988,-0.667381321237705,-0.7739186309194062,-0.6163240061555176,0.408401449176389
-0.3953562422839024,0.6480284636168839,0.6012328188702988,0.3464332257098506,0.8792344423053089,0.12539460071016426
-0.5239646561018072,0.4832473463317343,0.5974570786826506,0.484915616545832,0.2525798703570481,0.33526100483347226
-0.9621859179998531,1.4237474552251266,0.8778641476719119,0.7190981475007912,0.7052487678224237,-0.31517725518890083
0.8335686008649655,-0.20733269611345734,-0.013909521202054605,0.005422014839029171,0.6806410590383919,0.12766806425342914
-0.8383407787677967,0.4832473463317343,0.2689269905234179,1.257365699961346,-0.18328155780244723,-0.3006106062985588
0.4525066339970995,-1.0626938558437988,-0.0468967488418708,-0.6040657655038771,-0.5385419552887978,1.61316140712086
-0.8526306025253416,-0.20733269611345734,-0.3191104714166114,-0.19129283190488833,-0.4022101454292381,-0.46321685863897194
-0.8335775041819483,0.4832473463317343,1.1066058816056714,0.9799639627157419,1.0547855146642786,1.3220651342569494
2.0148606981553505,-1.0626938558437988,-0.5905894478277424,-0.7649798394662016,-0.5385419552887978,0.5575039060233642
-0.7287854632932852,-0.20733269611345734,0.2048287324787665,0.36702639306021645,0.26653053216275097,0.5515286262415129
0.5858783224008526,-0.56233965282819,-0.17716236742753652,0.09417003757018597,0.02713119071853385,0.3825630627164698
-0.8907367992121282,-0.56233965282819,-0.5906455117351295,-0.7346064333275023,-0.6163240061555176,-0.4187045711202203
-0.09526994337545792,0.4832473463317343,0.44310490208239134,0.45645570608373226,0.525160227938412,0.03639958410206144
-0.6239934224046221,1.5033896233472255,1.3597992086691566,1.3024574570978205,1.540303859116289,0.520271814072187
0.9383606417536287,-1.0626938558437988,-1.2095733781021885,-1.008872956395172,-1.1042151012961297,-0.6443423396074027
-0.7907080329093135,-0.56233965282819,-0.7033723223519082,-0.23389590082616213,-0.4342179279324365,-0.6369738060915339
2.5245310788411213,-1.0626938558437988,-0.7483493353468698,-0.8302279293267634,-0.96788329143657,0.25119041507065276
0.9812301130262636,-1.0626938558437988,-2.19486593109554,-1.028364981041055,-2.495449522400594,-2.557429413027828
2.3292368208213396,-1.0626938558437988,-1.347079252169184,-1.2820936286869784,-1.7476702981701815,-0.9113297530388333
-0.5858872257178355,0.06803209247917626,0.7240258914884166,0.7589916735476563,0.7369457166358959,1.1523588157101665
1.0479159572281402,-0.56233965282819,-0.8210230617088038,-0.2989675620290503,-0.13663492822009354,-0.8646689268927995
-0.6954425411923469,1.8389627090776848,1.1466041314372875,1.4982012269387528,1.1722709464564516,-0.2974546530733246
1.0526792318139886,-1.0626938558437988,-1.4125363807558533,-1.8367527713511054,-1.3641032303859306,-1.0384241740632665
1.4480310224393995,-1.0626938558437988,-2.1911509706526533,-2.5048817090849957,-1.9297763763932627,-2.5502162835060798
-0.9097898975555215,-0.56233965282819,-0.24359061313450883,-0.14422384608164443,-0.3130932756502835,0.25377924130358864
0.9097809942385388,-1.0626938558437988,-1.8216512986765931,-1.9581661591936625,-2.164551944321342,-1.8327795750452807
1.2432102152479216,0.06803209247917626,0.27359427162622485,0.2356430735471889,0.4402948630471784,0.27931061617563413
-0.7287854632932852,-0.56233965282819,-0.8492880897051848,-0.4832337220583408,-0.7489547038097792,-0.9193530997440134
-0.7287854632932852,-0.56233965282819,0.23677695433447185,0.5862087438803503,-0.25866685557346636,1.1853949752808803
1.090785428500775,0.06803209247917626,0.5136896648276417,0.8797293333114362,0.5351737749496048,0.7445591726946553
0.9478871909253254,0.06803209247917626,-0.13169807380280818,-0.5377493261529606,-0.11427479409411481,-0.5051565238011582
0.7097234616329091,-0.20733269611345734,-0.00885798800845255,-0.007262748961508164,-0.25866685557346636,0.13745366892327324
-0.7097323649498919,-1.0626938558437988,-0.6641076217145165,-0.6217307260753171,-0.5765066536018487,0.4147578072154788
-0.9574226434140048,0.4832473463317343,0.5395327445237258,0.8012940805586124,0.6201619992829226,0.22308562235242527
-0.5239646561018072,0.06803209247917626,-0.18584485240018225,-0.23589869922150156,-0.3130932756502835,-0.6098446837483
-0.85739387711119,-1.0626938558437988,-0.9906472009640258,-1.0025003722197456,-1.033205652306678,-0.219265708058767
-0.609703598647077,-0.56233965282819,-0.15437293450718842,-0.012978921093154927,-0.09251100185985872,0.4267487377894193
-0.9145531721413699,0.06803209247917626,-0.46081552606959514,-0.8602749791911071,-0.46753250629934595,-1.1408900736329408
-0.16195578757733448,1.148382666632493,1.0066497767676368,0.7974802809647509,-0.07131256734998571,0.2735247031607453
-0.6906792666064986,-0.56233965282819,-0.6931890541678248,-0.36133584531518775,-0.7984300843785986,-0.6172602027212366
-0.5096748323442623,1.148382666632493,1.3039937886974817,1.3305253853124355,1.2869242665908203,0.8495079629930601
0.4382168102395545,-1.0626938558437988,-0.7606373836517212,-1.244566519650268,-0.7489547038097792,0.22733140355355708
-0.447752262728234,-0.56233965282819,-0.2643734501910453,-0.5537196350451633,-0.46753250629934595,0.21349151077160608
0.2905552980782564,-1.0626938558437988,0.03745621029894011,-0.1269708094585718,-0.2327569383712667,1.776944798405799
1.876725735165749,-0.20733269611345734,1.4142066053880744,1.0392792500129664,0.3823915882048847,2.8977402696533514
-0.1095597671330029,-0.20733269611345734,0.051174057628597086,0.22367993809031134,0.23838657621939405,0.2537567501953892
-0.16195578757733448,-0.56233965282819,0.0035824030527740517,0.14474152704796953,0.2092372689416153,0.7330535007591966
-0.8002345820810101,-1.0626938558437988,-1.8129837845081063,-1.2630657637897924,-1.3641032303859306,-1.8159503508072155
-0.85739387711119,0.6480284636168839,0.42033438318754685,0.8150940650201524,0.6290811464485883,-0.22465512438738192
-0.88597352462628,0.06803209247917626,-0.031095244129524746,0.059046946624102696,-0.050650860148185636,-0.3105668203450865
-0.8621571516970383,1.5033896233472255,1.7739485575246603,1.5405948588769438,0.008369586453112622,1.3228929899351662
1.5814027108431528,-1.0626938558437988,-0.7314872586192224,0.49903480193382366,-2.495449522400594,0.2839305600364123
1.7862235180346306,-1.0626938558437988,-0.9206619198305035,-1.0691489462231807,-0.7984300843785986,-0.08337922819095533
2.143469111973255,-1.0626938558437988,-1.0707168749840985,-0.7474543552727965,-0.13663492822009354,-0.37473248579439655
0.914544268824387,-0.56233965282819,-0.01820424349681256,-0.08890730895951761,0.13145521807489544,0.6908002740915652
-0.5906505003036837,0.4832473463317343,0.5541744146570207,1.1953428220674274,0.13145521807489544,0.2514382471112239
-0.6573363445055603,-1.0626938558437988,-1.6443585337043984,-1.5667414063044838,-1.5988787983140098,-1.4885401957372344
0.752592932905544,0.06803209247917626,-0.33981418217290815,-0.4274748115152992,-0.46753250629934595,-0.9073350943765037
-0.9526593688281565,0.4832473463317343,0.7415535115973615,1.101861839458895,0.8792344423053089,0.6144093294147841
-0.9145531721413699,0.06803209247917626,-0.11754982161630147,-0.2521416987344658,-0.18328155780244723,-0.47779675224817003
-0.1286128654763962,-0.20733269611345734,-0.18992880030700665,-0.018744584508276596,-0.07131256734998571,-0.21320211428794295
0.07144466712923346,1.4237474552251266,1.9529979787251104,1.685758976600175,1.4081855150474505,1.7675207973174583
-0.9336062704847632,1.2471573932472422,1.4740034074692925,1.5994542995401981,-1.2679812202347571,1.0562740829836466
-0.9621859179998531,-0.56233965282819,-0.5004159263161226,-0.7605550393694699,-0.4342179279324365,-0.24393285628865913
-0.23340490636505937,-0.20733269611345734,-0.34605106232805627,-0.36619666955760927,0.5450659426428811,-0.5153381366107117
-0.9431328196564598,0.2930215069021515,0.11031427203008959,0.019238484809509904,0.8726794364411976,-0.3509080598838098
1.0240995842988985,-0.20733269611345734,-0.47076511675451677,-0.7303782923648792,-0.5385419552887978,-0.7565231075131658
0.8430951500366621,0.7933757099177606,1.2238551994887894,1.0428167349024757,1.144446870514254,1.1434369657455425
-0.5906505003036837,0.4832473463317343,0.1420754235475174,0.2560749600149777,0.8526924658156667,-0.5458552788537179
-0.8669204262828867,-0.56233965282819,-0.9703107689591194,-0.7968050745379561,-1.033205652306678,-1.1534034560036897
0.900254445066842,-1.0626938558437988,-0.3536632250350315,-0.4890752504323799,-0.6163240061555176,1.017530212729979
-0.8621571516970383,-0.20733269611345734,-0.6403732711413862,-0.7178525946022402,-0.46753250629934595,-1.084234629023702
0.5001393798555828,1.6487368696481015,0.8610635580565198,0.962615088635208,0.9112422248085066,-0.6206061759682843
0.8764380721376005,-0.56233965282819,-0.5021019038668498,-0.4832337220583408,-0.5022651455660757,-0.2471990078024998
1.3051327848639498,-0.20733269611345734,0.09396413431692266,-0.06987944406233111,-0.46753250629934595,0.3366686294535272
1.10507525225832,-1.0626938558437988,-0.5986507481661127,0.31648913347782376,-0.5385419552887978,0.5418517330464716
-0.27151110305184595,-0.56233965282819,-1.2058653998419377,-1.3016812162180795,-1.7476702981701815,-1.6084430148836364
1.0479159572281402,-1.0626938558437988,-1.4200307267327779,-0.6623262827218825,-1.2679812202347571,-1.052975523678807
-0.9336062704847632,2.504098029378443,1.9614596380478557,1.7591494704502961,1.9652771535649087,0.4910931793295876
0.8716747975517521,-0.56233965282819,-0.024702800447932657,-0.004422958029048172,-1.1042151012961297,0.6781971957954823
-0.8764469754545833,1.4237474552251266,1.217388042014321,1.2485737098987943,1.1991775761436305,0.3417267164817446
-0.6287566969904703,-0.56233965282819,-1.108469304534211,-0.6146084125735326,-0.7984300843785986,-1.420386607017972
0.4001106135527679,-1.0626938558437988,-0.869125377811324,-0.9715212998596722,-1.033205652306678,0.01668637369160171
-0.7335487378791335,-0.56233965282819,-0.18641308259127284,-0.18755164248920142,0.02713119071853385,0.3646277279833962
-0.8192876804244034,1.2471573932472422,1.3038581064045707,1.4021180651434801,1.896929818674046,0.7265277549384495
0.019048646684901884,0.06803209247917626,0.2243899341495936,-0.028956196982428253,0.13145521807489544,0.1840049963307808
0.9907566621979602,-1.0626938558437988,-0.37919438792143767,-0.2945719687464061,-0.9074042316811012,0.9679577912811541
-0.8955000737979766,-0.56233965282819,-1.0839920335590105,-0.26879081502445945,-0.8510995740835968,-1.3731035891966306
-0.6192301478187737,0.6480284636168839,0.9824733149590947,1.0445784554127455,1.735661310996298,0.8639054505971521
-0.681152717434802,0.2930215069021515,-0.0947277128288651,-0.012978921093154927,0.2525798703570481,-0.7472318869890743
1.014573035127202,-1.0626938558437988,-0.7066525186787207,-0.46601043536946785,-0.5022651455660757,0.33215077626314793
-0.7811814837376168,0.9233932522095181,1.096692781671391,1.1029372211451463,0.8726794364411976,0.7308102731562385
-0.8240509550102517,1.8963695854816123,1.4863072311852477,1.40910907251799,1.4081855150474505,0.29101875992445525
-0.8383407787677967,1.2471573932472422,0.5609561112072702,0.6741091503964621,0.19426264985915923,-0.7106956418725079
-0.9478960942423081,1.951224185270838,1.7734896338755646,1.5616981092485134,1.02802594216148,0.781651190015593
-0.88597352462628,-1.0626938558437988,-0.7304448202181623,-0.062108877894998,-0.96788329143657,0.2859546039854368
0.8430951500366621,-0.56233965282819,-0.18126165695592655,0.027392831160614653,0.08095908209781587,0.37461529773140373
-0.8716837008687349,0.7933757099177606,1.2313232115161978,1.310570208911054,1.3368655871337631,1.1579157768567363
-0.652573069919712,0.2930215069021515,0.6100740057379958,1.0258437580151194,0.3070062904338656,0.6167030652831017
0.04762829419999184,-1.0626938558437988,-0.7514893623798126,-0.6040657655038771,-0.7489547038097792,0.2450936013794667
-0.9097898975555215,0.4832473463317343,-0.01928615740430864,0.4957001431655401,0.26653053216275097,-0.8575251056296544
-0.8240509550102517,-0.20733269611345734,-1.0048685305396676,-0.7431441139178743,-1.1042151012961297,-1.7869411602510692
-0.7621283853942235,1.778754411939859,1.4886549417819146,1.0037667097736298,0.7822959299924696,0.4366099701967249
-0.9478960942423081,0.4832473463317343,0.6941209244265999,0.4521869096424394,0.8660713530288568,0.5225076753224457
-0.8955000737979766,1.4237474552251266,1.0870066142638584,1.0701777061917779,1.011538637117644,0.08934208579726077
0.8716747975517521,-0.56233965282819,0.016382223236861056,0.1735549715986541,-0.28542642807626484,0.7578782633856803
1.5051903174695795,-0.20733269611345734,-0.6135403538814462,-0.7921644288277092,-0.11427479409411481,-1.032414360983783
1.1622345472885,-0.20733269611345734,-0.3164383889426057,-0.5569601765467971,-0.25866685557346636,-0.4580468738111885
-0.9193164467272182,2.2791086149554682,1.7348102499732194,1.5759766857562036,1.153827362787057,0.31728108636519914
0.038101745028295185,0.2930215069021515,0.6173208088630192,0.9040683533305423,-0.3130932756502835,0.6307462010198632
-0.7478385616366785,0.9233932522095181,1.1455481969365011,0.8823533219310725,0.2937361794744193,0.8254848770482683
-0.32867039808202586,-0.56233965282819,-0.36545911328915553,0.41172593249880685,0.09814063970798567,0.01756385061958133
2.5245310788411213,-1.0626938558437988,-1.038966033373688,-0.7649798394662016,-0.7489547038097792,-0.3130836643651074
-0.7621283853942235,1.148382666632493,1.4308552027778407,1.3183909677891479,0.8985893536433969,1.0953984915188553
-0.9193164467272182,0.2930215069021515,0.8646543406133614,1.1029372211451463,0.19426264985915923,1.1101856381714468
-0.41440934062729573,0.6480284636168839,0.6689015024606458,1.0179556570939055,0.2239420603335628,0.2564082335573538
1.4766106699544896,-1.0626938558437988,-1.7385732179828033,-2.2149903613480224,-1.5988787983140098,-1.6714715434591116
1.090785428500775,-1.0626938558437988,-0.3944059782040628,-0.24600405192767646,-0.20764437720954537,0.9384223029153405
-0.023820824587733044,-0.20733269611345734,0.16569018996449694,0.46561194714501586,0.42903821778723844,0.47566969402550063
1.7243009484186025,-0.56233965282819,-0.49183197159855746,-0.6510070872942513,-0.5765066536018487,-0.22730336866688983
1.3194226086214949,-0.56233965282819,-0.4714470333819773,0.206355610812647,-0.20764437720954537,-0.18781037352749977
0.357241142280133,-1.0626938558437988,-0.7117993226783167,-0.7178525946022402,-1.033205652306678,0.3221575167270411
-0.4429889881423857,0.2930215069021515,0.15547549116499115,0.32948752854958346,0.23838657621939405,-0.2635531337822337
-0.6001770494753804,-0.20733269611345734,0.5815653433942373,0.9616194293949146,0.48383018942336337,1.2820351507203849
-0.7144956395357402,-1.0626938558437988,0.03369273615898629,-0.14772874872236202,-0.5765066536018487,1.7696374725700112
1.7528805959336924,-1.0626938558437988,-0.9717920000626435,-1.2355061082598258,-0.8510995740835968,-0.18265562610737848
2.1053629152864684,-1.0626938558437988,-0.6317205731854684,-0.49496847441957964,-0.9074042316811012,0.4776419157971663
-0.7430752870508301,-0.20733269611345734,0.35230764083271465,0.5232055853227009,-0.09251100185985872,0.8374345655312339
-0.88597352462628,0.06803209247917626,0.25815185152921766,0.21047265616408997,0.3329162076360649,0.2493979722303125
-0.22864163177921104,0.6480284636168839,0.4894724686108217,0.41248396327444825,0.5644976664279658,-0.09090373445945514
0.10478758923017174,-0.56233965282819,-0.07299394901213993,0.24350074541611585,0.06340800044125627,0.584547233893752
-0.9336062704847632,-0.56233965282819,-0.294498793599151,-0.20839325706434073,-0.25866685557346636,0.15509659907698334
-0.3858296931122058,-0.20733269611345734,-0.2215476585353334,-0.45477084426498326,-0.18328155780244723,-0.27440944333347317
1.24797348983377,0.7933757099177606,1.1155164744497352,0.9310356380843149,0.2937361794744193,0.9334182982589486
1.27655313734886,-0.56233965282819,-0.14941199192888147,-0.06676032845600532,0.02713119071853385,0.4363676049397625
-0.6763894428489536,-1.0626938558437988,-1.5393076280435556,-1.342674461717608,-1.4730773776884334,-1.284568767088648
1.6528518296308776,-0.20733269611345734,1.8002762154469092,1.8102812781326234,-1.9297763763932627,3.6471597581592623
-0.6668628936772569,-0.56233965282819,-0.45599998775353323,-0.5767417289709887,-0.7984300843785986,-0.15788225602790082
-0.8812102500404316,1.8389627090776848,1.5646881323206967,1.4565670478339288,2.1484177899352126,0.5115552368592468
-0.9336062704847632,2.7794628179710767,2.7630217271039372,2.245442126455387,1.540303859116289,1.7218443696110404
-0.9574226434140048,1.5782019406724268,1.1982463046800904,1.37696587143638,0.515022285859146,0.11654565397961696
1.6766682025601192,-1.0626938558437988,-1.5081997457215293,0.13216565184006762,-2.495449522400594,-1.2241683435079027
-0.8621571516970383,-0.20733269611345734,-0.21801066772491995,-0.0777417545702005,0.5450659426428811,-0.26756298827661024
-0.8288142295961001,0.9233932522095181,0.8441238735037083,0.7252840365955606,0.4176241318318146,0.24159426305081116
0.39058406438107124,-1.0626938558437988,-0.24335861191985805,-0.37602607258281523,-0.07131256734998571,1.2317024693335497
-0.1286128654763962,0.4832473463317343,-0.03299530581664838,0.14813049092439512,0.6722707924062578,-0.8839869682901906
-0.5954137748895321,0.2930215069021515,0.9124531046114918,0.8552466692499151,0.6971283640822278,1.2028690297956273
-0.8097611312527068,-0.56233965282819,-0.8620908219391736,-0.5971289323153811,-1.1042151012961297,-0.944119934022412
-0.7716549345659202,2.504098029378443,1.9357834551772524,1.5665363704347388,1.6861859304274787,0.44137180233505313
0.30008184724995307,-1.0626938558437988,-1.3231243130327421,-1.0691489462231807,-0.5385419552887978,-0.8648177964963089
2.4864248821543344,-1.0626938558437988,-0.513644386751863,-0.6398770795028121,-0.5385419552887978,0.7069037987360449
1.3718186290658265,-0.56233965282819,-0.7720566265139653,-0.7517926765739397,-0.09251100185985872,-0.7699163889135793
-0.8383407787677967,1.0410084257512708,0.9143045040190563,0.9927645483745974,2.0642697042856057,0.2290261514151329
-0.447752262728234,1.5782019406724268,1.8404631299166863,1.4940335693916174,-0.7489547038097792,1.3607754975259703
0.38582078979522294,-1.0626938558437988,-1.2568203278288994,-0.017298481954126452,-0.8510995740835968,-0.7360790816604253
-0.9240797213130665,1.4237474552251266,1.0992318868013973,0.7867703369609264,0.6290811464485883,0.11300106471294326
0.48584955609803776,-0.20733269611345734,-0.11401646839493039,-0.007262748961508164,0.8921885848117497,-0.06622069957048199
-0.88597352462628,1.338608506062076,1.9642562573811069,1.922013173498982,2.123219065669098,1.8939973320465395
-0.814524405838555,-0.56233965282819,-0.11628246134836402,0.25126678053834484,0.13145521807489544,0.5006054103046129
-0.9621859179998531,2.570818348505732,2.338282523739291,1.6585650572870103,0.5450659426428811,1.1428402442326868
-0.8716837008687349,-0.56233965282819,-0.45755493068306846,-0.6623262827218825,0.8182530163643801,-0.16089496594422018
-0.3763031439405091,0.06803209247917626,-0.3092926942157837,0.024685795056898694,-1.9297763763932627,-0.8483882579485574
-0.6573363445055603,-1.0626938558437988,-1.6297248521571361,-1.342674461717608,-1.4730773776884334,-1.4601268002238237
-0.462042086485779,-0.20733269611345734,0.40144925953007,0.2805327640861969,-0.18328155780244723,0.9327205417996146
-0.9621859179998531,2.0037438263628347,1.6233142664484819,1.4623858140289467,1.648914894580762,0.4280840261903916
-0.8526306025253416,1.951224185270838,1.6404273539298744,1.7385793560007416,1.4284202832688049,0.5238842938997144
1.2384469406620733,-0.56233965282819,-0.45362733493828106,-0.5346007152542148,-0.46753250629934595,-0.15328520261110004
0.3048451218358014,-1.0626938558437988,-1.1342319824756288,-0.8654173210722571,-1.2679812202347571,-0.49805619380356025
-0.9431328196564598,2.319572086010156,1.6870057132339642,1.8330120931024692,0.7052487678224237,0.17698393704475637
1.4480310224393995,-0.20733269611345734,0.03376407504465182,-0.8400937388776598,-0.7023080742274255,0.22002535034216586
-0.9193164467272182,2.054119200532493,2.455809707138571,2.1958609571580734,0.9832972778391466,1.9817994101004726
1.119365076015865,0.9233932522095181,2.369027534087407,1.3962644548593643,-0.25866685557346636,3.1988728671959734
-0.8288142295961001,1.5033896233472255,0.9562351485385355,1.4067301418168712,0.9237019148051182,-0.26073227413114636
0.8859646213092971,-0.20733269611345734,0.012524233956486198,0.13905464394342046,0.008369586453112622,0.1788760747150987
0.3048451218358014,-1.0626938558437988,-1.2682971230429791,-1.5521049937336002,-1.3641032303859306,-0.7583629287286345
-0.6620996190914087,-0.56233965282819,-0.6169425927393726,-0.17828960216239312,0.16346300057809388,-0.46963100102511035
0.5572986748857627,0.06803209247917626,0.39941841414141027,0.05127335682151185,0.6466322281051479,0.5230902545100637
1.4861372191261861,-0.56233965282819,-0.9843291117177383,-1.3863576577143846,-0.09251100185985872,-1.1805037414332098
2.2958938987204016,-1.0626938558437988,-0.7278678015413735,-1.1354286861188791,-0.030499371057727126,0.29095825605156667
-0.9478960942423081,0.7933757099177606,0.3604290389371074,0.49503120291391534,1.5137378802195487,-0.5282669393043021
2.2101549561751317,-1.0626938558437988,-0.5863040191431221,-1.3116953893575352,-0.6163240061555176,0.5658246816099705
-0.814524405838555,-1.0626938558437988,-1.2754912803915284,-0.855172042615717,-0.9074042316811012,-0.7723314189865275
2.0005708743978055,-1.0626938558437988,-1.005198746832519,-0.4832337220583408,-1.4730773776884334,-0.24751962534934704
-0.9431328196564598,0.4832473463317343,0.49718333507999607,0.7661570953579239,0.28024671793106676,0.1410876065974739
-0.3524867710112675,-1.0626938558437988,-1.4497694782990953,-1.1835891817168884,0.02713119071853385,-1.110717583159863
-0.7716549345659202,0.4832473463317343,-0.25690296810319824,-0.15125219590779318,0.02713119071853385,-1.3157197787141368
-0.4810951848291723,0.9233932522095181,0.41683522266183265,0.14360802896239472,0.7599357958664912,-0.5848312674674181
-0.37153986935466077,-0.56233965282819,-0.2526028437882548,-0.29676613865401374,-0.9074042316811012,0.2363087172330875
-0.8097611312527068,0.2930215069021515,0.17604390836129818,-0.37602607258281523,0.4623527961541478,-0.22376116564301152
0.4715597323404928,1.0410084257512708,1.247924179461079,1.3097830575611347,1.9531093948332627,0.8752812520025299
0.7716460312489373,-0.56233965282819,-0.5456429498397424,-0.43284524356104437,0.11496791303105958,-0.331542621664957
-0.9478960942423081,1.148382666632493,0.15387775809018767,0.31648913347782376,1.1301708124352978,-1.3733039825861673
1.4718473953686413,-1.0626938558437988,-1.2780813824503134,-0.28803250574176553,-1.3641032303859306,-0.7773604743188222
-0.9574226434140048,2.4335631004027682,1.7513513743036397,1.7381655421210307,1.9772661559530627,0.1672511951533881
1.2384469406620733,-1.0626938558437988,-2.2304256316669937,-3.640124545623051,-2.495449522400594,-2.62647368144463
-0.9526593688281565,-0.20733269611345734,-0.039522667973513934,0.2786829574398311,1.1584774827331974,0.07805386632661804
-0.9193164467272182,1.5782019406724268,3.1236439075630593,2.313926317494192,1.9006733749746598,3.850658129949857
-0.6954425411923469,-1.0626938558437988,-1.2394815947857503,-0.8400937388776598,-0.9074042316811012,-0.7024134399649073
0.5811150478150042,-1.0626938558437988,-1.7677324939104635,-1.244566519650268,-2.495449522400594,-1.7280884677198622
2.1482323865591035,-0.56233965282819,1.7369381842056355,1.2968596940238475,-0.9074042316811012,4.0971579000115605
-0.9288429958989148,2.054119200532493,1.5358338125678177,1.3526750414960962,1.1301708124352978,0.19875304557658507
-0.9097898975555215,-1.0626938558437988,-0.510490417507678,-0.1252698379986525,0.6638137857153177,0.7130276832337861
1.1288916251875616,-1.0626938558437988,-0.7503946302285952,-0.7261768275480125,-0.010833507594516798,0.24721918115878108
2.4768983329826377,-1.0626938558437988,-3.9328634841586263,-3.640124545623051,-2.495449522400594,-5.932001404158829
-0.9478960942423081,1.6487368696481015,3.1363549243297206,2.3592514669582343,2.668740722585971,3.7896649368456687
1.3241858832073432,-0.56233965282819,-0.5291414746330394,-0.19505515809607082,-0.050650860148185636,-0.29957890858200126
-0.7907080329093135,-1.0626938558437988,-1.2933767904655875,-1.0025003722197456,-0.5385419552887978,-0.8070587068567774
-0.8907367992121282,1.8389627090776848,1.3692984990161072,1.3636612125400047,1.5197166164286622,0.13327407948817968
-0.30961729973863256,-1.0626938558437988,-1.1020271226226641,-1.3321871589209533,-0.4342179279324365,-0.4355258307161219
-0.6144668732329254,1.338608506062076,1.7691964775790168,2.066942019041788,-0.6163240061555176,1.515660485571262
-0.9431328196564598,0.2930215069021515,0.16962710658152474,0.32431857661210706,-0.13663492822009354,-0.23617564255608467
-0.23340490636505937,0.2930215069021515,-0.11904423919990004,0.032774112681987426,0.832203678170083,-0.7941977600238926
0.1714734334320483,0.2930215069021515,1.3988035608152973,1.3392478273156292,1.2668718120059754,2.1462920135076797
2.5435841771845142,-1.0626938558437988,-1.020552935027971,-1.9581661591936625,-2.495449522400594,-0.2773319880535459
-0.7192589141215886,1.148382666632493,1.249377583623967,1.3307162235325387,0.7212511205834883,0.7436717667879881
-0.8192876804244034,0.06803209247917626,0.12841709942034266,0.22267324105128594,0.13145521807489544,-0.001840659286051292
-0.6192301478187737,-1.0626938558437988,-1.309000484601477,-1.1125945646346709,-1.1819971521628492,-0.8373943540710381
-0.9478960942423081,2.4335631004027682,1.962272179054693,1.6719579975814847,1.167698980199021,0.5756172975515476
-0.9002633483838249,0.06803209247917626,-0.17036361590208493,-0.020193834186897963,-1.1042151012961297,-0.5799164250921729
-0.85739387711119,1.338608506062076,1.3798127433014626,1.3401890712384,1.262801510089559,0.7608181397617869
-0.9478960942423081,1.5782019406724268,1.5219247219975038,1.3211066777872833,0.48383018942336337,0.7433448109529354
0.3381880439367397,0.6480284636168839,0.32226258088247606,0.2125216730560425,0.4402948630471784,-0.41429580373819447
1.424214649510158,-0.56233965282819,-0.24798939821674104,0.04996889026434246,-0.5022651455660757,0.24525199943841208
-0.8716837008687349,0.2930215069021515,0.3321407443117477,0.26841613935349573,0.3070062904338656,0.07834926830757467
-0.2810376522235426,-1.0626938558437988,-1.6491425277353755,-1.244566519650268,-1.9297763763932627,-1.497829007585226
1.0764956047432301,-1.0626938558437988,-0.470448163748483,-1.048444792679491,-0.7984300843785986,0.7907754727858435
0.8240420516932688,-0.56233965282819,-1.135139542639661,-0.6510070872942513,-1.033205652306678,-1.4718963801487162
-0.9478960942423081,0.06803209247917626,0.8403123414212524,0.9870347140952952,1.0225671001190004,1.3778818915841746
0.9669402892687187,-0.20733269611345734,-0.6411340464531723,-0.9419195391891159,-0.96788329143657,-1.0857037031164598
2.5245310788411213,-1.0626938558437988,-0.5066170278181888,-0.46601043536946785,-0.4342179279324365,0.7205484259033308
-0.5668341273744422,-1.0626938558437988,-0.5347966466497149,0.819220038346083,-1.7476702981701815,0.6658336466667205
-0.9145531721413699,-0.20733269611345734,0.8245639464400835,0.8233206052712706,1.0806954318664779,1.7534406197014183
-0.9288429958989148,0.06803209247917626,0.21214837687116153,0.41926768880805515,-0.09251100185985872,0.16029635916127846
-0.3810664185263574,0.4832473463317343,0.5633648302959126,0.37348394634751925,0.6722707924062578,0.269235654295262
-0.6763894428489536,-0.20733269611345734,0.03911826923496686,0.36214179929347456,0.14761602027680515,0.2303987811189063
-0.9574226434140048,0.9233932522095181,0.7891340287884628,0.7295331610300567,-0.030499371057727126,0.13513999530623294
0.5525354002999143,0.06803209247917626,0.5473720033089077,0.6286029859344332,1.2209413683778862,0.8098504766983872
2.1244160136298618,-1.0626938558437988,-1.1975586018385989,-0.9961881925946345,0.06340800044125627,-0.6210139250262899
-0.9574226434140048,1.148382666632493,1.025549539344384,1.3072183707772826,0.7052487678224237,0.31011795673134984
-0.34772349642541917,0.06803209247917626,0.028761373400083494,-0.1134831592492632,-0.18328155780244723,-0.1947436339455648
0.8573849737942072,1.5033896233472255,1.849465327489378,1.670699474810298,0.9174958480720942,1.4693254671912401
-0.9574226434140048,2.054119200532493,1.6821988255048639,1.9262398235697296,0.9658711244403901,0.48212519254399855
0.943123916339477,0.2930215069021515,0.42491062674979607,0.5908615485864525,0.5834774484363009,0.25798776977134896
2.348289919164733,-1.0626938558437988,-0.7032414214365601,-0.014415663752938287,-1.033205652306678,0.33877391171701093
-0.9574226434140048,-0.56233965282819,0.07118764660634054,0.15930407461245516,-0.030499371057727126,0.8641766842641805
-0.7478385616366785,0.06803209247917626,0.15696935129472217,0.5308600370055782,0.11496791303105958,0.05344214893658771
-0.9478960942423081,-0.56233965282819,0.047597681234322314,0.3596860006977856,0.2937361794744193,0.8184214743630247
-0.9526593688281565,0.06803209247917626,0.03193877303330687,-0.1894196099538316,-0.34173108567376953,-0.18859443642561544
0.8097522279357239,-0.56233965282819,-0.19328832253529216,0.061618107982281276,0.008369586453112622,0.351298193950998
-0.32867039808202586,-1.0626938558437988,-1.4674406668137896,-1.8149170458027784,-1.3641032303859306,-1.145028734925632
1.3480022561365848,-1.0626938558437988,-2.419109465860033,-2.3936353884164303,-2.495449522400594,-2.992830458486607
-0.7430752870508301,0.6480284636168839,1.5722210712949238,0.8342676457213217,-1.033205652306678,2.0075945886459423
-0.9240797213130665,1.2471573932472422,1.7308191269778792,1.6667943896644386,1.691029231542118,1.5542237821258715
-0.5954137748895321,0.9233932522095181,0.7888138319842698,0.4957001431655401,-0.4342179279324365,0.1345202003174745
0.14765706050280666,-0.56233965282819,-0.4581311024183507,-0.497934759789593,-0.7984300843785986,-0.16201129815702678
0.08573449088677844,-1.0626938558437988,-0.4894373850305971,-0.5129676772632263,-0.3130932756502835,0.7539051710071821
-0.7954713074951617,-0.56233965282819,-0.20717050559840247,0.032774112681987426,-0.46753250629934595,0.3243843549553007
2.238734603690222,-0.56233965282819,-0.18455993014831648,-0.10190147664263403,0.04547115000298754,0.36822060286867087
-0.609703598647077,0.6480284636168839,0.5996862590277683,0.9062375082272857,0.7369457166358959,0.12240071212744824
1.33371243237904,-1.0626938558437988,-0.9603672333154285,-0.2751431363033094,-0.7023080742274255,-0.1604727997838264
0.1714734334320483,0.7933757099177606,1.4540044749839525,1.2777154347658812,1.4013275432404528,1.5897362220317353
0.30008184724995307,-1.0626938558437988,-1.4492829947423658,-1.932047911076011,-1.4730773776884334,-1.1097730054291335
-0.8716837008687349,0.2930215069021515,0.08076893609740861,0.06545633165966944,0.47316214414747326,-0.4080459563338851
-0.7764182091517684,-1.0626938558437988,-0.3963782721189825,0.33461666788184785,-0.010833507594516798,0.9345928108704087
-0.8716837008687349,1.8389627090776848,1.5967746349426788,1.7470063599806023,2.293294058541917,0.5737022394775495
1.938648304781777,0.6480284636168839,1.6469221376772258,1.5235314529860373,0.525160227938412,2.152528711651052
0.061918117957536815,0.6480284636168839,0.8949513632015786,0.7598915790420296,1.2749520150692093,0.6942888584238321
-0.13813941464809285,-0.56233965282819,-0.8045160889626647,-0.7968050745379561,-0.4022101454292381,-0.8327295232717861
-0.5525443036168971,0.2930215069021515,0.7900545119991637,0.46491207323456823,0.008369586453112622,0.9655512007161456
-0.6287566969904703,-0.56233965282819,0.4526096734823436,0.5206344239645223,-0.3130932756502835,1.6041666606793763
0.34771459310843633,-1.0626938558437988,-1.4390812816931486,-1.4453280184619266,-0.46753250629934595,-1.0899649136071576
1.438504473267703,-0.56233965282819,-0.9072295952381414,-1.1590736539023403,-0.050650860148185636,-1.0314276126569475
-0.7811814837376168,0.7933757099177606,0.2727271409694329,-0.2180867319243038,0.11496791303105958,-0.6976767314030313
1.0383894080564435,-0.56233965282819,-0.6252243863310215,-0.7739186309194062,-1.033205652306678,-0.4856683629818492
1.0860221539149268,-0.56233965282819,-0.2493446373279759,-0.5537196350451633,0.14761602027680515,0.24262482433045066
0.8192787771074206,-0.20733269611345734,-0.31198960598701736,-0.3710932354756463,0.8726794364411976,-0.44943915484664954
-0.5001482831725655,-0.56233965282819,-0.40918443550347156,-0.5346007152542148,0.3070062904338656,-0.0671705968855872
1.9148319318525355,-0.20733269611345734,-0.6280322859681133,-1.1919657697052988,-0.07131256734998571,-1.0604027450595248
-0.9145531721413699,0.4832473463317343,-0.2921013812369018,-0.590263614144485,-0.25866685557346636,-1.3834989565403533
-0.8097611312527068,-1.0626938558437988,-1.3595470283757785,-1.0691489462231807,-0.37141049614817273,-0.9355377321031955
-0.681152717434802,0.7933757099177606,1.5797318364325235,1.2321841222378054,1.404763732917046,1.8336113256888062
0.44774335941125115,0.2930215069021515,-0.10651049574722364,-0.3834945242958852,-0.18328155780244723,-0.7699906360349508
-0.5573075782027455,1.338608506062076,0.6732015552067139,0.5270438090000885,0.9832972778391466,-0.6064209061773921
-0.9240797213130665,0.6480284636168839,0.4384237801132263,0.7661570953579239,1.2294869317226496,-0.18966471424782302
-0.7716549345659202,-0.56233965282819,-0.16127192507538288,-0.2604142270360491,0.9480647342122167,0.41337230560228727
-0.9145531721413699,2.4335631004027682,1.4142756154167078,0.38857423942662445,0.8857372164920676,-0.48450159906012885
0.9907566621979602,-0.56233965282819,-0.758398405877461,-0.9080513952065213,0.11496791303105958,-0.7434832449199067
1.147944723530955,0.06803209247917626,-0.18528777427457743,-0.6623262827218825,0.008369586453112622,-0.6087677909421192
0.9907566621979602,-0.56233965282819,-0.8326822812358765,-1.3641579365491812,-0.34173108567376953,-0.8872268658197373
-0.6478097953338636,-1.0626938558437988,-0.4793112763567953,-0.8705996815805336,-0.4342179279324365,0.7735664660703058
0.6096946953300942,-1.0626938558437988,-1.0808336835719614,-2.8058721464916907,-1.9297763763932627,-0.39437572340429244
1.0669690555715334,0.2930215069021515,0.4155040278499297,0.7906457890111444,0.47316214414747326,0.23977016797471123
1.290842961106405,-1.0626938558437988,-1.4209656593449733,-1.483391518960981,-1.2679812202347571,-1.0547908296906883
-0.8192876804244034,0.4832473463317343,0.6201668668801914,0.5989265429253939,-0.15962500745068847,0.3792466331443679
-0.9574226434140048,1.5782019406724268,1.3372466170728718,1.4839537863855734,1.262801510089559,0.38562674995315427
2.2053916815892833,-1.0626938558437988,-1.7347840910966337,-3.3701131805764293,-2.495449522400594,-1.66411440913037
-0.9574226434140048,1.5033896233472255,1.240422985585068,1.3741116266618356,1.0170714979205489,0.289105166424428
0.8812013467234487,-1.0626938558437988,-0.7936169870393621,-0.5129676772632263,-0.8510995740835968,0.16329676456663872
-0.6430465207480154,-0.20733269611345734,0.23518596407751596,0.2155834254127432,0.13145521807489544,0.6103723323713945
-0.9431328196564598,2.5379090568113685,2.2264525182661714,2.034255351934257,1.893169010900988,0.9647449189733819
-0.004767726244339742,0.4832473463317343,0.7959148636933785,1.0065666997339895,-1.1042151012961297,0.7197507052109842
-0.45727881189993064,-1.0626938558437988,-0.697115479492487,-0.7968050745379561,-1.4730773776884334,0.3506683082697161
0.9907566621979602,-1.0626938558437988,-0.5877917433653279,-0.7921644288277092,-0.5765066536018487,0.5629360512537686
-0.8812102500404316,0.9233932522095181,0.4244102679441997,0.18431336333228948,0.26653053216275097,-0.5701981466865614
0.07144466712923346,0.06803209247917626,0.16024109525194613,-0.4116185870760772,-0.7984300843785986,0.05977727776854203
1.9719912268827153,-1.0626938558437988,-0.6082751319046221,-0.8061845248673303,-0.5385419552887978,0.5231646090406695
-0.681152717434802,1.0410084257512708,0.22510939057569873,0.3555727698042264,0.09814063970798567,-1.1026617449741052
0.8478584246225105,-0.20733269611345734,-0.02366427101218702,-0.6934865851727449,-0.34173108567376953,0.10877204496355398
0.9240708179960837,-1.0626938558437988,-0.6888985849489002,-1.1753166534153046,-0.7489547038097792,0.36662258975417267
-0.9574226434140048,0.06803209247917626,0.11427055725437944,-0.004422958029048172,1.2079528633020173,-0.0292288811442
-0.88597352462628,0.9233932522095181,0.7376097342442004,0.6947558919101494,0.515022285859146,0.0354170721936151
0.1714734334320483,-0.20733269611345734,0.21989249467081995,0.45075787483547497,0.3200640704847356,0.5807273335980196
2.3101837224779467,-1.0626938558437988,-1.2438235553262962,-1.6970935856002451,-2.164551944321342,-0.7108439802731484
-0.5144381069301106,-0.56233965282819,-0.3159897221764104,0.0755847392902696,-0.15962500745068847,0.11344113186567223
-0.9145531721413699,1.5033896233472255,1.266480650774348,0.8672178984979515,0.9359742339267227,0.33955588208065857
-0.462042086485779,1.5782019406724268,1.3442777156622285,1.1117434760341762,0.9947113637945704,0.3992417130885638
-0.7144956395357402,1.7154571887753904,1.174801675009317,1.128497314759438,1.0600337246646783,-0.09466324701237214
-0.5382544798593522,-0.56233965282819,0.666735268745743,0.9754249872547797,-0.6581841478671907,2.0197017907510593
0.9621770146828703,-1.0626938558437988,0.22429232596962614,-0.4382593381350067,-1.5988787983140098,2.1397139644283953
-0.8192876804244034,0.2930215069021515,0.09961198238220162,0.3085665421073067,0.3455690788011746,-0.37160634539814097
-0.9097898975555215,0.9233932522095181,0.954019707612239,1.0179556570939055,1.1205127844201468,0.4544075942075377
-0.9526593688281565,0.2930215069021515,0.6532894427840031,0.27310250608667214,0.3580287687977862,0.7004515948858628
-0.9574226434140048,2.0037438263628347,0.9647455513953628,0.6367673296911446,0.8660713530288568,-0.8450374810617355
-0.7621283853942235,-1.0626938558437988,-1.1921583305354182,-0.7178525946022402,-0.96788329143657,-0.6105285222982455
-0.9478960942423081,-0.20733269611345734,-0.23507836650753758,-0.17462055726381165,-0.050650860148185636,-0.3005995087686215
0.2095796301188349,0.06803209247917626,0.398592962590874,-0.005841339746299646,-0.37141049614817273,0.5214906852917718
-0.7668916599800718,1.6487368696481015,1.4603743685979154,1.3889617554344476,1.1156405679037118,0.5386259840270929
-0.12384959089054788,-1.0626938558437988,-0.18059102360579543,0.16701550859401357,-0.010833507594516798,1.3535747614447624
-0.5287279306876556,-0.20733269611345734,0.08995432320748771,0.14247259822782624,0.14761602027680515,0.32889862521276664
-0.4429889881423857,0.9233932522095181,0.5406634640129927,0.37187541908115856,1.2209413683778862,-0.34553341584139713
1.10507525225832,0.06803209247917626,0.6118709871086676,0.6017833897114107,0.4176241318318146,0.9348914956687969
-0.8288142295961001,0.4832473463317343,0.8920804159069142,0.8575805383367725,0.6111442960103195,0.9061363065546248
-0.843104053353645,1.5033896233472255,1.443566595788518,1.4296522402402048,1.4350552291041658,0.6825402536006322
1.119365076015865,-0.20733269611345734,-0.11712062184741309,-0.3961311456807502,-0.07131256734998571,-0.07223178911080724
-0.7192589141215886,0.6480284636168839,0.7898918283139598,0.45361288441535635,-0.010833507594516798,0.490738917575681
1.1098385268441684,-0.20733269611345734,0.08159325827198088,-0.43284524356104437,-0.34173108567376953,0.3126972642275925
-0.0905066687896096,0.06803209247917626,0.2503119213553275,0.17029326729266842,0.37030108791939076,0.23421226360535477
-0.7621283853942235,0.2930215069021515,0.6179356760260759,0.9403591551944437,0.5351737749496048,0.6319377270038419
-0.7335487378791335,0.6480284636168839,0.8720964772351536,0.6533296185104552,0.008369586453112622,0.6500028523641955
-0.8621571516970383,0.06803209247917626,-0.10876284865799758,0.46561194714501586,0.8660713530288568,-0.46080350281773536
-0.609703598647077,0.9233932522095181,1.2252077922265514,1.2332894004409078,0.7599357958664912,0.97987882992922
-0.5811239511319871,0.2930215069021515,0.41771042155827626,0.32862881796702975,-0.050650860148185636,0.24404319949048536
0.8097522279357239,-0.56233965282819,-0.45061453146990005,-0.45477084426498326,-0.37141049614817273,-0.14744780108087752
0.5858783224008526,-0.20733269611345734,-0.5098712956142522,-0.607561468882761,-0.9074042316811012,-0.8321151728546872
-0.7621283853942235,1.8963695854816123,1.1514308732452398,0.8633796748205633,0.6806410590383919,-0.35675667934917243
-0.8240509550102517,-0.20733269611345734,0.2572661184251368,0.21761680092997684,0.08095908209781587,0.6531745080960113
-0.0905066687896096,-0.56233965282819,-0.7010631977733265,-0.4437178110282634,-0.96788329143657,-0.6325036857199463
0.152420335088655,-0.56233965282819,-0.8269456700827552,-0.8917420911219391,-0.9074042316811012,-0.8761279873058425
-0.9240797213130665,1.6487368696481015,1.5346549023193274,1.357274658929298,1.3978768241774149,0.6825165490848206
2.1815753086600416,-1.0626938558437988,-0.6331654724940154,0.36214179929347456,-0.7489547038097792,0.47483643616456606
0.08097121630093011,-0.56233965282819,0.47960267585907707,0.4828739288009174,0.7599357958664912,1.6565459610202367
-0.43822571355653733,-0.20733269611345734,0.37866382866707443,0.3539203372826639,0.2525798703570481,0.888538331434237
0.357241142280133,0.2930215069021515,-0.10930290831243827,-0.14772874872236202,0.5450659426428811,-0.7753839704333441
0.547772125714066,-0.20733269611345734,0.12001008329926773,0.25415585216086667,-0.010833507594516798,0.38714118395548885
0.9907566621979602,1.2471573932472422,1.3235369992908383,1.0769156722537065,1.1722709464564516,0.7646584415291368
-0.9336062704847632,-0.20733269611345734,0.5648834381282012,0.6203373030948333,0.6552682223705544,1.2496784177033617
-0.9574226434140048,0.2930215069021515,0.8659138910609876,0.8418646475517286,-0.09251100185985872,1.112627842295465
0.8478584246225105,-1.0626938558437988,-0.6643971026383878,-0.9595222371300127,-1.1042151012961297,0.4141957384047711
1.381345178237523,-0.56233965282819,-0.6391736633910251,-1.1125945646346709,-1.033205652306678,-0.5126794696422277
1.0955487030866233,-1.0626938558437988,-0.27369671738184886,-0.3885204346766959,-0.46753250629934595,1.1727966781397825
1.6337987312874842,-1.0626938558437988,0.09689165717614268,-3.640124545623051,-2.495449522400594,1.8923472591047077
0.2715021997348631,0.2930215069021515,0.7515186298032375,0.5902817227209174,0.7052487678224237,0.890846473894726
-0.6620996190914087,0.9233932522095181,1.3946132202011952,1.3000641752244615,1.1205127844201468,1.3083070755445787
-0.9240797213130665,2.1025185529775836,2.6198191091171705,2.4039758195693555,0.6806410590383919,2.2423356646589916
-0.29056420139523925,-1.0626938558437988,-1.4417236141953729,-1.2820936286869784,-1.5988787983140098,-1.0950953818506515
1.27655313734886,-0.20733269611345734,-0.04408632087074407,0.09417003757018597,0.14761602027680515,0.06921423358525507
-0.7240221887074368,-0.56233965282819,0.2065374095233174,-0.10026327172177085,0.17900811520458537,1.1267299017636874
-0.9288429958989148,0.7933757099177606,0.7966461860275472,0.8302341387534762,0.5928043367258662,0.3156227269137623
1.0479159572281402,-1.0626938558437988,-0.7248727647556782,-0.6738412087784594,-0.7489547038097792,0.29677355034332314
-0.22864163177921104,0.4832473463317343,0.3997253201268718,0.10507723259418585,0.28024671793106676,-0.047559704345501996
1.0717323301573818,-1.0626938558437988,-2.2196617293117975,-1.9581661591936625,-2.495449522400594,-2.6055740183012057
-0.19053543509242443,-0.20733269611345734,0.3991881497100066,0.07684002705969808,-0.4022101454292381,0.9283360427789049
1.27655313734886,-1.0626938558437988,-0.6564575670889164,-0.7739186309194062,-0.6163240061555176,0.42961148754700385
1.1241283506017135,-1.0626938558437988,-0.7887185155755602,-0.8917420911219391,-0.7489547038097792,0.1728078508003145
0.6144579699159426,-1.0626938558437988,-0.41818295055695637,-0.5800965469704935,-0.28542642807626484,0.8922558944560426
0.10955086381602007,-0.56233965282819,-1.0226474017341618,-0.7694342371079721,-0.07131256734998571,-1.254568909127071
-0.6144668732329254,0.06803209247917626,0.03643819762446803,0.5606272255653211,0.3200640704847356,-0.17988658421311993
-0.7240221887074368,0.06803209247917626,-0.3251198299528163,-0.38600273805015006,-0.5022651455660757,-0.8789572016165375
2.30065717330625,-1.0626938558437988,-0.8916629723167767,-0.6472763774556309,-0.7984300843785986,-0.027073604584275705
0.9193075434102354,0.4832473463317343,0.22256983018747703,0.08679804385856377,-0.8510995740835968,-0.3902548970183207
-0.49538500858671725,0.6480284636168839,0.6370826441702544,0.725757502640742,0.47316214414747326,0.19479928062867433
0.985993387612112,-1.0626938558437988,-1.051458446462781,-0.8501079120171156,-0.9074042316811012,-0.33733947947704107
1.5147168666412762,-0.56233965282819,-1.1023667538590147,-1.537783367254372,-1.9297763763932627,-1.4085990048714816
-0.02858409917358137,-1.0626938558437988,-1.3618076139864501,-1.457775669935054,-1.2679812202347571,-0.9399269839015545
0.9764668384404153,-1.0626938558437988,-0.924761130196836,-1.5521049937336002,-1.3641032303859306,-0.0913384341539325
-0.9526593688281565,2.1025185529775836,1.537976148200708,1.592020823983396,0.7052487678224237,0.14539426827905047
1.2384469406620733,0.06803209247917626,-0.2412854866673845,0.1014613144005529,-0.11427479409411481,-0.7169988938515657
-0.8192876804244034,-0.20733269611345734,0.28706109894042114,0.05127335682151185,0.28024671793106676,0.710935083482125
-0.8669204262828867,0.7933757099177606,0.9616126071173957,0.4677071663810269,0.11496791303105958,0.6351646069965083
-0.8526306025253416,0.6480284636168839,1.6519428422197968,1.9462987771332307,1.51073200631486,2.1622702151944804
-0.9288429958989148,-0.20733269611345734,-1.1622502036400904,-0.39358456527529734,-1.1819971521628492,-2.0894573102766607
0.04762829419999184,-1.0626938558437988,-0.5227463541087546,-0.6110756193305663,-0.7489547038097792,0.689231021203866
-0.9240797213130665,0.4832473463317343,0.028857136847506237,-0.31911487911259284,-0.18328155780244723,-0.7645746560429333
-0.9145531721413699,0.7933757099177606,1.1934520828740842,0.8117747810663865,0.8526924658156667,1.084494397127808
-0.9574226434140048,2.0037438263628347,1.600772989140916,1.7076741519244567,1.4183656118229988,0.3844365074155648
-0.9288429958989148,1.5782019406724268,1.713354423836035,1.319168015677192,0.8526924658156667,1.1143432586398792
-0.9526593688281565,0.9233932522095181,0.8717806956275123,0.7940718028159764,0.6020258341916891,0.29514360098163434
0.9717035638545669,-1.0626938558437988,-0.6157035744218855,-0.6040657655038771,-0.46753250629934595,0.5087412204620702
-0.7764182091517684,0.2930215069021515,0.7219839819337338,0.5180532968397408,0.37030108791939076,0.833595646969824
1.0383894080564435,-0.56233965282819,-0.47370349272780415,-0.2709015298327039,-0.34173108567376953,-0.1921820706761548
-0.8812102500404316,0.06803209247917626,0.2902332211628651,0.40256161404695795,0.11496791303105958,0.31154265401603504
-0.9288429958989148,3.534906105749422,3.3810016349983156,3.5669055349187064,2.8337644583035586,2.041529510888552
-0.9288429958989148,2.1939696657924173,2.020534392968685,1.8944391408725882,1.1058079930281992,0.9715095798432672
-0.8764469754545833,-1.0626938558437988,-2.1748290201694718,-1.7732828666979545,-1.9297763763932627,-2.518524871257485
-0.4096460660414474,0.06803209247917626,0.5978041264031867,0.8466184806926044,-0.09251100185985872,0.9076193184494658
1.0860221539149268,-0.20733269611345734,-0.11966048042670385,-0.3056158365269802,-0.4022101454292381,-0.07715008953371501
0.9717035638545669,-0.56233965282819,-0.8337254308091021,-0.5129676772632263,-0.5385419552887978,-0.8892450605643031
0.09526104005847509,-0.20733269611345734,0.4930366154900298,0.32948752854958346,0.40604813855664385,1.1103312424879546
-0.6287566969904703,-0.20733269611345734,0.5474463703963525,0.5557575149106057,0.6722707924062578,1.2158577800387225
-0.7240221887074368,0.4832473463317343,0.9315256325810366,0.9815775568284539,0.02713119071853385,0.9826002379873028
-0.5430177544452005,1.0410084257512708,1.15564387812768,1.1880545484707739,1.2869242665908203,0.6964582232280364
1.6480885550450293,-0.56233965282819,0.19619296075680184,-3.3701131805764293,-2.495449522400594,1.1066620248468342
-0.9288429958989148,1.148382666632493,1.0640428266675523,1.1305622155286223,0.8857372164920676,0.3846558056895344
1.0955487030866233,-1.0626938558437988,-0.4189944611407368,-0.47744299022617503,-0.5022651455660757,0.8906802300474792
0.1905265317754416,-0.56233965282819,-0.38390604050160176,-0.46318270303354536,-0.2327569383712667,-0.018185290168871823
-0.7430752870508301,1.148382666632493,0.9172753522202991,0.9275490858032597,1.0225671001190004,0.10051807982371476
-0.45727881189993064,-0.56233965282819,-0.971634278947281,-0.23389590082616213,-1.1042151012961297,-1.155962164640337
-0.7526018362225269,0.7933757099177606,0.9421669231438212,0.6957468593020889,0.5548396384128148,0.5974893708648294
1.0431526826422919,0.2930215069021515,0.32558791293441974,1.4992390785907632,-0.5385419552887978,0.06566284298991053
-0.6573363445055603,-1.0626938558437988,-0.39506281595355464,-0.4090122042401139,-0.4342179279324365,0.937146958040288
1.2241571169045284,-1.0626938558437988,-1.2428157419558137,-0.7517926765739397,-1.1819971521628492,-0.7088871657964398
1.0526792318139886,-1.0626938558437988,-0.41494592456372487,-0.23992245747263113,-0.37141049614817273,0.8985410455669115
0.019048646684901884,0.2930215069021515,0.31295644442850057,0.27403583485121824,0.394305578520509,0.04120898259911996
-0.9145531721413699,0.6480284636168839,0.6759525219926027,1.2885771275102718,1.0958555057486208,0.27006170490476145
1.0764956047432301,0.06803209247917626,-0.44606494750641706,-0.7261768275480125,-1.1042151012961297,-1.1124312408888377
-0.41917261521314403,-0.56233965282819,-0.26883996505952396,-0.1988388612553064,-0.20764437720954537,0.2048333725428831
0.985993387612112,-0.56233965282819,-0.1612304806024865,-0.10684041125573866,-0.010833507594516798,0.41345266163063243
1.748117321347844,-1.0626938558437988,-0.9237858447630696,-0.25833644074980294,-0.6581841478671907,-0.08944477734046588
0.18576325718959327,-0.20733269611345734,0.05219486855389892,0.12753307688316448,0.2092372689416153,0.2557345990032203
-0.19053543509242443,0.4832473463317343,0.5613901156676977,0.6715468926586836,0.6971283640822278,0.2654115335003351
1.119365076015865,-1.0626938558437988,-0.49199515514667597,-3.640124545623051,-2.495449522400594,0.7489388927875958
-0.88597352462628,1.5033896233472255,1.7637465157974994,1.6819414617125734,1.7195005087943882,1.3031120698209044
2.005334148983654,-1.0626938558437988,-1.069994439748794,-1.008872956395172,-0.9074042316811012,-0.3733297739745967
-0.3763031439405091,-0.56233965282819,-0.463808130711911,-0.41686215719554537,-0.34173108567376953,-0.17301043419337261
-0.85739387711119,0.2930215069021515,0.5699707722696131,0.410207277417613,0.09814063970798567,0.5389945195906655
-0.6430465207480154,-1.0626938558437988,-0.542417531055571,-1.3863576577143846,-0.7984300843785986,0.6510366045084479
-0.88597352462628,1.2471573932472422,1.1608124590997098,1.2270760801230547,1.0225671001190004,0.44942473626643004
-0.88597352462628,0.06803209247917626,0.44505365305132427,0.8748286095020058,0.49436057865734623,0.6115281843957721
-0.20006198426412108,-0.20733269611345734,0.04217253262774398,0.18324531183710893,0.02713119071853385,0.23631630742879448
0.1905265317754416,-0.56233965282819,-0.25079613668863354,-0.02310182991929702,-0.5385419552887978,0.23981105429747204
0.07620794171508179,-1.0626938558437988,-1.3582584100039867,-1.3863576577143846,-1.4730773776884334,-0.9330356943661215
-0.7526018362225269,1.7154571887753904,1.1829770710963663,1.1873449799811617,1.2035770145204503,-0.0788502492341288
-0.8669204262828867,0.4832473463317343,0.03456417678979692,0.06545633165966944,-0.34173108567376953,-0.7535537859759922
1.0383894080564435,0.06803209247917626,0.1521754735453433,0.18750727815743157,1.2379439384135897,0.04415983023886437
-0.3620133201829641,1.8389627090776848,0.8940086056494544,0.7889261496707972,0.9775298061844006,-0.7852895539532957
-0.7811814837376168,-1.0626938558437988,-1.5112381534566564,-1.483391518960981,-1.4730773776884334,-1.230067848730177
-0.39059296769805407,0.2930215069021515,0.7073143240217563,0.9183976843452172,0.8726794364411976,0.8051610008401799
2.5435841771845142,-1.0626938558437988,-1.710885326316235,-1.5100322700199111,-1.4730773776884334,-1.6177115231720869
0.2715021997348631,-1.0626938558437988,-0.5523319892821883,-0.628930039052761,-0.6581841478671907,0.6317862592016807
-0.9193164467272182,-1.0626938558437988,-1.364724434500532,-1.1277299880677918,-0.2327569383712667,-0.9455904100626731
0.3381880439367397,-0.20733269611345734,0.07580330413691141,0.09294702535407531,0.2239420603335628,0.3014782048707225
-0.18100888592072778,-1.0626938558437988,-2.0565214468879907,-2.3936353884164303,-2.495449522400594,-2.2888137175042824
-0.2191150826075144,0.06803209247917626,0.15170378182592498,0.08679804385856377,0.04547115000298754,0.04324650926068098
0.05715484337168849,-0.20733269611345734,-0.6134632147688265,-0.21032069680207424,-0.6581841478671907,-1.0322653736905905
-0.9383695450706115,-0.56233965282819,-1.217621124325839,-0.5377493261529606,-1.1819971521628492,-1.631131725364227
0.7764093058347856,-0.20733269611345734,-0.030307176977870585,0.17787920734187773,0.2525798703570481,0.09590434841085521
-0.5858872257178355,-0.56233965282819,-0.16162429839339212,-0.3541104945295067,-0.18328155780244723,0.41268909485151895
-0.7621283853942235,-1.0626938558437988,-0.9865470881560316,-0.7739186309194062,-0.050650860148185636,-0.21130474987562733
0.8859646213092971,-0.56233965282819,-0.5693920624997053,-0.22200397830500243,-0.5385419552887978,-0.37754209254214
-0.8764469754545833,-0.20733269611345734,0.029590905053970374,-0.16014324873489805,0.04547115000298754,0.21194019816701165
-0.814524405838555,0.06803209247917626,0.6423751046648106,0.5856248508447004,0.7369457166358959,0.9940341134566513
1.790986792620479,-1.0626938558437988,-1.0208565968824346,-0.41949950703676864,-0.8510995740835968,-0.27792159117872955
-0.8621571516970383,-1.0626938558437988,-1.273292142774027,-1.0552749034716755,-0.09251100185985872,-0.768061477296688
0.9478871909253254,-0.56233965282819,-0.9790206336318976,-0.9961881925946345,-1.2679812202347571,-1.170241649181591
-0.447752262728234,0.7933757099177606,1.05172374050992,0.9492156433170185,0.3070062904338656,0.8097783902589393
0.914544268824387,-0.56233965282819,-0.23410432045255108,0.10986811631172397,0.14761602027680515,0.27216912290105943
1.5337699649846694,-1.0626938558437988,-1.3513177608250393,-2.2149903613480224,-2.495449522400594,-0.9195594266474111
-0.9288429958989148,1.5782019406724268,1.7134782746923423,1.4890879657383649,1.51073200631486,1.1145833426220997
0.5572986748857627,-1.0626938558437988,-1.256773662114911,-1.6970935856002451,-1.2679812202347571,-0.7359884734710792
2.0910730915289237,-0.56233965282819,-0.4537202346072571,-0.4090122042401139,-0.4342179279324365,-0.15346519782942813
1.1812876456318933,0.4832473463317343,0.21420504750952898,-0.38099572224762923,-0.09251100185985872,-0.40642800025211345
0.4382168102395545,-1.0626938558437988,-1.5696496140399834,-1.7340992146067868,-1.7476702981701815,-1.3434820928976388
1.1431814489451066,-0.56233965282819,-0.013173646568059373,-0.14772874872236202,-0.11427479409411481,0.7005565314053969
0.738303109147999,-1.0626938558437988,-1.765570276072678,-2.176926860848968,-1.7476702981701815,-1.7238902110875354
1.6099823583582427,-1.0626938558437988,-1.5177538839507756,-2.0742733041046493,-1.3641032303859306,-1.24271907576353
-0.08574339420376127,-0.20733269611345734,0.170245054057835,0.20944577860595387,1.163101256249335,0.4844976297190238
2.286367349548705,-1.0626938558437988,-1.0183299434731978,-1.483391518960981,-0.7023080742274255,-0.27301573051679767
-0.05716374668867132,-0.56233965282819,-0.25457892448686514,-0.5099338225192531,-1.033205652306678,0.2324780621682897
1.995807599811957,-1.0626938558437988,-1.377005243552747,-1.3977413531144138,-1.1819971521628492,-0.9694353655305293
-0.7573651108083751,0.06803209247917626,0.26749680405756426,0.27310250608667214,0.6466322281051479,0.26749937502376253
2.2816040749628566,-1.0626938558437988,-2.085655230548869,-3.640124545623051,-2.495449522400594,-2.3453811448659603
-0.7192589141215886,-0.56233965282819,-0.24418255111402337,-0.03338099707915998,0.7369457166358959,0.25263173823735374
-0.843104053353645,-0.56233965282819,0.22516423519746287,0.8390758251979545,1.369732868234058,1.1628659213651293
-0.7859447583234651,-0.20733269611345734,0.25738272384511707,0.36458857472640227,0.13145521807489544,0.6534005521955528
1.4194513749243096,-1.0626938558437988,-1.9584412645745417,-1.8149170458027784,-1.9297763763932627,-2.0983769498939586
-0.9240797213130665,-0.20733269611345734,-1.064670586047269,-0.7220017043764688,-0.9074042316811012,-1.9019680693401717
0.44774335941125115,-1.0626938558437988,-1.3180812069876724,-1.4331087772000919,-1.3641032303859306,-0.8550258814398102
-0.8097611312527068,-0.20733269611345734,0.49412815486986483,0.3464332257098506,0.8857372164920676,1.1124481719062922
-0.9193164467272182,1.5782019406724268,1.4457906081245517,1.4526064677968296,1.1991775761436305,0.5958482746895456
-0.6573363445055603,0.2930215069021515,0.5625717537710848,0.7171831786341034,0.11496791303105958,0.524658306264032
-0.9193164467272182,1.338608506062076,1.4181356904165556,1.1913559077474138,1.254599492884371,0.8350788924967321
1.7814602434487825,-1.0626938558437988,-1.353446305631355,-0.6855587538693905,-0.8510995740835968,-0.9236923022504873
1.090785428500775,-1.0626938558437988,-0.8644825743464478,-0.9419195391891159,-0.8510995740835968,0.025701043767105785
0.07144466712923346,-1.0626938558437988,-1.851135842355018,-2.344284669151271,-1.5988787983140098,-1.890028053383546
1.7243009484186025,-1.0626938558437988,-1.6193616810869529,-1.3863576577143846,-1.4730773776884334,-1.4400052144534032
-0.9574226434140048,1.8389627090776848,1.5913030675140518,1.4000579553350074,1.648914894580762,0.5631041145870841
-0.6573363445055603,0.6480284636168839,0.5894289726365134,0.47118461535099254,1.2749520150692093,0.10254475602042652
-0.9526593688281565,1.778754411939859,0.7951800210269414,0.9226370406115109,-0.6581841478671907,-0.9039208311648853
0.943123916339477,-0.56233965282819,-0.15485548739450436,-0.3785062615372402,0.14761602027680515,0.42581311161373725
0.9097809942385388,0.7933757099177606,0.6389937460952176,0.4753337251252206,0.8459198639383987,0.01042855154596294
-0.257221279294301,-0.20733269611345734,0.4961761644879212,0.8544668916848261,0.42903821778723844,1.1164200877979966
-0.9478960942423081,1.951224185270838,1.4908205498529523,1.7347417301342598,1.1397158784677761,0.23421019047225963
2.138705837387407,-1.0626938558437988,-0.8140043555222269,-0.4492213957791754,-1.2679812202347571,0.12371175909071601
-0.34772349642541917,0.4832473463317343,0.5558322456708447,0.29605205368280124,-0.5765066536018487,0.25464862314320075
-0.8049978566668584,1.338608506062076,0.8254994995647166,0.8021386335754197,0.8726794364411976,-0.31215384614794656
0.8764380721376005,-1.0626938558437988,-1.0906100817872322,-1.028364981041055,-2.164551944321342,-0.4133580053604734
-0.4001195168697507,-1.0626938558437988,-1.248652888440742,-1.2004490686889695,-1.2679812202347571,-0.7202208244667021
-0.45727881189993064,0.4832473463317343,0.6558872761822014,0.7300036166939153,0.3823915882048847,0.4484386826856131
-0.9145531721413699,1.148382666632493,1.1234310323326033,1.0921044492984364,0.3329162076360649,0.499674479982691
-0.6287566969904703,0.9233932522095181,0.9925998278477267,1.0336395152460456,0.48383018942336337,0.5291373540950656
-0.5287279306876556,1.148382666632493,0.8004356049287927,0.7080111095169667,1.6151764814380274,-0.12554982050910518
0.5144292036131277,-1.0626938558437988,0.140865440599415,-0.5834683514626465,-0.8510995740835968,1.9777286784414063
-0.7621283853942235,-0.20733269611345734,0.3546475018320017,0.7360894864945363,0.47316214414747326,0.8419713739797997
0.7573562074913923,0.06803209247917626,-0.0988053033903606,-0.3541104945295067,0.6466322281051479,-0.44154548668480287
-0.5287279306876556,0.7933757099177606,0.7331139356725002,1.2023208457260324,0.6971283640822278,0.19260926418354507
-0.9621859179998531,2.0037438263628347,1.903475124466175,1.7202301287275492,1.9173100656756052,0.9708410552252201
-0.8621571516970383,-0.56233965282819,-0.4217752028867979,-0.24600405192767646,-0.9074042316811012,-0.09156814080526827
0.8812013467234487,-1.0626938558437988,-0.3724605227752642,0.09294702535407531,0.7523441704941772,0.9810325580863668
-0.9478960942423081,-0.20733269611345734,0.5774606156166031,0.856414626224834,0.8111872246716694,1.274073424168438
-0.9145531721413699,0.6480284636168839,0.2614232037611443,0.10387410676648108,0.8390905869097138,-0.5318851440467735
-0.49538500858671725,0.06803209247917626,0.4559014701770972,0.5744324871410011,0.5740427324604442,0.6325520378990115
-0.6954425411923469,0.4832473463317343,0.7540513613400653,0.6947558919101494,0.4402948630471784,0.638626262615752
-0.9621859179998531,1.778754411939859,1.791472955928041,1.6990602836123638,1.6412519852985017,1.0232998454838904
0.07144466712923346,-0.20733269611345734,0.03311384006079868,-0.07932541753890623,-0.96788329143657,0.21876557024490367
-0.8812102500404316,-1.0626938558437988,-0.7267854643749105,-1.5100322700199111,-2.495449522400594,0.2930597691868809
1.10507525225832,-0.20733269611345734,-0.2041419845339367,-0.24804365525100988,-0.13663492822009354,-0.24071678266517116
-0.8526306025253416,1.6487368696481015,1.8879911719337354,1.7964883645200658,1.930019236647057,1.3673671607275728
-0.7287854632932852,0.06803209247917626,0.2665532967571515,0.08679804385856377,0.02713119071853385,0.26567175314029384
-0.9336062704847632,0.2930215069021515,0.24347488297005893,-0.06520623215091452,0.767457451346147,-0.09328063140902478
0.957413740097022,-1.0626938558437988,-0.3841452401149929,-0.3328932319599213,-0.5022651455660757,0.9583450003338043
1.4718473953686413,-0.20733269611345734,0.2415947046402779,-0.0378353947209304,-0.28542642807626484,0.6227953992932522
0.4763230069263411,0.06803209247917626,0.7955252667854389,0.6214453398970516,0.4402948630471784,1.291017992124696
-0.9193164467272182,0.4832473463317343,0.6858704821917961,0.9646019522607513,1.4674441560881033,0.5065235837002282
1.2527367644196183,-1.0626938558437988,-0.8265579407499625,-0.8501079120171156,0.4402948630471784,0.09933716948146674
-0.8621571516970383,0.4832473463317343,0.326892608884301,-0.16553542365761845,-1.9297763763932627,-0.1884867941943596
1.424214649510158,-1.0626938558437988,-1.6457904336843758,-0.34223977085484736,-1.9297763763932627,-1.4913204353054756
-0.49538500858671725,-0.56233965282819,-0.8501951408495361,-0.3078467597675524,-1.033205652306678,-0.9211078391987036
0.7764093058347856,0.2930215069021515,-0.0020490065486488637,-0.0777417545702005,-0.15962500745068847,-0.5681565393465323
0.4906128306838861,-1.0626938558437988,-1.3734361232722734,-1.1590736539023403,-1.1819971521628492,-0.9625054056406338
-0.9288429958989148,1.338608506062076,1.3979766671897158,0.8138512715686262,0.3329162076360649,0.7960145275585266
-0.9621859179998531,1.148382666632493,1.2086222069441257,0.6528017310753643,0.7291361465854255,0.6647058353485396
-0.7097323649498919,0.2930215069021515,0.6302300021722673,0.702152450340524,0.8459198639383987,0.65576280932647
1.2051040185611348,-1.0626938558437988,-1.4390812816931486,-0.6699807344047598,-1.033205652306678,-1.0899649136071576
1.2051040185611348,-1.0626938558437988,-0.9978048719083383,-1.1510983494238103,-0.20764437720954537,-0.23316335471991428
-0.9621859179998531,0.2930215069021515,0.22920525379597229,0.55697828512323,1.4769153708158385,-0.12089610881331408
-0.8764469754545833,0.4832473463317343,0.48741398578719,0.43848564742112206,0.5351737749496048,0.12217385749803092
-0.9240797213130665,-0.56233965282819,-0.6156842314837531,-1.0025003722197456,-0.5765066536018487,-0.4671941922735678
-0.8764469754545833,0.7933757099177606,0.6801721092237824,0.8134364911351011,1.5991216585678043,0.09012510744806045
-0.10479649254715458,0.6480284636168839,0.18431496472512174,0.06673083915778662,0.09814063970798567,-0.6808509829201892
-0.681152717434802,1.2471573932472422,0.955886847857762,0.8664520215135955,1.431744499036189,0.05269903680326565
-0.9145531721413699,0.06803209247917626,-0.20682847790232275,-0.3352175971975365,0.767457451346147,-0.6504056580008836
-0.06192702127451965,-1.0626938558437988,-1.442144870986838,-1.496578681853243,-0.5022651455660757,-1.095913312443849
0.8240420516932688,0.2930215069021515,0.07973535872562848,-0.11015350248998944,0.6466322281051479,-0.4100446290959831
1.090785428500775,0.06803209247917626,-0.253790201511477,0.26747489543072506,0.3580287687977862,-0.741162432920571
-0.9431328196564598,0.9233932522095181,0.8998760846566283,1.2041693686742563,2.1331112333623734,0.3495478179425228
0.5144292036131277,-1.0626938558437988,-1.4810290107014104,-1.1125945646346709,-1.7476702981701815,-1.1714124571628732
0.8478584246225105,-1.0626938558437988,-0.97711139145226,-0.26458935020759283,0.08095908209781587,-0.19298398886118462
-0.22864163177921104,-0.56233965282819,1.320197806469004,1.0541854805339688,0.804059722226726,3.288111139033138
-0.4429889881423857,0.9233932522095181,0.1614392769865979,0.9187519966517911,-0.18328155780244723,-1.077681086221699
-0.2619845538801493,1.338608506062076,1.4779636076321914,1.2312985769417575,2.036286602554361,0.9510262358669297
-0.652573069919712,1.2471573932472422,0.6840268057549876,0.5396804303849541,1.190306903561004,-0.473005725962782
-0.5001482831725655,0.06803209247917626,-0.07813343449363505,-0.5377493261529606,-1.3641032303859306,-0.4015625681496845
1.7385907721761475,-0.56233965282819,-1.4979890009398484,-1.342674461717608,-1.7476702981701815,-2.171502348228559
0.2095796301188349,1.148382666632493,1.0914395576531095,1.1191251980970573,0.904940310539697,0.43771280764342696
-0.8288142295961001,1.338608506062076,1.1521100058128106,1.1106822328382708,0.49436057865734623,0.3197653602289013
-0.8812102500404316,1.2471573932472422,0.6710745194514426,0.6130897727569677,1.0003590945874612,-0.4980306714184391
2.5292943534269696,-1.0626938558437988,-1.0570762541870433,-0.7015099348130508,-0.96788329143657,-0.3482472604255492
1.014573035127202,0.06803209247917626,0.6338851240140686,0.48082596214992956,0.8526924658156667,0.9775730371195872
-0.9097898975555215,-0.20733269611345734,-0.15050356503250006,-0.34223977085484736,0.23838657621939405,-0.13687235500343164
1.848146087650659,-0.56233965282819,-0.5677784181569615,-0.6146084125735326,-0.07131256734998571,-0.3744167542423965
-0.47156863565747564,0.9233932522095181,0.6426121055023033,0.6585856044732464,1.1491505944436329,-0.14838415257377924
-0.6144668732329254,-0.56233965282819,-0.9574537705053927,-1.1125945646346709,-1.3641032303859306,-1.128546306541085
-0.7478385616366785,-0.56233965282819,0.263882996023949,-0.034862488156247595,0.8660713530288568,1.2379827234399712
-0.6239934224046221,0.06803209247917626,0.19880710274279373,0.09049424186477333,-0.030499371057727126,0.1344590216021535
0.25721237597731816,-1.0626938558437988,-1.098076422163034,-0.9654947432132038,-0.7023080742274255,-0.427854978077164
-0.8716837008687349,0.6480284636168839,0.5895102476479521,0.5744324871410011,-1.3641032303859306,0.10270208408135614
0.8526216992083588,0.06803209247917626,0.2740787302866739,0.6345999397730243,0.28024671793106676,0.28024905804448413
0.24292255221977319,0.06803209247917626,0.18190687656324445,0.11580865494347779,0.8985893536433969,0.10173101896412101
-0.9145531721413699,0.06803209247917626,0.286988335503396,0.23267237732929333,0.17900811520458537,0.3052567101884743
-0.18100888592072778,0.2930215069021515,0.6974887371895977,0.7983296815448276,0.8111872246716694,0.7861163167508206
-0.8812102500404316,1.2471573932472422,1.158827843898847,1.2004671772654019,1.2035770145204503,0.44558112218749096
0.3762942406235263,-0.56233965282819,-0.8902513724850672,-0.5936874261312558,-0.9074042316811012,-0.9985906743538364
-0.7287854632932852,0.06803209247917626,0.14630478200919225,0.30233869477693204,0.09814063970798567,0.03279272263102096
-0.7811814837376168,-1.0626938558437988,-1.2212562861345972,-1.2630657637897924,0.04547115000298754,-0.667026384329815
1.4718473953686413,-0.56233965282819,-1.1668959531200702,-1.097795511944651,-1.7476702981701815,-1.5332160632203171
-0.8383407787677967,0.6480284636168839,0.26813470418140894,0.3173636312587752,0.9112422248085066,-0.5189154914567906
-0.6430465207480154,-1.0626938558437988,0.1417406577834206,0.3497712275084353,0.08095908209781587,1.9794280383686378
0.019048646684901884,0.06803209247917626,0.42681625068935125,0.5063127974852939,0.3580287687977862,0.5761840936181722
0.9669402892687187,-0.56233965282819,0.2722589175281927,0.4529002787138672,0.4402948630471784,1.2542329544044615
-0.13337614006224452,-0.56233965282819,-0.6855056133525366,-0.8109242599259479,-0.7023080742274255,-0.60238543107998
1.0812588793290785,0.6480284636168839,0.5716763472394225,0.3085665421073067,0.4176241318318146,0.06818140893263176
-0.9336062704847632,1.0410084257512708,1.2801390935719885,1.262247439491019,1.5744312221982542,0.9377182330259196
-0.843104053353645,-0.20733269611345734,-0.5668553551161005,-0.5377493261529606,-0.7023080742274255,-0.9422315670759126
-0.7240221887074368,-0.20733269611345734,-1.1697887940747456,-1.2820936286869784,-1.3641032303859306,-2.103930758411652
0.5191924781989761,0.6480284636168839,0.7222857086209352,0.4326312803579914,0.3455690788011746,0.35978919490221467
0.5049026544414311,-0.56233965282819,-0.16595998557362077,-0.23389590082616213,-0.030499371057727126,0.4042827418333811
-0.7621283853942235,1.0410084257512708,1.0867864957382838,0.9990737378177661,1.5286033885534618,0.5630553240650464
-0.843104053353645,0.6480284636168839,0.6367746015519951,0.6373080767484619,1.262801510089559,0.19420287302190384
-0.5477810290310489,-0.20733269611345734,-0.6523776247565751,-0.924770180373965,-1.4730773776884334,-1.1074143191091994
-0.0905066687896096,-0.56233965282819,-0.9070563947126734,-0.7137291760748854,-1.1819971521628492,-1.0310926472278072
-0.8716837008687349,1.148382666632493,0.742305570823084,0.7598915790420296,1.7626420771154416,-0.23797313002587328
-0.9526593688281565,0.4832473463317343,1.0168175147816712,0.9616194293949146,0.804059722226726,1.147959190885865
-0.7430752870508301,0.06803209247917626,-0.19121244608653476,-0.2837082699985413,0.5740427324604442,-0.620220641990857
-0.88597352462628,1.778754411939859,1.8973118172038936,1.6122039878963879,2.489362537184176,1.2284666135038265
-0.88597352462628,0.6480284636168839,0.8859897355177391,0.4550358122313088,1.4514103624993995,0.6769235399549555
-0.8526306025253416,1.148382666632493,0.9464599017082812,0.7648194384679166,1.190306903561004,0.15700496166534278
-0.8621571516970383,0.2930215069021515,-0.04528693726580224,-0.20455503338695258,0.989024275675226,-0.651715343194738
1.5766394362573044,-1.0626938558437988,-1.4983140564509905,-1.662036546029389,-0.4022101454292381,-1.2049738572633217
0.8240420516932688,-0.20733269611345734,0.08163036794013043,0.34475792931812554,0.3823915882048847,0.312769171354981
-0.9145531721413699,0.2930215069021515,0.29549694314597025,0.3371664985574018,0.19426264985915923,0.007410375815431189
-0.0714535704462163,0.6480284636168839,0.23865165594361373,0.2951490976603951,0.2239420603335628,-0.5758857988356149
-0.4858584594150206,0.4832473463317343,-0.07680363798364617,0.1515022954165481,-0.7984300843785986,-0.9685272066226808
-0.6763894428489536,0.9233932522095181,1.171113929944554,1.0710236897455219,1.3141948559183994,0.8750323377044849
-0.8812102500404316,1.2471573932472422,1.053036210207392,0.9236926761791917,0.7749104149489473,0.24073446726797482
1.4909004937120345,-1.0626938558437988,-1.2748691112292736,-1.3321871589209533,-0.13663492822009354,-0.7711233881553047
-0.8097611312527068,-0.56233965282819,-0.7081663866590956,-1.0905175163931806,-0.7023080742274255,-0.6462542632539928
-0.6620996190914087,-1.0626938558437988,-1.1715715416479457,-0.35171936102869567,-0.7489547038097792,-0.5705563134510276
2.2911306241345533,-0.56233965282819,-1.0609883159036027,-1.1671456310912816,-0.07131256734998571,-1.3286597546758225
-0.9574226434140048,-0.56233965282819,-0.8531374854234036,-0.7784334276328698,-1.9297763763932627,-0.926799908740592
1.3718186290658265,-1.0626938558437988,-1.0742672083327964,-0.5346007152542148,-0.7023080742274255,-0.3816259681566583
-0.8526306025253416,0.7933757099177606,0.5028436572662989,0.46910032581068273,-0.15962500745068847,-0.25296518575610777
-0.45251553731408234,-1.0626938558437988,-0.936868262162036,-0.41949950703676864,-0.96788329143657,-0.11484617060079022
-0.814524405838555,1.338608506062076,0.8734957952502481,0.6029227055829762,1.448165452289874,-0.21935758565026114
-0.8716837008687349,1.6487368696481015,1.6119617686645291,1.584242694313274,1.6982407115383302,0.8323039635847567
0.8859646213092971,-1.0626938558437988,-0.8858927276997165,-0.6472763774556309,-0.010833507594516798,-0.015869845503954982
-0.9526593688281565,4.020302243157549,2.501602136355711,1.7598510296620669,2.170181582169469,-0.22250627571529755
-0.7907080329093135,-1.0626938558437988,-0.6375373899020472,-0.35171936102869567,-0.6581841478671907,0.4663477302934442
-0.681152717434802,-0.20733269611345734,-0.3013241886838745,-0.24804365525100988,1.167698980199021,-0.4288024477204905
-0.843104053353645,1.5782019406724268,1.4108613046304572,1.227744572698344,1.5077150200969043,0.52819072558732
1.3194226086214949,-1.0626938558437988,-0.6137718202761175,-0.3961311456807502,-0.28542642807626484,0.5124919987198249
0.15718360967450332,1.148382666632493,1.0764427123688098,0.5690644601513326,1.3026188626432278,0.4086690067372339
-0.8478673279394934,1.148382666632493,1.0008511197989143,1.695870062103376,0.4623527961541478,0.26229802687680953
-0.9526593688281565,2.149091072663711,1.4225755568380178,1.1894714212701654,1.902538733141095,-0.13308059950663453
-0.681152717434802,0.9233932522095181,1.3969051733790059,1.2760604355555631,2.1456560484078273,1.3127512714488625
0.2715021997348631,-1.0626938558437988,-1.185908233131173,-1.6451766590573078,-0.6581841478671907,-0.598393060079076
-0.6906792666064986,-0.56233965282819,-0.22644916833284798,-0.4832337220583408,-0.46753250629934595,0.28700947743390115
-0.6573363445055603,0.2930215069021515,0.3258532844423669,-0.337550103836139,0.06340800044125627,0.0661766016188548
-0.8907367992121282,-0.56233965282819,-0.35490589587655946,-0.06520623215091452,-0.2327569383712667,0.03801618043414737
-0.9193164467272182,1.148382666632493,1.0502127443899996,0.8096917954315755,1.254599492884371,0.3578742074878638
-0.6859159920206502,1.4237474552251266,0.7605084846621245,0.576212256479658,0.6971283640822278,-0.5419477558363346
-0.08098011961791295,-1.0626938558437988,-1.5501889658269308,-2.1067641363977274,-1.5988787983140098,-1.3056964479907858
-0.8288142295961001,2.6341155716702005,2.0468321591636554,1.1448399745486277,0.7523441704941772,0.5038802377121776
-0.8526306025253416,-0.20733269611345734,0.8806306467817713,1.0849674563866998,1.0225671001190004,1.8622252351082442
2.24349787827607,-1.0626938558437988,-0.6680045762459034,-0.4603669273182571,-0.46753250629934595,0.4071913100192356
-0.9431328196564598,1.148382666632493,1.2938815546608589,1.1570867330090568,1.8506141945079142,0.8299111353840066
-0.9478960942423081,0.7933757099177606,1.1004486904987192,1.1448399745486277,1.2587108055720466,0.9042129231743345
-0.24769473012260435,0.9233932522095181,0.7749419088708535,0.4896553516044496,0.37030108791939076,0.10766956107149753
0.5144292036131277,0.06803209247917626,0.03072201051658133,-0.12019283782039468,0.832203678170083,-0.19094923810849346
-0.9145531721413699,0.06803209247917626,0.31204304993368653,0.32604602236545815,0.49436057865734623,0.3537939790809985
-0.8812102500404316,0.6480284636168839,0.0018950653935012384,0.019238484809509904,0.40604813855664385,-1.0329199706492722
-0.24293145553675602,-0.20733269611345734,-0.3959919678274867,-0.4012537091284656,0.8792344423053089,-0.6119386883025153
-0.8764469754545833,0.9233932522095181,0.5314761365528126,0.5732433261741189,1.390931302743931,-0.3632943358319683
-0.9193164467272182,0.06803209247917626,0.6958307197557813,0.7430432214281404,1.0170714979205489,1.09768438777984
-0.6954425411923469,0.4832473463317343,0.7036223565792008,0.38463614418586034,0.6552682223705544,0.5409158789242742
1.8719624605799006,-0.20733269611345734,-0.05170308482415181,-0.2521416987344658,1.0755788392911698,0.05446113253393982
-0.5620708527885938,-1.0626938558437988,-0.07646234606869008,0.05127335682151185,-0.7489547038097792,1.5557555516713828
2.1482323865591035,-0.20733269611345734,-0.21064400295412836,-0.7096311325914295,-0.9074042316811012,-0.2533032124337253
0.8907278958951454,-1.0626938558437988,-1.7745429970633209,-1.244566519650268,-2.164551944321342,-1.7413120382275635
-0.9336062704847632,2.7794628179710767,1.4138626475273948,1.5118595481919654,0.2937361794744193,-0.8893942461167509
-0.6049403240612288,-0.20733269611345734,0.15291608642784368,0.5082839779018504,0.3823915882048847,0.45091230958305734
-0.9478960942423081,2.149091072663711,1.4737260538115466,1.1282387513842251,1.431744499036189,-0.03415048428867802
1.4623208461969446,-0.56233965282819,-0.2274243653763526,-0.34933678258552825,0.6638137857153177,0.2851189371481221
-0.5096748323442623,0.2930215069021515,1.0789816552982119,0.9400161575229431,0.9717212845639751,1.525832112659812
-0.6954425411923469,-0.56233965282819,0.40593150350494095,-0.0905177812426048,-0.18328155780244723,1.5135915766459245
-0.9621859179998531,0.06803209247917626,-0.2781844830677286,-0.40382984373183745,-0.2327569383712667,-0.7882950309981167
0.37153096603767793,-0.20733269611345734,-0.25847619848858855,-0.06056558644066754,0.3455690788011746,-0.3458847752346295
1.0574425063998367,-1.0626938558437988,-1.2338076626699896,-1.4093230357210431,-0.25866685557346636,-0.6913966854455014
-0.9526593688281565,1.148382666632493,1.340378327243615,1.2025521919032751,1.6886111739434202,0.920022968781369
-0.1095597671330029,1.338608506062076,0.6577026138242158,0.24545076134683733,1.1947542924559202,-0.6363501253478168
2.5245310788411213,-1.0626938558437988,-1.3115115661017631,-1.3321871589209533,-1.033205652306678,-0.8422699796341342
1.3575288053082815,-1.0626938558437988,-0.5336897432402715,-0.7055581537508618,0.42903821778723844,0.6679828586928318
0.8049889533498755,-1.0626938558437988,-2.3161671829145587,-2.3936353884164303,-2.495449522400594,-2.792953223838815
-0.9050266229696732,0.6480284636168839,0.32229457639079345,0.12403737350428069,0.7369457166358959,-0.4142339517143257
-0.9526593688281565,-1.0626938558437988,-1.1957969699321562,-0.4492213957791754,-0.4342179279324365,-0.6175934635419299
1.090785428500775,-1.0626938558437988,-1.5342347029490087,-1.4093230357210431,-0.4342179279324365,-1.2747189540627362
1.5004270428837312,-1.0626938558437988,-2.921394099413906,-3.178537068282631,-2.495449522400594,-3.9680882504087527
-0.88597352462628,-0.56233965282819,-0.5521901589697434,-0.2923850046642772,0.28024671793106676,-0.34422422566944294
-0.7716549345659202,-1.0626938558437988,-1.478050620924014,-1.2355061082598258,-1.4730773776884334,-1.165629485429824
-0.9383695450706115,0.7933757099177606,0.46521538769075577,0.5446686931435991,1.728774402256667,-0.3257270784011514
-0.16195578757733448,0.7933757099177606,0.4985617375999087,0.4718779313579137,0.8985893536433969,-0.2612459165360716
-0.7287854632932852,0.2930215069021515,0.1938111860211429,0.1917421411700356,0.6020258341916891,-0.18938508914676577
0.3524778676942847,-1.0626938558437988,-0.9481716322853637,-0.04082163274976683,-0.6163240061555176,-0.13679328793495615
-0.8764469754545833,0.9233932522095181,0.42928796886167553,0.30679309241870245,1.1349573003059787,-0.5607752216136841
1.7862235180346306,-1.0626938558437988,-1.3545662881158949,-1.342674461717608,-0.7489547038097792,-0.9258669091802979
0.8049889533498755,-1.0626938558437988,-2.2339897112716134,-2.90852570323601,-1.9297763763932627,-2.6333938541380344
1.0574425063998367,1.8389627090776848,0.8940864050616046,0.4296846827871931,0.8792344423053089,-0.7851394477263242
-0.8955000737979766,0.06803209247917626,0.2984783382376051,0.6356845165021715,0.9658711244403901,0.3275152593016073
-0.8002345820810101,-0.20733269611345734,-0.32775890645514305,-0.09862908693972233,0.9298611428523024,-0.4799495194242078
-0.8621571516970383,1.2471573932472422,1.0415072982916442,0.9076796960448736,1.9006733749746598,0.2184158590211369
-0.9336062704847632,-0.56233965282819,-0.6393135158096555,-0.628930039052761,0.11496791303105958,-0.5129502699973457
-0.8716837008687349,0.7933757099177606,0.6581498588075507,0.6356845165021715,0.8459198639383987,0.047501464999150415
2.019623972741199,-1.0626938558437988,-0.9959436188302784,-1.2177469234272453,0.14761602027680515,-0.22954946441577787
-0.9145531721413699,0.4832473463317343,0.6649023775199455,0.7398071791340934,0.515022285859146,0.4659025972827894
-0.7573651108083751,-0.56233965282819,-0.599066564345467,-0.19129283190488833,0.5548396384128148,-0.43501314334389163
0.8907278958951454,-0.56233965282819,-0.47133598015937694,-0.31911487911259284,0.49436057865734623,-0.18759521663753237
0.4906128306838861,-0.56233965282819,-0.00888320069876143,0.020604495472077683,0.19426264985915923,0.7088774136886762
-0.9145531721413699,-1.0626938558437988,-1.0233920505047418,-0.6855587538693905,-1.3641032303859306,-0.282844538718886
2.1577589357308002,-1.0626938558437988,-1.0531145475105574,-1.1753166534153046,-0.2327569383712667,-0.3405550376350256
0.34295131852258803,-1.0626938558437988,-0.20567118950178093,-0.11015350248998944,-2.164551944321342,1.30487801545893
2.0482036202562885,-1.0626938558437988,-1.3107070772174456,-1.1125945646346709,-0.5765066536018487,-0.8407079488640621
0.8145155025215722,0.06803209247917626,0.03703023868339367,-0.08409912948288471,0.6020258341916891,-0.17874077889314174
-0.9621859179998531,4.576237841026277,2.570491151783544,2.3113495070709074,2.7668035037885708,-0.7269864024021061
-0.8907367992121282,1.951224185270838,2.4020181123393276,2.3164931953925905,0.7523441704941772,2.000319377472612
-0.9478960942423081,1.148382666632493,0.976638668023978,0.4486085562472647,-0.7984300843785986,0.21542353330683345
-0.6239934224046221,1.0410084257512708,0.38463056068303275,2.191998364625407,-1.4730773776884334,-0.7950099584562186
0.9193075434102354,-0.56233965282819,-2.5795365168558195,-2.2553621136017923,-1.1042151012961297,-4.229360833971766
1.147944723530955,-0.56233965282819,-0.2697173244269537,0.13905464394342046,-0.09251100185985872,0.2031326611270739
1.0098097605413536,-1.0626938558437988,0.0015720403351600371,-0.835142563917442,-0.8510995740835968,1.7072705260391101
2.27207752579116,-1.0626938558437988,-1.7677324939104635,-1.244566519650268,-2.495449522400594,-1.7280884677198622
0.8716747975517521,-1.0626938558437988,-0.7901919738361459,-0.607561468882761,-0.6163240061555176,0.16994691985854765
0.9097809942385388,0.2930215069021515,0.06047834062246853,0.0314328635589002,-0.030499371057727126,-0.4472806175863995
0.1905265317754416,0.2930215069021515,-0.36813870503018825,-0.6777241933340014,-1.9297763763932627,-1.2747720122075736
0.9526504655111736,-0.56233965282819,-1.107632391831642,-1.1671456310912816,-1.3641032303859306,-1.4187700683783258
-0.9240797213130665,0.6480284636168839,0.31055972215097616,0.26558840701757386,-0.030499371057727126,-0.43691834886225644
0.20481635553298658,-0.56233965282819,0.28233881588956583,0.1526224470086616,0.26653053216275097,1.2737892865759204
0.01428537209905356,-0.56233965282819,-0.546662627469121,-0.5252432315743947,-0.37141049614817273,-0.33351770238372686
-0.9621859179998531,0.9233932522095181,0.8958346972446574,0.8544668916848261,0.9420418740895723,0.34172168453389645
-0.08574339420376127,-1.0626938558437988,-0.7301731250899364,-0.7784334276328698,-0.5385419552887978,0.2864821391181659
-0.814524405838555,1.0410084257512708,0.6068058529917355,0.5154621263934593,1.2379439384135897,-0.36586276675990087
-0.6954425411923469,0.4832473463317343,-0.053148516151956496,0.20738726084778314,-0.050650860148185636,-0.9228819953358932
-0.03334737375942969,1.148382666632493,1.190435738069435,1.0099729985394024,1.1205127844201468,0.6294715404359794
-0.8526306025253416,1.148382666632493,1.3249452091548812,1.2594925940226072,1.1858351452902547,0.8901120392123554
0.8383318754508139,-1.0626938558437988,-0.4636668413950709,-0.337550103836139,-0.28542642807626484,0.8039423845782817
-0.5334912052735039,0.2930215069021515,0.5999266462831613,0.5902817227209174,0.3580287687977862,0.5970395824479936
-0.9478960942423081,-0.56233965282819,0.06314763604383744,-0.14772874872236202,0.9359742339267227,0.8485820666462952
1.338475706964888,-1.0626938558437988,-0.6903759414333245,-0.9595222371300127,-0.5385419552887978,0.3637540898506674
-0.7240221887074368,0.4832473463317343,0.6099411184762565,0.726230632297941,0.3580287687977862,0.359440395143087
0.2857920234924081,-1.0626938558437988,-1.4752103449638259,-1.0552749034716755,-1.2679812202347571,-1.1601146815191732
0.30008184724995307,-1.0626938558437988,-0.6771022565378862,-1.0552749034716755,-0.5765066536018487,0.38952685643960766
1.119365076015865,0.06803209247917626,0.6445806926094458,0.9282478581281263,0.744681261211917,0.9983105342369912
1.1955774693894383,-1.0626938558437988,-1.0191375188228504,-0.9191504848762425,-0.7984300843785986,-0.27458375410282787
-0.7954713074951617,-0.56233965282819,-0.26310913031395966,-0.4464639178661017,-0.34173108567376953,0.21594235381870733
2.257787702033615,-1.0626938558437988,-1.5266233824738167,-1.028364981041055,-1.3641032303859306,-1.2599404816501385
-0.7240221887074368,-1.0626938558437988,-0.4943654365141482,-0.6934865851727449,-0.7489547038097792,0.7443366509146573
-0.7192589141215886,0.9233932522095181,1.264391839792748,1.0844152756216494,1.2789623122914688,1.0558349264010845
-0.8526306025253416,1.0410084257512708,1.0382897669219793,0.8302341387534762,1.110739088650213,0.46911601809287273
-0.8621571516970383,-1.0626938558437988,-1.501507305244428,-1.097795511944651,-1.3641032303859306,-1.211174008650219
-0.6859159920206502,-1.0626938558437988,-1.6017610802193585,-1.2090418326132162,-2.164551944321342,-1.4058311187475825
-0.15719251299148615,0.2930215069021515,0.47375365609674913,0.7118884419524059,0.2525798703570481,0.3525906799516783
-0.6430465207480154,0.6480284636168839,0.6856180222348909,0.32518285962050675,0.14761602027680515,0.28877838993463356
-0.2191150826075144,-0.20733269611345734,0.0009006837819166837,0.14474152704796953,0.06340800044125627,0.15635817446098865
-0.009531000830188067,-0.56233965282819,-0.398700412759488,-0.6585317997233179,0.008369586453112622,-0.046854717744327416
1.014573035127202,1.5033896233472255,1.1853648044744736,1.2865412654400772,1.557545919661766,0.18252346642009212
-0.9431328196564598,0.9233932522095181,1.0386546175922882,1.0857948699922086,1.7758051663918928,0.6183575978655342
1.8386195384789623,-1.0626938558437988,-1.9110774537147774,-2.01369247107402,-1.7476702981701815,-2.006413305158732
-0.6478097953338636,0.9233932522095181,0.6098800540325483,0.4139974411179466,1.3293784351460267,-0.21169374524448728
-0.6001770494753804,-1.0626938558437988,-1.4776080717214692,-1.4453280184619266,-0.28542642807626484,-1.164770212560899
-0.9621859179998531,1.2471573932472422,1.0269748308042432,0.9498920577626772,1.5137378802195487,0.1902842312319814
2.5483474517703626,-1.0626938558437988,-0.919721476511839,-0.36376182236793736,-0.34173108567376953,-0.08155322235060283
-0.9288429958989148,0.6480284636168839,1.0826103121884383,1.065079110736296,0.4402948630471784,1.0580139869166663
-0.16195578757733448,0.2930215069021515,-0.07496992204746433,-0.28155663657745467,1.0225671001190004,-0.7090649461185682
-0.8812102500404316,0.4832473463317343,0.36678730840241697,0.41324113216158614,0.9947113637945704,-0.11129887150633049
-0.9431328196564598,-0.56233965282819,-0.9188702479175117,-1.5237632712147509,-0.34173108567376953,-1.053939614700062
-0.9240797213130665,0.9233932522095181,0.7716817861371401,0.6175591181538591,1.0170714979205489,0.10135946526463419
-0.5525443036168971,-0.56233965282819,-0.8136488434186212,-0.4832337220583408,-0.4342179279324365,-0.8504008350104576
-0.8383407787677967,-1.0626938558437988,-1.518087887996602,-1.7153393835085484,-1.7476702981701815,-1.243367592613271
-0.8288142295961001,0.6480284636168839,0.32881356997147904,0.4340997042484594,1.262801510089559,-0.4016315308278478
1.0812588793290785,-0.56233965282819,-0.42121228088739626,-0.1151542516305691,0.2937361794744193,-0.09047736653716275
-0.8716837008687349,-0.56233965282819,-0.23232004338171067,-0.010114701776601856,0.504756819153868,0.2756281184791553
-0.6763894428489536,0.6480284636168839,0.8322849145276218,0.5885392098265633,0.6552682223705544,0.5728667216162866
-0.8526306025253416,-1.0626938558437988,-1.0896821507436667,-0.7137291760748854,-0.8510995740835968,-0.4115562939001791
-0.9145531721413699,3.0270955338045877,2.290769658605756,2.1498049999817965,2.1302971138756,0.5175453420706819
1.1527079981168034,-1.0626938558437988,-1.4939056893635512,-1.496578681853243,-1.1042151012961297,-1.1964143791019872
0.18576325718959327,0.6480284636168839,0.9464689510072363,0.9744483115023511,1.6837534581571358,0.7941247548226859
0.36676769145182964,-0.20733269611345734,-0.2954201067643374,-0.0730132379137952,1.0806954318664779,-0.4173780857150529
1.6480885550450293,-0.56233965282819,0.1836765968389618,0.1263698801428831,0.11496791303105958,1.0823810389476978
0.152420335088655,0.06803209247917626,0.17438620062692317,0.20841731513590198,0.6466322281051479,0.08716755852341257
-0.9526593688281565,0.6480284636168839,0.9046934435090666,0.8982491576818036,0.5834774484363009,0.7131669766159258
1.4575575716110962,-1.0626938558437988,-1.1745247376052899,-1.008872956395172,-0.8510995740835968,-0.5762903677622152
-0.8907367992121282,-0.56233965282819,0.10767668752508547,0.22267324105128594,1.2504673633348702,0.9349540031047157
-0.8192876804244034,1.2471573932472422,1.6413102100025454,1.9460716135750002,0.49436057865734623,1.3806443251084446
1.8576726368223555,-1.0626938558437988,-1.129084299884178,-0.8109242599259479,-0.8510995740835968,-0.488061228355118
1.790986792620479,-1.0626938558437988,-0.5633727524923384,-0.6435664516236445,-0.4342179279324365,0.6103490309247951
0.8526216992083588,-0.20733269611345734,0.28132410910331684,0.3455961043368916,0.13145521807489544,0.6998130631527736
-0.8478673279394934,3.113729365407637,3.0219608087819982,2.6905709555589903,1.3516369196682732,1.834032785619241
-0.6287566969904703,0.4832473463317343,-0.0005435865384570574,-0.6699807344047598,-0.6163240061555176,-0.8213428763247479
-0.0714535704462163,0.4832473463317343,0.3985017215545615,0.4642114630021431,0.515022285859146,-0.049927692393819036
1.833856263893114,-1.0626938558437988,-1.2972637236030393,-0.13381847868521543,-0.5385419552887978,-0.8146057460766694
-0.843104053353645,0.4832473463317343,0.3566035269199781,0.5023528454923388,1.5167327233695074,-0.13100377727654988
1.7766969688629342,0.7933757099177606,1.1966806138853034,0.9498920577626772,0.7749104149489473,1.0907533771388722
1.0050464859555053,0.2930215069021515,-0.01958460550447938,-0.021646244717921134,1.2035770145204503,-0.602047494982211
-0.45727881189993064,-0.20733269611345734,0.342234362368171,0.3909259662892057,-0.15962500745068847,0.8179034968458501
-0.9288429958989148,2.2372732423661383,1.5318936274713497,1.5757125850331333,1.254599492884371,-0.025972720949190595
0.028575195856598536,-1.0626938558437988,-1.4863826324167322,-1.2090418326132162,-0.9074042316811012,-1.1818072830127693
-0.7573651108083751,0.06803209247917626,-0.08639731311640941,-0.21613671599358233,0.40604813855664385,-0.41754684200934566
-0.8192876804244034,0.2930215069021515,0.6411029127092772,0.26841613935349573,0.14761602027680515,0.6768339837669611
-0.3143805743244809,1.2471573932472422,0.48886189753291853,0.4215136604631695,0.7132891662841367,-0.8498278587203473
0.2905552980782564,0.6480284636168839,0.20773047747736065,-0.1303858424017199,0.02713119071853385,-0.63562284546375
1.9719912268827153,-1.0626938558437988,-0.9272495870875168,-0.5936874261312558,-0.7984300843785986,-0.09617013078643272
1.5051903174695795,-0.20733269611345734,0.4077641209822236,0.22367993809031134,0.48383018942336337,0.944965730975079
-0.9478960942423081,0.7933757099177606,0.755202638478482,0.9144877560542869,0.959978724527841,0.2353748121925801
0.07144466712923346,-0.56233965282819,-1.1147386147232614,-0.6362080346042313,-0.5022651455660757,-1.4324957842350006
-0.9574226434140048,0.2930215069021515,0.23942886922570103,0.16151646855600382,1.0225671001190004,-0.10111091029865829
0.05239156878584016,0.06803209247917626,-0.1602054810560111,0.01649802841322862,0.06340800044125627,-0.5602772707340453
-0.814524405838555,0.2930215069021515,0.9139166209993722,0.8142657938132559,0.789615206340894,1.2057069643013725
-0.9145531721413699,1.5033896233472255,1.1886909598079132,0.8691287461921198,1.93540601424139,0.18896154635759224
-0.9621859179998531,2.2791086149554682,1.443574595689041,1.2025521919032751,1.693440145681078,-0.24615363653424951
-0.8955000737979766,-1.0626938558437988,-0.7356491960172791,-0.628930039052761,-0.5022651455660757,0.2758495605277709
-0.9145531721413699,1.148382666632493,0.5047137754532848,0.6000707527678826,1.64636857787381,-0.6970585877922317
-0.019057550001884718,-1.0626938558437988,-1.1526017136657154,-1.028364981041055,-2.495449522400594,-0.533723666550814
1.981517776054412,-1.0626938558437988,-0.6309498144388733,-0.43284524356104437,-0.4022101454292381,0.4791384546579919
1.1098385268441684,-0.56233965282819,-1.3345098152024735,-1.0552749034716755,-2.495449522400594,-1.8566022027182443
-0.9526593688281565,0.2930215069021515,0.5212509596587546,0.5972065334513295,-0.34173108567376953,0.44460155291396775
-0.8955000737979766,2.1025185529775836,1.6860308174114826,1.4447747278810874,0.744681261211917,0.43200538017354184
-0.9002633483838249,1.338608506062076,0.5632537749868722,0.5832841455718862,1.623086984497408,-0.8186567314974006
-0.9193164467272182,1.148382666632493,0.855714431339094,0.47602273704855574,1.3479690759998015,-0.018609167113445957
-0.8288142295961001,0.06803209247917626,0.3027962190378113,-0.0921321577047437,-0.4342179279324365,0.33588010794389356
-0.9240797213130665,1.8963695854816123,1.2841192897696383,1.299464508399161,1.3516369196682732,-0.10022295801781168
-0.8526306025253416,0.06803209247917626,0.02484023381465802,0.20428750367065854,0.3455690788011746,-0.20233206444971105
-0.8478673279394934,0.7933757099177606,0.5342114496900288,0.5186995171374149,0.7212511205834883,-0.1922977038785933
-0.7621283853942235,-0.20733269611345734,-0.3471069028326739,0.20532236007859916,0.5740427324604442,-0.5173807025396481
2.5245310788411213,-1.0626938558437988,-1.7222942439428977,-1.7732828666979545,-1.033205652306678,-1.6398635761506442
0.985993387612112,-1.0626938558437988,-0.9823739041442028,-0.5634889539830537,-1.033205652306678,-0.20320191345026306
-0.9574226434140048,0.2930215069021515,0.4300011765289794,0.5154621263934593,1.167698980199021,0.26784680154826573
-0.9383695450706115,-0.20733269611345734,-0.20148726855935933,-0.5099338225192531,-0.15962500745068847,-0.23557775848374554
0.8383318754508139,-1.0626938558437988,-1.5106426836442228,-1.3977413531144138,-0.4342179279324365,-1.2289116585231998
-0.26674782846599765,-0.20733269611345734,-0.42281330533740813,-0.5252432315743947,0.4402948630471784,-0.6638085287585034
-0.9193164467272182,1.148382666632493,0.5252323963553353,0.6023532912990344,1.5603845098019025,-0.657441460779957
1.8433828130648107,-1.0626938558437988,-0.6834434273409202,-0.6253206537153407,-0.030499371057727126,0.3772145621298817
-0.8478673279394934,0.06803209247917626,0.26032083768345465,0.6912758468485135,0.5740427324604442,0.25359930241641276
2.152995661144952,-1.0626938558437988,-1.4630909034359363,-1.1590736539023403,-0.7984300843785986,-1.1365830442875289
0.3381880439367397,-0.20733269611345734,-0.46213013013811327,-0.020193834186897963,0.02713119071853385,-0.7398293109644323
1.000283211369657,-1.0626938558437988,-1.107214296017711,-1.2820936286869784,-0.8510995740835968,-0.44559747323438376
0.8145155025215722,-0.20733269611345734,-0.2918038086185975,-0.15835551621292215,0.8921885848117497,-0.4103804149197786
-0.9621859179998531,0.7933757099177606,0.5624030657141212,0.5490029806446994,1.6412519852985017,-0.13776463690023835
-0.7430752870508301,-0.20733269611345734,-0.6067067839603201,-0.4064159827665343,-0.07131256734998571,-1.0192156103716494
-0.9288429958989148,1.778754411939859,1.3390853090449728,1.0454575710050993,1.0958555057486208,0.1470528489861141
-0.8907367992121282,1.5033896233472255,2.034111325171551,1.668979465336233,0.9775298061844006,1.8274441317090493
1.062205780985685,0.06803209247917626,0.1363495936304729,-0.14772874872236202,0.11496791303105958,0.01351760697115742
-0.9478960942423081,3.0711725515213413,1.919107718638333,1.502047978154464,1.2587108055720466,-0.2528249399119233
1.3432389815507364,-0.56233965282819,-0.6182031329766099,-0.7694342371079721,0.4176241318318146,-0.4720720181498862
-0.9478960942423081,0.06803209247917626,1.019054897091427,0.5446686931435991,-0.3130932756502835,1.7246046211429524
-0.7621283853942235,0.9233932522095181,0.5327951617355755,0.31385872861805764,0.26653053216275097,-0.3607444594632827
-0.9478960942423081,2.1025185529775836,1.8783496658338317,2.0112399254022937,0.9112422248085066,0.8045359819405917
-0.02858409917358137,1.148382666632493,1.1337869639840903,0.9867149397964757,1.1491505944436329,0.5197334700832658
-0.9097898975555215,0.6480284636168839,0.487991797348302,0.5030144749203322,0.11496791303105958,-0.09376865231546924
1.10507525225832,-1.0626938558437988,-0.29976847287826913,-0.1547943849217172,-0.15962500745068847,1.1221746184580668
1.8576726368223555,-1.0626938558437988,-2.063837707517851,-1.6287331084317012,-1.9297763763932627,-2.303019288828493
-0.8907367992121282,1.4237474552251266,1.040424437012344,1.081370069895477,0.2525798703570481,-0.0007938700841557337
-0.4286991643848407,1.2471573932472422,0.7778339273045206,0.9498920577626772,0.4623527961541478,-0.2916996591791352
0.9669402892687187,0.06803209247917626,-0.28285925364689085,-0.1134831592492632,-1.3641032303859306,-0.7973263415232418
0.21910617929053156,-1.0626938558437988,-0.7131248984105013,-1.1432174294631183,-0.6581841478671907,0.3195837209641707
-0.8288142295961001,1.0410084257512708,0.8141303126712517,1.0877215131015372,0.9112422248085066,0.035131228336641784
1.3194226086214949,-1.0626938558437988,-0.7541749250563337,-0.10519002636021549,-0.6581841478671907,0.23987919554060771
2.5388209025986663,-1.0626938558437988,-1.4913249481864292,-1.3116953893575352,-0.20764437720954537,-1.1914034992665552
2.2911306241345533,-0.56233965282819,-1.4039179477489534,-1.3116953893575352,-1.3641032303859306,-1.9903670059748684
-0.7573651108083751,-1.0626938558437988,-0.5885553820647209,-0.3961311456807502,-1.5988787983140098,0.561453336987702
-0.5525443036168971,-0.56233965282819,-0.005244809272558357,-0.0905177812426048,0.06340800044125627,0.7159337471947266
-0.7526018362225269,0.4832473463317343,0.41423619405821993,0.505654438593811,0.7822959299924696,-0.019476321158314266
-0.9193164467272182,2.1025185529775836,1.7699720362635483,1.4853166907113193,1.3405835609562786,0.5945746714806612
-0.8955000737979766,-0.20733269611345734,0.8064546514331318,0.7337553447270077,0.7212511205834883,1.7183049646265578
-0.609703598647077,-1.0626938558437988,-0.533206001753346,-0.7178525946022402,-0.6163240061555176,0.6689221123010144
-0.2762743776376943,0.6480284636168839,0.8621820251724459,0.38305436205380405,0.6290811464485883,0.630792463955965
-0.9431328196564598,-0.20733269611345734,0.4500191706046733,0.12403737350428069,0.6379038685131184,1.026906273114218
0.44774335941125115,-1.0626938558437988,-1.6555704883097895,-1.6287331084317012,-1.5988787983140098,-1.5103098167073579
-0.6859159920206502,-0.20733269611345734,-0.4873262667092881,-0.5504947862999373,-0.5385419552887978,-0.7885379396678873
0.2905552980782564,-0.56233965282819,-0.5382839993913956,-0.06520623215091452,-0.3130932756502835,-0.3172883892296653
-0.7430752870508301,-1.0626938558437988,-0.8327865289526675,-0.6040657655038771,-1.4730773776884334,0.08724347046785574
-0.8288142295961001,-0.20733269611345734,-0.8987337887463591,-0.8302279293267634,-0.07131256734998571,-1.5825900223243974
-0.9288429958989148,1.148382666632493,1.4443684341666903,1.4215441593933393,1.4514103624993995,1.1215949071117284
1.290842961106405,-1.0626938558437988,-0.6013957411267756,-0.924770180373965,-0.6581841478671907,0.5365219347711063
-0.88597352462628,-0.56233965282819,-1.0995789238421605,-1.457775669935054,-1.7476702981701815,-1.4032139012437068
-0.9526593688281565,1.6487368696481015,2.091642196451495,2.0987617799441916,2.4290929381414563,1.7623149243158316
0.13813051133111,0.7933757099177606,1.035948781956039,0.8109423685023802,1.0441867443633894,0.7792072214617203
1.9910443252261087,-0.56233965282819,-0.28148911036316704,0.18324531183710893,0.08095908209781587,0.1803140497727859
-0.43346243897068903,-1.0626938558437988,-1.334198343270841,-1.1590736539023403,-1.1819971521628492,-0.8863196174882686
1.8576726368223555,-1.0626938558437988,-1.3275337303205301,-1.4453280184619266,-1.1042151012961297,-0.8733793137725292
1.5528230633280629,-1.0626938558437988,-0.935786550443458,-1.0349912045128231,-0.9074042316811012,-0.11274587186241875
-0.6906792666064986,-0.20733269611345734,0.1050366985832486,0.6057624965154362,0.2525798703570481,0.3581249141635226
-0.7240221887074368,1.5033896233472255,1.049949812660243,1.5231027886876851,0.394305578520509,-0.07950178157072745
0.9526504655111736,-1.0626938558437988,-0.7602598100928887,-0.5314669214027508,-0.7489547038097792,0.22806451687352822
-0.3620133201829641,-0.56233965282819,-0.13153890863119708,-0.28803250574176553,-0.15962500745068847,0.47102282609818413
0.37153096603767793,-0.20733269611345734,-0.5950882604781856,-1.1432174294631183,-0.030499371057727126,-0.9967734428754194
-0.7049690903640435,-0.56233965282819,-0.4877155511063237,-0.27941193274460224,-0.37141049614817273,-0.21932857102878872
0.5572986748857627,-1.0626938558437988,-1.0719104627887561,-0.9419195391891159,-1.4730773776884334,-0.37705000802994526
2.172048759488345,-1.0626938558437988,-0.7608734666131248,-0.39104768615204105,-0.7023080742274255,0.22687301456000994
-0.843104053353645,-0.20733269611345734,-0.4840741565536025,-0.17462055726381165,-0.4022101454292381,-0.7822514452136297
-0.9193164467272182,-0.56233965282819,-1.7576347369664156,-1.1432174294631183,-2.164551944321342,-2.6702912773879635
1.6528518296308776,-1.0626938558437988,-1.641503155780675,-0.9536028206920435,-1.3641032303859306,-1.4829960691943007
1.27655313734886,-1.0626938558437988,-1.5002674435044234,-1.375165294010686,-0.8510995740835968,-1.2087666389198526
-0.9336062704847632,-0.20733269611345734,0.2020663516780882,0.27960850305719487,0.19426264985915923,0.5461743024127119
-0.8288142295961001,-1.0626938558437988,-1.0808703299413773,-0.9304377036423475,-1.4730773776884334,-0.39444687759642
-0.88597352462628,1.0410084257512708,0.7707291202867285,1.1455962835049878,0.3580287687977862,-0.04884814071655064
1.9243584810242322,-1.0626938558437988,-0.7695911072991765,-0.8705996815805336,-0.6163240061555176,0.2099464624851543
-0.6620996190914087,-1.0626938558437988,-3.4958203695564785,-3.3701131805764293,-2.164551944321342,-5.083419396172808
-0.8669204262828867,-0.56233965282819,-0.24422899798477943,-0.17828960216239312,-0.050650860148185636,0.25254169858582515
-0.9526593688281565,1.0410084257512708,0.5836872639363603,0.33631763934176717,0.5740427324604442,-0.41054833775064625
-0.17624561133487945,-1.0626938558437988,-1.3759051877255661,-2.176926860848968,-1.4730773776884334,-0.9672994490693452
-0.9621859179998531,2.1939696657924173,1.784195004321553,1.8119507413135214,1.9907556174964152,0.5136222252079685
1.4480310224393995,-1.0626938558437988,-0.7775683241133385,-1.0349912045128231,-0.7489547038097792,0.1944575497529087
-0.7144956395357402,0.7933757099177606,-0.13808335016867404,0.16041119035290075,-0.25866685557346636,-1.489485635773735
-0.7240221887074368,-0.56233965282819,-0.6914483662075807,0.0314328635589002,-0.5765066536018487,-0.613890354964323
-0.7383120124649818,1.6487368696481015,1.5319857376990065,1.7450632319298112,1.691029231542118,0.6773454649171301
-0.6763894428489536,-1.0626938558437988,-1.1119413373361418,-0.6661425107273722,0.23838657621939405,-0.454775703207137
1.119365076015865,-0.56233965282819,0.3927981248083532,-3.3701131805764293,-2.495449522400594,1.4881080268464637
-0.19529870967827276,-0.20733269611345734,-0.025562208853171536,-0.1619357934632743,-0.13663492822009354,0.10509560031968584
-0.9240797213130665,-1.0626938558437988,-0.6596969676129748,-0.9025704592087617,-0.96788329143657,0.42332172594332607
-0.8955000737979766,0.6480284636168839,0.1541196572126027,-0.08409912948288471,0.6020258341916891,-0.7391632212022395
-0.609703598647077,-0.56233965282819,-0.7700691960466056,-0.0730132379137952,-0.7023080742274255,-0.7660701585420682
0.8954911704809938,-0.56233965282819,-0.40143338328697803,-0.46601043536946785,-0.09251100185985872,-0.052150708190562126
-0.7764182091517684,0.7933757099177606,0.8240207742040516,0.9990737378177661,1.163101256249335,0.3686353758007685
1.9910443252261087,-0.56233965282819,-0.17678122449751246,-0.4717021791170215,-0.6581841478671907,0.38330203174448046
-0.7716549345659202,1.338608506062076,0.7192442529015349,0.5989265429253939,0.8857372164920676,-0.5174901735142368
0.8764380721376005,-1.0626938558437988,-1.1878158354008148,-1.2265673168066213,-0.3130932756502835,-0.6020969439988237
1.8862522843374456,-1.0626938558437988,-1.153208601408334,-0.8302279293267634,-0.11427479409411481,-0.5349020263099473
0.7954624041781789,0.06803209247917626,0.010800260369800328,-0.12357320022867532,0.7822959299924696,-0.22950197476304032
1.8005133417921757,-1.0626938558437988,-1.2604695013315772,-1.0761958899139523,-0.3130932756502835,-0.743164476384492
-0.7907080329093135,-0.56233965282819,-0.08563112598104099,0.30233869477693204,0.19426264985915923,0.5600415053570595
-0.02858409917358137,-1.0626938558437988,-0.8497948319007034,-2.90852570323601,-1.7476702981701815,0.05421940628320995
-0.014294275416036393,0.6480284636168839,1.0977172058987243,1.098625235447258,0.989024275675226,1.0873013631267072
-0.6144668732329254,0.4832473463317343,0.20032822034201705,0.09294702535407531,0.5928043367258662,-0.4332567685304829
-0.6620996190914087,0.06803209247917626,-0.47368757768959674,-0.6777241933340014,0.17900811520458537,-1.165721581370512
-0.8669204262828867,0.9233932522095181,0.27299537722687317,0.28421703331497467,0.16346300057809388,-0.8625368504596859
0.781172580420634,0.6480284636168839,0.24708475059358823,-0.018744584508276596,0.3580287687977862,-0.5595916051430996
1.3432389815507364,-1.0626938558437988,-1.2442821139588505,-1.0691489462231807,-1.1819971521628492,-0.7117343377509147
-0.1095597671330029,-0.20733269611345734,-0.7282515155073406,-1.1125945646346709,0.23838657621939405,-1.2538716660363967
-0.9193164467272182,1.0410084257512708,1.1092138290401774,0.9448021224263323,0.5644976664279658,0.6065025266480791
-0.9478960942423081,2.054119200532493,1.2278393710086453,1.1780511205566044,1.2123053741124798,-0.3969038933182532
1.805276616378024,-0.56233965282819,-0.5968767496815595,-0.7517926765739397,-1.1042151012961297,-0.4307723009894271
-0.02858409917358137,1.338608506062076,1.7601925021110885,2.012749038040194,0.4402948630471784,1.4981991355613256
-0.8288142295961001,0.6480284636168839,0.36963101060325826,0.4697958140874714,0.49436057865734623,-0.3227129088888643
-0.7144956395357402,-1.0626938558437988,-1.1137027522734257,-0.7015099348130508,-0.050650860148185636,-0.45819574341469793
2.27207752579116,-0.20733269611345734,0.472314404785002,0.4177661549937763,0.3823915882048847,1.0701433292648952
2.0339137964987435,-1.0626938558437988,-0.7254123121483593,-3.640124545623051,-2.495449522400594,0.2957259415500769
1.4099248257526131,-1.0626938558437988,-1.611722977155351,-1.3863576577143846,-1.3641032303859306,-1.4251735731253155
-0.8812102500404316,0.6480284636168839,0.672038226565447,0.4079227813024073,0.2239420603335628,0.2624820871964003
1.5528230633280629,-0.56233965282819,-0.7856094983820158,-0.6398770795028121,-2.495449522400594,-0.7961440391128454
-0.9193164467272182,-0.20733269611345734,-1.5557967879170418,-1.5521049937336002,-1.5988787983140098,-2.842344777826839
-0.5382544798593522,0.9233932522095181,0.9995798347391934,1.236814013178318,1.1397158784677761,0.5426586389999003
1.0479159572281402,-0.56233965282819,-0.09368826669042309,-0.17828960216239312,0.40604813855664385,0.5444175637722155
1.0240995842988985,-0.20733269611345734,0.03205795408013561,0.4486085562472647,0.3070062904338656,0.21671987786330682
0.3096083964216497,-0.56233965282819,-0.6405533829275999,-0.6435664516236445,-0.5765066536018487,-0.5153510549658438
-0.7144956395357402,1.4237474552251266,1.5291126935842123,1.4484623234804415,1.2504673633348702,0.9456170978472201
-0.7573651108083751,0.06803209247917626,0.8518782505081822,0.6012129999853217,0.904940310539697,1.4003147591385596
1.1146018014300167,-1.0626938558437988,-1.0307438873459664,-0.8450820016363049,-1.1819971521628492,-0.29711918636959034
-0.6620996190914087,1.0410084257512708,1.4807402514944084,1.480458083006689,1.0755788392911698,1.3266130537327971
1.891015558923294,-1.0626938558437988,-1.28048786994801,0.15930407461245516,-2.495449522400594,-0.7820330155962371
1.0669690555715334,-1.0626938558437988,-0.5045883977056282,-0.5936874261312558,-0.96788329143657,0.7244873027712221
-0.257221279294301,-0.20733269611345734,0.3141437642389102,0.0805917550927904,0.23838657621939405,0.7634407156973327
0.9621770146828703,-1.0626938558437988,-0.7532163267257359,-0.3961311456807502,-1.033205652306678,0.2417404519454161
-0.8621571516970383,2.7517307452119533,2.086628036527533,2.144147963867031,1.537394430571307,0.4433138994440814
0.5191924781989761,0.6480284636168839,0.51216300546676,0.7195760305241666,0.9112422248085066,-0.04699780688190841
-0.85739387711119,-0.20733269611345734,-0.03957526383634049,0.19279666231596018,-0.07131256734998571,0.07795198925801361
-0.6906792666064986,1.7154571887753904,1.4160497808143175,1.4800007658561805,1.0441867443633894,0.3722203889489297
-0.8526306025253416,0.2930215069021515,0.32904606966078315,-0.20839325706434073,-0.37141049614817273,0.0723578690851993
-0.5954137748895321,1.148382666632493,1.1582090774261513,1.227298985552581,1.1349573003059787,0.5670407350698713
-0.4001195168697507,0.6480284636168839,1.460688111795316,1.3347112445855989,1.125356085534786,1.7912218964159259
-0.7954713074951617,-0.20733269611345734,0.28193873933891594,0.27216786738658805,0.3580287687977862,0.7010046101242275
-0.681152717434802,0.6480284636168839,1.038786357511199,0.9867149397964757,1.1349573003059787,0.9730589074651962
1.4432677478535514,-1.0626938558437988,-1.1455584899103852,-0.9961881925946345,-1.033205652306678,-0.5200482355525846
-0.9050266229696732,0.2930215069021515,0.48482093965256196,0.4200171880030938,0.16346300057809388,0.3740287710885188
-0.8764469754545833,-1.0626938558437988,-1.1885802781810544,-0.4717021791170215,-1.033205652306678,-0.6035812195033962
-0.7192589141215886,1.0410084257512708,0.33108254915076396,0.5477674887049749,0.3200640704847356,-0.8983322782623724
-0.843104053353645,-0.56233965282819,-0.02931248669879571,0.3269080677473204,0.09814063970798567,0.6692574088152703
-0.8288142295961001,-1.0626938558437988,-0.8635031801863124,-0.8450820016363049,-1.033205652306678,0.027602678263221856
-0.9336062704847632,0.06803209247917626,-1.6292576609088132,-0.5569601765467971,-1.7476702981701815,-3.3740376410597874
-0.9145531721413699,1.778754411939859,2.3031975771925803,1.968193112958351,-0.030499371057727126,2.015637928549802
-0.08098011961791295,1.5782019406724268,0.8839736048127973,0.49636841212728633,0.3823915882048847,-0.4911532583297029
-0.9526593688281565,1.2471573932472422,1.137789989123689,1.0327446484177751,0.9298611428523024,0.40483866012334224
-0.9240797213130665,0.4832473463317343,0.8397860367529696,1.0022060576309375,1.2123053741124798,0.8047752193525013
0.28102874890655977,0.4832473463317343,0.5395723098156049,0.015123559474317977,0.02713119071853385,0.22316223585177727
-0.9526593688281565,0.9233932522095181,0.24591306180084105,-0.0378353947209304,0.8726794364411976,-0.9147872363833811
1.338475706964888,-0.20733269611345734,-0.05089240212877773,0.22468511558605905,-0.15962500745068847,0.056031346306920186
0.03333847044244686,-0.56233965282819,-0.018221269055320684,-0.2772741140081302,0.11496791303105958,0.6907672551355708
1.5814027108431528,-1.0626938558437988,-1.4650761422462955,-0.7694342371079721,-1.4730773776884334,-1.1404376707070756
-0.45251553731408234,-0.20733269611345734,0.8615289474467595,0.6897788137013939,0.6020258341916891,1.82516209184057
1.5147168666412762,-0.56233965282819,-0.8913804332854375,-0.7096311325914295,-0.96788329143657,-1.0007744406425587
1.0240995842988985,-0.56233965282819,-0.5240243024826731,-0.6855587538693905,0.2525798703570481,-0.28966648760869673
-0.9050266229696732,2.1025185529775836,1.1188447555473917,1.0860704462280866,1.0806954318664779,-0.6647846036073539
2.2958938987204016,-1.0626938558437988,-1.1284971865326432,-1.0025003722197456,-0.34173108567376953,-0.48692126341775854
-0.6001770494753804,-0.20733269611345734,-0.1727385944487162,-0.17097161682172055,0.06340800044125627,-0.17992224639224402
-0.8716837008687349,-1.0626938558437988,-0.8950620219402683,-0.2666867691524734,-0.7023080742274255,-0.033673347855308136
-0.8383407787677967,1.4237474552251266,1.0175134600791367,0.8175727153922676,-0.20764437720954537,-0.0451189287793249
-0.8764469754545833,0.4832473463317343,-0.10159689653853013,0.34223705577973634,-0.050650860148185636,-1.016358550269492
2.2196815053468284,-1.0626938558437988,-1.438122806498582,-1.244566519650268,-1.2679812202347571,-1.0881038962886473
-0.3381969472537225,-0.20733269611345734,0.4374502466608781,0.6776798290022321,-0.4342179279324365,1.0025321239727703
0.23815927763392486,-1.0626938558437988,-0.6363822424763719,-0.7178525946022402,-0.6581841478671907,0.46859061500950194
-0.5906505003036837,-1.0626938558437988,0.5486352117373171,0.5624442252314545,-1.4730773776884334,2.769472283653441
0.019048646684901884,-1.0626938558437988,-0.627678247634909,-0.6253206537153407,-0.5765066536018487,0.48549067171624644
0.6335110682593359,-1.0626938558437988,-1.3518493138279255,-1.097795511944651,-1.1042151012961297,-0.9205915131841155
0.24292255221977319,-0.20733269611345734,-0.050313895299639734,0.1980443645271289,0.2239420603335628,0.05715186054920516
-0.2619845538801493,0.06803209247917626,0.17018591157628804,0.34055115623500004,0.2239420603335628,0.07903405782521764
2.3244735462354913,-1.0626938558437988,-1.0638109154596087,-1.1835891817168884,-0.9074042316811012,-0.36132357302455104
-0.9193164467272182,-0.20733269611345734,0.5278706206149828,0.5295903894055419,0.688926346877039,1.1778900292002108
-0.5620708527885938,-0.20733269611345734,0.38785888626257514,0.16261991531136938,-0.050650860148185636,0.9063678344645872
-0.9288429958989148,2.602872755993192,2.442426207311982,2.0777184282487577,1.9099578191689086,1.30710126461606
0.009522097513205234,0.7933757099177606,0.5344306282723736,0.4514727755638178,1.0334485125604722,-0.19187376171011378
-0.9288429958989148,0.7933757099177606,0.929013478652276,0.5989265429253939,0.6552682223705544,0.5720063398387709
-0.85739387711119,1.4237474552251266,0.9794569837273945,1.0258437580151194,1.2035770145204503,-0.11873411542725407
0.914544268824387,-1.0626938558437988,0.30460692734887,0.12520464806168666,0.8921885848117497,2.295656303826735
1.5194801412271246,-1.0626938558437988,-2.9654116971257083,-1.5100322700199111,-2.495449522400594,-4.053554741482535
-0.9145531721413699,1.2471573932472422,0.5705738653921956,0.4139974411179466,0.7291361465854255,-0.6921284703177711
-0.843104053353645,-0.20733269611345734,0.12188749782468976,0.27682799812205783,0.16346300057809388,0.39077942554107487
-0.8669204262828867,0.2930215069021515,0.8442748791575893,0.7824376608802501,1.369732868234058,1.07067172400432
-0.9574226434140048,0.06803209247917626,0.452038768494201,1.114653204440845,0.8985893536433969,0.6250657768835846
-0.21435180802166606,0.7933757099177606,0.5901711936410485,0.5049954281842683,0.06340800044125627,-0.08404316646014152
1.1527079981168034,-1.0626938558437988,-1.8459808055007416,-3.640124545623051,-2.495449522400594,-1.8800188085770562
-0.9526593688281565,1.5782019406724268,1.3431175688735555,1.1305622155286223,1.0495033354306953,0.39699518963974995
-0.6144668732329254,-0.56233965282819,-0.6031237622917857,-0.6325590941621396,-0.8510995740835968,-0.4428703130724579
1.1146018014300167,-0.20733269611345734,0.34359245210418554,0.4200171880030938,0.3070062904338656,0.8205366732418018
-0.9526593688281565,0.06803209247917626,-0.5096706123521366,-0.45477084426498326,-0.4022101454292381,-1.2351212081959742
-0.7954713074951617,0.7933757099177606,1.1182428559462136,1.414178343110991,1.163101256249335,0.9387028629598483
-0.5334912052735039,1.148382666632493,0.5285296896609442,0.26841613935349573,0.3580287687977862,-0.6510745045889512
-0.6287566969904703,0.7933757099177606,0.9060411068430809,1.0857948699922086,0.804059722226726,0.5275029229733591
1.876725735165749,-0.56233965282819,0.1812858094255987,0.42226063750671394,-0.28542642807626484,1.0777430984063079
-0.41440934062729573,0.9233932522095181,1.3947794402231306,1.1222639154449001,0.515022285859146,1.3086293826940303
1.600455809186546,-1.0626938558437988,-0.6473096440734256,-0.8602749791911071,-0.9074042316811012,0.4473734945939595
0.04762829419999184,-0.20733269611345734,0.4415584325879082,0.4185173451067025,0.6201619992829226,1.0104988214868382
-0.8240509550102517,-0.56233965282819,0.29619369494966763,0.4670094921794488,0.504756819153868,1.3006699202732392
0.9097809942385388,-0.56233965282819,-0.027120322920266334,-0.15125219590779318,0.13145521807489544,0.6735087694647244
-0.7240221887074368,-1.0626938558437988,-0.11361846021041246,-0.08091285563149007,0.04547115000298754,1.48361161691098
0.20481635553298658,-0.20733269611345734,0.044448991922672,-0.2751431363033094,-0.25866685557346636,0.24072690076083839
0.8526216992083588,-0.56233965282819,-0.6472086434759545,-0.5569601765467971,-2.164551944321342,-0.5282376063536434
0.9240708179960837,-1.0626938558437988,-0.7587514711847332,-0.5834683514626465,-0.5765066536018487,0.2309931736047325
2.024387247327047,-1.0626938558437988,-0.9904529742272523,-0.37602607258281523,-0.5385419552887978,-0.21888858893987684
-0.814524405838555,-0.56233965282819,-0.03322121361408364,0.020604495472077683,-0.15962500745068847,0.6616770786808368
1.0240995842988985,-0.56233965282819,-0.3630490496198416,-0.137268900728312,-0.20764437720954537,0.02223454958187924
1.790986792620479,-1.0626938558437988,-1.1401713284911312,-1.1753166534153046,-1.3641032303859306,-0.5095882875480113
0.9478871909253254,0.06803209247917626,-0.11608767853471472,-0.19129283190488833,-0.96788329143657,-0.4749691500810841
2.1911018578317383,-1.0626938558437988,-1.5202961665267638,-1.537783367254372,-1.5988787983140098,-1.2476552826985454
-0.8240509550102517,1.778754411939859,1.756128009425347,1.551914836486757,1.1991775761436305,0.9547955512272416
1.0050464859555053,-1.0626938558437988,-1.1509858155435915,-0.7346064333275023,-1.033205652306678,-0.5305861681499504
-0.9002633483838249,-1.0626938558437988,-1.5667864370742086,-2.01369247107402,-1.9297763763932627,-1.3379228233938776
-0.6239934224046221,0.4832473463317343,0.1317709200836607,-0.08409912948288471,0.09814063970798567,-0.5657688652246844
-0.85739387711119,0.4832473463317343,0.16705106420016616,0.2356430735471889,0.23838657621939405,-0.4975841042635585
1.2670265881771632,0.06803209247917626,-0.3859488007900642,-0.422147343386051,-0.7489547038097792,-0.9964102767765014
-0.8764469754545833,-1.0626938558437988,-0.6237560301447962,-0.825349299708357,-0.6163240061555176,0.49310622057702125
-0.5906505003036837,-1.0626938558437988,-0.7505808513929416,-0.2772741140081302,-0.5765066536018487,0.24685760600912002
-0.681152717434802,2.396723788497221,2.1846811464299773,1.7921128626528553,1.4149863364251443,1.0499554329437477
-0.8478673279394934,0.06803209247917626,0.07527193147433077,0.5082839779018504,1.2749520150692093,-0.10472351512883298
-0.9097898975555215,-0.56233965282819,-0.4646564429742468,-0.5409128948793259,0.789615206340894,-0.17465400750153845
2.5245310788411213,-1.0626938558437988,-1.2169581152586884,-1.2265673168066213,-0.25866685557346636,-0.6586808679478302
1.0383894080564435,-1.0626938558437988,0.30111276531518755,1.1088209779825882,-1.7476702981701815,2.2888718861441224
0.23815927763392486,-0.56233965282819,-0.877419209017201,-1.048444792679491,-0.34173108567376953,-0.9737705073596425
-0.26674782846599765,0.4832473463317343,0.0529749780447894,-0.4274748115152992,0.17900811520458537,-0.7179975034847266
-0.6620996190914087,0.06803209247917626,-0.16767224808121983,0.030088907573990888,-0.09251100185985872,-0.5747132033704465
-0.9288429958989148,-0.56233965282819,-0.9990483563693822,-0.5039072658727841,-0.46753250629934595,-1.2089565454229325
-0.9145531721413699,1.951224185270838,2.1325147724274625,1.9134785323939627,1.669004372817309,1.4775989406094323
0.32389822017919473,0.06803209247917626,-0.6321952922013572,-0.8917420911219391,-0.8510995740835968,-1.4712484054421153
-0.9193164467272182,1.2471573932472422,0.9250705086007132,1.0495448348237224,1.6071885497121643,-0.006929773045948491
0.2095796301188349,-1.0626938558437988,-1.0501222201870044,-0.7921644288277092,-0.9074042316811012,-0.3347450041533548
-0.5096748323442623,-0.56233965282819,-0.2796947020068225,-0.17462055726381165,0.525160227938412,0.1837923188906226
-0.8955000737979766,0.4832473463317343,0.14172699060411154,0.5378001562948461,0.8857372164920676,-0.5465286516347945
-0.7287854632932852,0.4832473463317343,0.5943004926066131,0.2145644046102343,-0.5022651455660757,0.32914741627634353
-0.8240509550102517,-0.56233965282819,-0.40562464193125675,-0.40382984373183745,0.5548396384128148,-0.06027251441026943
2.38639611585152,-1.0626938558437988,0.024832209853885873,0.2276915765142575,-0.9074042316811012,1.7524334875337986
-0.6430465207480154,1.2471573932472422,1.255625583464387,0.48695106376829456,0.42903821778723844,0.6330795241703392
-0.8002345820810101,-0.20733269611345734,0.16441288369525658,0.20117325030437053,1.0003590945874612,0.4731941216291162
-0.3572500455971158,-0.56233965282819,-1.304651745260644,-1.6287331084317012,-0.5765066536018487,-1.7990307993699228
-0.45727881189993064,-0.20733269611345734,0.2952977486524774,-0.1637331763749217,-0.28542642807626484,0.7269033066342875
-0.7907080329093135,-1.0626938558437988,-1.649622660854974,-1.6793344007676652,-0.7023080742274255,-1.4987612550297382
-0.6954425411923469,-0.56233965282819,-0.4486897849541958,0.04735226621215322,-0.4022101454292381,-0.1437185173928329
-0.6954425411923469,0.6480284636168839,-0.07417888908940691,-0.46601043536946785,0.09814063970798567,-1.1795733757880935
2.491188156740183,-1.0626938558437988,-2.3890978021408493,-2.176926860848968,-1.7476702981701815,-2.934558500844603
-0.6239934224046221,1.0410084257512708,0.9224143581450931,0.2951490976603951,1.1584774827331974,0.2447269549234636
2.534057628012818,-1.0626938558437988,-0.5175554502743909,-0.5409128948793259,0.008369586453112622,0.6993099069061077
2.5435841771845142,-1.0626938558437988,-1.27721699073374,-1.1835891817168884,-0.4342179279324365,-0.7756821335921777
0.20481635553298658,-0.56233965282819,-0.6203997428913738,-0.4464639178661017,-0.5765066536018487,-0.4763256931916553
1.7576438705195407,-1.0626938558437988,-0.9468900627790882,-0.8810869843771884,-0.050650860148185636,-0.13430493658317025
2.314946997063795,-1.0626938558437988,-1.1358110759475502,-1.097795511944651,-0.25866685557346636,-0.5011222306874052
-0.8764469754545833,0.4832473463317343,0.26481842736094413,-0.20264418569278436,0.11496791303105958,-0.3085565669199027
-0.023820824587733044,-0.56233965282819,-0.7979024062136096,-0.4064159827665343,0.504756819153868,-0.8199319829859072
0.8240420516932688,-0.56233965282819,-0.3210693685087372,-0.22200397830500243,0.5928043367258662,0.10359566125156494
-0.8907367992121282,0.7933757099177606,0.41551341097752503,0.16701550859401357,-1.7476702981701815,-0.42181160668755335
0.04286501961414351,0.6480284636168839,0.6145813684006686,0.6528017310753643,1.1397158784677761,0.15123600932802964
2.18633858324589,-1.0626938558437988,-0.6823827222062798,-0.5700823738310379,-0.6581841478671907,0.37927407356699394
1.9481748539534738,-0.56233965282819,-0.7683018338406281,-0.8602749791911071,-0.010833507594516798,-0.7626497925419776
1.0812588793290785,-1.0626938558437988,-0.7436760756493178,-0.6005883165339115,-0.5385419552887978,0.2602642202983105
1.1384181743592583,-1.0626938558437988,-1.0352046618351582,-0.7829790423098484,-0.34173108567376953,-0.3057804210321177
1.7195376738327541,-1.0626938558437988,-2.3017124140294754,-2.0432942317445764,-1.1819971521628492,-2.7648872129679107
0.8526216992083588,0.2930215069021515,0.056617278050013216,0.1228680492977845,1.390931302743931,-0.4547459999897857
-0.7811814837376168,-0.56233965282819,-0.9647906529906138,-1.015307112385583,0.19426264985915923,-1.1427313387626206
1.3241858832073432,-0.56233965282819,-0.4965135193997666,-0.10354372153040099,-0.09251100185985872,-0.23637287255870337
-0.7478385616366785,0.06803209247917626,-0.08740766970484337,0.7267034260448121,-0.11427479409411481,-0.419501060316336
-0.15719251299148615,0.06803209247917626,-0.10966960567817496,-0.19505515809607082,0.789615206340894,-0.46255713057816683
1.8576726368223555,-1.0626938558437988,-1.386813882756356,-1.1125945646346709,-1.1819971521628492,-0.9884802479984434
-0.7383120124649818,-1.0626938558437988,-0.4213307546129584,-0.5129676772632263,0.48383018942336337,0.8861439805570664
0.9097809942385388,-0.56233965282819,-1.0755030135713533,-1.2630657637897924,0.04547115000298754,-1.3567033727828972
-0.41440934062729573,0.9233932522095181,1.129756528401882,1.0279516095382608,1.3442846731615765,0.7948815963609098
1.2860796865205566,0.4832473463317343,0.11583007599835385,0.07053979118837862,1.4578617308190818,-0.5965721162099371
-0.26674782846599765,-1.0626938558437988,0.2415172514368966,0.18431336333228948,1.0547855146642786,2.1731586323617456
-0.8907367992121282,3.0711725515213413,2.004017559314175,1.9364600864113215,2.1484177899352126,-0.08865650182982376
-0.7240221887074368,-0.56233965282819,-0.1052430053426692,-0.13209994879083617,1.110739088650213,0.5220116740367835
-0.20958853343581774,-1.0626938558437988,-1.2479149178471147,-1.272511737266367,-0.96788329143657,-0.7187879485163624
1.3194226086214949,-0.56233965282819,-0.6459977280787302,0.7688243751500871,-1.4730773776884334,-0.5258929404316087
-0.9097898975555215,-0.20733269611345734,0.26419494004754407,0.20117325030437053,1.0225671001190004,0.6666063959777818
-0.7954713074951617,-1.0626938558437988,-0.7570113413520927,-0.6253206537153407,-0.5765066536018487,0.23437188572306128
0.9193075434102354,-0.56233965282819,-0.5399729460594246,-0.3259684212295098,-0.7023080742274255,-0.32055989688997005
-0.7097323649498919,-0.20733269611345734,-0.2209625887377554,-0.1390008391934919,1.110739088650213,-0.27327694701157496
1.3575288053082815,1.0410084257512708,0.4432087866117927,0.8579687225299247,1.167698980199021,-0.6819294266834465
-0.7621283853942235,-0.56233965282819,-0.8886454805130644,-0.7649798394662016,-0.28542642807626484,-0.9954846253522872
1.4194513749243096,1.338608506062076,0.7195347577225422,0.8050861627324307,1.0755788392911698,-0.5169289756600793
-0.14290268923394117,0.2930215069021515,-0.2500700252362255,-0.44098298186834195,0.6466322281051479,-1.047114411775686
-0.8049978566668584,-1.0626938558437988,-1.4089042032825598,-1.3321871589209533,-0.5765066536018487,-1.0313717795724973
-0.7811814837376168,-0.20733269611345734,-0.41295202958478167,-0.607561468882761,-0.25866685557346636,-0.6447386742176147
0.3048451218358014,-1.0626938558437988,-0.9024528503080775,-0.7605550393694699,0.3455690788011746,-0.04802370315777048
0.8383318754508139,-1.0626938558437988,-1.0778349418644133,-0.9595222371300127,-0.34173108567376953,-0.3885532354743794
-0.9240797213130665,1.2471573932472422,0.7631935371658947,0.5496198681038164,1.733372126206353,-0.3200028685758205
-0.9097898975555215,0.2930215069021515,0.187530519386828,0.20221295381688867,0.8182530163643801,-0.2015372421187319
-0.9526593688281565,1.8389627090776848,1.8786659485702175,1.5372449630793061,1.9890815782581184,1.1199402055215804
-0.9193164467272182,1.5782019406724268,1.0201229679964157,0.9345040311565915,1.125356085534786,-0.22801872656876568
-0.8097611312527068,-0.56233965282819,0.08158583611133446,0.042087970303650996,0.9298611428523024,0.8843455518890583
-0.5858872257178355,0.2930215069021515,0.1311471547651131,0.21761680092997684,0.7749104149489473,-0.3106137604093025
-0.8192876804244034,1.0410084257512708,0.9416615379549671,1.1799681566829292,0.40604813855664385,0.28199180208653196
-0.9288429958989148,0.4832473463317343,0.06897075496334903,0.2356430735471889,0.3580287687977862,-0.6871014370154822
1.9862810506402604,-1.0626938558437988,-0.6357854709125977,-0.46601043536946785,-1.1042151012961297,0.46974933275376246
-0.6239934224046221,0.7933757099177606,0.5933089490262206,0.6340569882839209,-0.4022101454292381,-0.07797226273179254
-0.9478960942423081,1.4237474552251266,0.9202481973391117,0.8017164909530455,1.404763732917046,-0.2332359082460132
0.2524491013914698,0.7933757099177606,1.8420131203630834,1.7552271954829286,-0.050650860148185636,2.342478674974342
-0.9431328196564598,1.0410084257512708,0.7794777067508109,0.841069032206796,1.636103111168532,-0.03192141260300737
-0.8907367992121282,1.4237474552251266,1.6302883263690826,1.5358441843455253,1.862441848526975,1.141731876392842
-0.5382544798593522,-1.0626938558437988,-0.9026823374219636,-0.43554678870424046,-0.37141049614817273,-0.04846928536557092
-0.6239934224046221,-0.20733269611345734,-0.5177245038979437,-0.2666867691524734,0.7599357958664912,-0.8472931805728583
0.8240420516932688,-0.56233965282819,-0.5735787964321588,-0.3056158365269802,-0.030499371057727126,-0.38565096123980136
-0.6859159920206502,0.9233932522095181,0.19588218443747046,-0.14247828816345753,1.2252253353937057,-1.011279277511934
-0.9193164467272182,3.688485706152411,2.7652936354185353,2.4150025273943863,2.1074278390035275,0.6701828470017541
1.614745632944091,-1.0626938558437988,-3.3758464590878883,-3.640124545623051,-2.495449522400594,-4.850472809326223
-0.15719251299148615,-0.56233965282819,-0.8044158118352789,-0.590263614144485,0.688926346877039,-0.8325354890276472
-0.019057550001884718,-0.56233965282819,-0.7418795481033765,-0.45477084426498326,-1.1819971521628492,-0.7115116957957852
-0.8192876804244034,0.4832473463317343,0.8635396685149224,0.5115563676047621,-0.050650860148185636,0.8508148148774691
-0.8764469754545833,2.504098029378443,2.1151881030928434,1.6016174445389013,1.7077579487582542,0.7888756310626531
-0.24293145553675602,-0.56233965282819,-0.12678006420503887,-0.9419195391891159,-1.033205652306678,0.48025023932893407
-0.9240797213130665,2.1025185529775836,1.5744911368227068,1.5125859909000854,1.441636666729465,0.21606524647115674
0.3191349455933464,-1.0626938558437988,-0.6798010695419628,-0.5009143171741254,-0.5022651455660757,0.3842867231857916
-0.6573363445055603,0.06803209247917626,-0.6048368383198799,-0.5971289323153811,0.5834774484363009,-1.418549774466788
0.3381880439367397,-1.0626938558437988,-1.434718458259341,-1.3321871589209533,-1.9297763763932627,-1.0814938649937522
-0.8478673279394934,0.2930215069021515,1.1207507588716068,1.1349289850415085,0.825258156736599,1.6068512395466845
-0.85739387711119,0.9233932522095181,1.0916360345710805,1.24163009571438,1.3661456367768503,0.7210117595735697
0.5525354002999143,-1.0626938558437988,-1.044801708241162,-1.1835891817168884,-0.34173108567376953,-0.3244144656786176
-0.9431328196564598,-0.20733269611345734,-0.16921045035906973,0.48830458042225755,0.13145521807489544,-0.17309155346390637
-0.9097898975555215,-0.56233965282819,-0.7732564979000163,-0.5767417289709887,0.744681261211917,-0.7722384568733547
1.2956062356922533,-0.20733269611345734,-0.33933764607952027,-0.49201534335162384,0.49436057865734623,-0.5023505101035801
1.509953592055428,-1.0626938558437988,-1.4809655136622395,-1.272511737266367,-1.4730773776884334,-1.1712891685371052
0.34295131852258803,0.2930215069021515,0.9552791554810524,0.7200535708562084,0.3200640704847356,1.2859169072697558
-0.8478673279394934,1.5782019406724268,0.9841186069166141,0.8302341387534762,1.3874362488259306,-0.29762573853221985
-0.7716549345659202,1.778754411939859,1.0060455120713931,0.811358704848855,1.617821844670073,-0.49692827569257747
-0.9288429958989148,0.06803209247917626,-0.7923584551555105,-0.40382984373183745,0.5351737749496048,-1.7794175659260392
-0.9478960942423081,4.069473102538249,3.6185844028067944,3.36709906441284,0.9237019148051182,1.884648493938345
-0.6287566969904703,0.7933757099177606,0.7875260058578546,0.9162678425579543,0.688926346877039,0.2979620822873493
0.04762829419999184,-1.0626938558437988,-0.6245387848493635,-1.4093230357210431,-1.5988787983140098,0.491586389840031
0.985993387612112,0.06803209247917626,0.2612898482201212,0.35886538449474825,0.47316214414747326,0.25547628727780847
-0.7859447583234651,0.2930215069021515,0.9709559656718135,0.7444252972569741,1.0652483995479596,1.316318748415247
-0.7144956395357402,-1.0626938558437988,0.014618550152565506,-0.26458935020759283,0.008369586453112622,1.7326021995700878
-0.5954137748895321,0.2930215069021515,1.0796715325411537,1.0087363594384438,1.1349573003059787,1.5271702225524677
-0.7478385616366785,0.06803209247917626,0.21366047160598878,0.3766893915955373,1.1722709464564516,0.16322482938221566
-0.11432304171885123,-1.0626938558437988,0.17202365299237596,0.06417938023388478,0.4176241318318146,2.0382268250870594
0.8097522279357239,-0.20733269611345734,-0.1254077710643485,-0.22004247478227895,-0.37141049614817273,-0.08827924064487723
-0.5192013815159588,0.06803209247917626,0.3694760948095473,-0.08409912948288471,-0.010833507594516798,0.4650700158668391
1.3146593340356465,-1.0626938558437988,-1.1189354812261088,-0.7015099348130508,-0.9074042316811012,-0.468355838594224
-0.9193164467272182,0.7933757099177606,0.8423693929002547,0.7276480077131073,0.8182530163643801,0.4041715319329153
-0.4668053610716273,-0.20733269611345734,0.41667598247993504,0.5244874528301519,0.3329162076360649,0.9622470148050851
-0.5954137748895321,-1.0626938558437988,-0.09075747375614077,-0.036347282449173374,-0.34173108567376953,1.5279995071253514
-0.14290268923394117,-0.20733269611345734,0.3655572739899643,0.4033301426544669,0.394305578520509,0.8631248418108972
1.3908717274092197,-0.56233965282819,0.7417813087630865,0.07432708081543056,-0.3130932756502835,2.165351300752769
-0.9336062704847632,3.004452232394052,2.170395007074407,1.9449346319696306,0.8390905869097138,0.31081797057914007
0.04762829419999184,1.148382666632493,1.0334958674710297,0.7503813669154754,0.8459198639383987,0.32550423370683806
1.0717323301573818,-0.56233965282819,-0.34314539577960024,-0.33057695148728955,-0.2327569383712667,0.060808893505762185
-0.8621571516970383,1.2471573932472422,0.5457261561542258,0.30679309241870245,0.47316214414747326,-0.740094320303509
2.2196815053468284,-1.0626938558437988,-1.6228254234114008,-1.581706754404157,-1.4730773776884334,-1.4467305678993714
0.25721237597731816,-1.0626938558437988,-1.6636860885856812,-1.662036546029389,-1.5988787983140098,-1.5260674208155867
0.8430951500366621,-0.56233965282819,0.07067549599913125,0.15930407461245516,-0.2327569383712667,0.8631832980423916
2.510241255083576,-1.0626938558437988,-0.6715673552538803,-0.6816299521226986,-1.1819971521628492,0.4002736626211026
1.7243009484186025,-0.56233965282819,-1.0080779666905053,-1.0621757938743313,-1.1042151012961297,-1.2264098195093578
0.3762942406235263,-1.0626938558437988,-0.7617239997808883,-0.003007590940460633,-0.7984300843785986,0.22522158219728627
-0.8669204262828867,-0.56233965282819,0.2044213127932407,-0.017298481954126452,0.19426264985915923,1.1226247264383131
-0.9193164467272182,0.4832473463317343,0.7396083405911135,0.7031324798985598,0.9717212845639751,0.610640271400981
0.5001393798555828,-1.0626938558437988,-0.604227282659304,-0.5440915642296101,-0.46753250629934595,0.5310240900068521
-0.6430465207480154,-0.20733269611345734,0.12956455303032222,0.13905464394342046,0.2239420603335628,0.40565697823769903
0.05715484337168849,-0.20733269611345734,-0.0875387445868292,-0.47744299022617503,-0.050650860148185636,-0.014944728654302226
-0.8812102500404316,2.0037438263628347,2.001249817782667,2.081684152979623,0.7369457166358959,1.1603590330941698
1.2384469406620733,-0.56233965282819,-1.7074105616991648,-1.8593288304548332,-1.7476702981701815,-2.573961092116834
-0.47156863565747564,1.0410084257512708,0.929268327492952,1.0336395152460456,0.6201619992829226,0.25799673936771217
-0.7621283853942235,-1.0626938558437988,-1.0052317767018553,-0.9080513952065213,-1.033205652306678,-0.24758375758689646
-0.9478960942423081,-0.20733269611345734,0.026531314465249277,-0.07144449757821417,0.28024671793106676,0.20601257309143017
-0.10003321796130625,-0.20733269611345734,2.7795664199931225,-0.9025704592087617,-2.495449522400594,5.548391370905664
-0.5668341273744422,-1.0626938558437988,-0.5507202977470239,-0.2122537314380398,-0.46753250629934595,0.6349155899094964
0.6239845190876392,0.6480284636168839,0.6679833818763659,-0.3710932354756463,-1.033205652306678,0.2546304272786519
-0.9240797213130665,0.4832473463317343,0.3805761464924673,0.23860057640014626,0.17900811520458537,-0.08461692701783115
1.5623496124997593,-0.56233965282819,-0.3320302514676119,-0.22004247478227895,-0.37141049614817273,0.08235147722832901
-0.8192876804244034,-0.56233965282819,-0.1594195907954692,-0.23992245747263113,-0.13663492822009354,0.41696377337619284
-0.02858409917358137,-0.56233965282819,0.09172048347656432,0.19699812713282683,0.37030108791939076,0.9040035219264704
-0.8812102500404316,0.9233932522095181,0.9183624947612439,0.8702726284622051,0.9112422248085066,0.38534814494666436
-0.8812102500404316,0.2930215069021515,0.35277314681116456,0.6097179682648147,0.6201619992829226,0.11829618842708729
0.5144292036131277,0.9233932522095181,-0.04402457798907057,-0.23790753925010832,-0.20764437720954537,-1.4732780237175425
0.20481635553298658,-0.20733269611345734,0.08403844755948417,-0.4012537091284656,0.08095908209781587,0.31743530521505087
-0.8526306025253416,0.4832473463317343,0.3941859487728099,-0.2239712765289708,-0.46753250629934595,-0.058279753749078095
-0.8288142295961001,0.2930215069021515,0.746051277267948,0.5365436842909709,0.7749104149489473,0.8802481087285692
1.9434115793676254,-1.0626938558437988,-1.0390006314966052,-1.244566519650268,-1.3641032303859306,-0.31315084159233403
-0.9193164467272182,-0.20733269611345734,1.0098357376542932,1.0659315921386043,0.49436057865734623,2.1129391853278183
-0.8240509550102517,1.2471573932472422,0.9868075773911967,1.338870956923852,1.0388352901548052,0.11253837327653228
-0.8812102500404316,-0.56233965282819,-0.36255706347492234,-0.43554678870424046,-0.13663492822009354,0.023188021392198055
-0.8812102500404316,0.06803209247917626,0.3161900391073348,0.21047265616408997,-0.09251100185985872,0.36182809951009004
-0.8955000737979766,0.7933757099177606,0.7589266416845113,1.2505136270112176,0.6111442960103195,0.24258515280956217
-0.32867039808202586,-1.0626938558437988,-0.9257969536535944,0.7416582712627576,-2.495449522400594,-0.09334963423805978
0.20481635553298658,-1.0626938558437988,-0.8644825743464478,-1.1125945646346709,-0.8510995740835968,0.025701043767105785
-0.32867039808202586,-1.0626938558437988,-0.6483811128276403,-0.3100851819238715,-0.5385419552887978,0.4452930840427637
-0.7287854632932852,-0.56233965282819,-0.47160571023704456,-0.573403727172404,-0.3130932756502835,-0.18811779733827141
-0.4239358897989924,1.148382666632493,1.1887169110017866,0.9711823414224589,1.0600337246646783,0.6261416011494159
-0.9336062704847632,0.2930215069021515,1.2156082864749413,1.1151808827287528,1.02802594216148,1.7908619557859629
-0.85739387711119,0.06803209247917626,-0.48263879523219233,-0.014415663752938287,-0.25866685557346636,-1.182987714567943
-0.8478673279394934,2.054119200532493,2.159284090182517,1.9183124594723715,1.0388352901548052,1.4066904442236785
1.5909292600148495,-0.56233965282819,-0.484784820216903,-0.36376182236793736,-0.4022101454292381,-0.2136507649028585
-0.652573069919712,-0.56233965282819,-0.15105507448654645,-0.011545271530833248,-0.34173108567376953,0.43318179032746273
-0.681152717434802,0.2930215069021515,0.5173700062543168,0.8046658850507654,0.5928043367258662,0.4370829308386435
-0.7287854632932852,2.0037438263628347,1.4976727179947538,1.4220434196675023,0.5834774484363009,0.18484922581927046
-0.15719251299148615,-1.0626938558437988,-0.7089135100455437,-0.5800965469704935,-0.5022651455660757,0.3277607366309154
0.914544268824387,-1.0626938558437988,-1.7313727457745498,-1.1125945646346709,-1.3641032303859306,-1.657490791993688
-0.8812102500404316,0.2930215069021515,0.08020399649743601,0.2415450025581401,0.13145521807489544,-0.4091384056274738
-0.3572500455971158,0.2930215069021515,0.5267802398446203,0.4718779313579137,0.06340800044125627,0.4553136540380839
-0.8955000737979766,1.0410084257512708,0.4366167051259068,0.5359145581558502,0.09814063970798567,-0.6946575069587169
0.1714734334320483,-0.56233965282819,-0.7647087160588744,-1.1432174294631183,-0.7023080742274255,-0.755695968633101
-0.9526593688281565,0.06803209247917626,0.279776779558006,0.33034513325857606,0.3070062904338656,0.2912868235124733
1.5147168666412762,-0.56233965282819,-0.04486296415823951,0.1548571134160529,-0.15962500745068847,0.6391001152499006
0.9097809942385388,-1.0626938558437988,-0.40377173146830464,-0.3011762869875189,-0.2327569383712667,0.9202373471392796
0.17623670801789662,-0.56233965282819,-1.1527635009327681,-0.5440915642296101,-0.9074042316811012,-1.50592898648155
-0.7192589141215886,0.7933757099177606,0.9525315138968989,0.9636092614466233,0.7291361465854255,0.6175700817414721
1.2146305677328315,0.6480284636168839,0.33514897454254455,0.6186717833492137,0.04547115000298754,-0.3893835524369304
-0.7478385616366785,0.4832473463317343,0.7971157357516154,1.0099729985394024,0.8182530163643801,0.7220779275026741
0.10955086381602007,-0.56233965282819,-0.32038573329914255,-0.25833644074980294,-0.34173108567376953,0.10492068942441865
-0.9288429958989148,2.2791086149554682,1.914343614217421,1.602886608186825,1.262801510089559,0.6649630736705797
-0.9478960942423081,0.06803209247917626,0.2258342246903796,0.31297961302570376,0.2092372689416153,0.18680226883243195
-0.18100888592072778,-0.56233965282819,0.3022976206714328,0.7567365750008148,0.6201619992829226,1.3125126150617665
0.17623670801789662,-1.0626938558437988,-0.24702124742430417,-0.16915461715558652,-0.3130932756502835,1.2245909361986251
-0.9145531721413699,-1.0626938558437988,-0.775204496426585,-0.6146084125735326,-0.5765066536018487,0.19904726087736901
-0.32867039808202586,0.2930215069021515,0.4173688915674493,-0.14422384608164443,0.3200640704847356,0.24338177029658464
-0.88597352462628,1.338608506062076,1.6934961882388941,1.709945291641765,2.0040257284558614,1.3688638276491936
1.0479159572281402,-0.56233965282819,0.6311516099209135,0.3464332257098506,0.23838657621939405,1.9506433040932347
-0.9193164467272182,1.4237474552251266,1.3048861692982565,1.2288572378936982,1.3218219566908573,0.5111723240083113
-0.8192876804244034,-1.0626938558437988,-0.7108067225327132,-0.5767417289709887,-0.5022651455660757,0.3240847925415802
-0.609703598647077,-0.20733269611345734,0.31131800448256547,-0.23189910783232578,1.1156405679037118,0.7579622294325294
0.8573849737942072,-1.0626938558437988,-0.5991989193187736,-0.5971289323153811,-0.4342179279324365,0.5407873799840321
-0.9621859179998531,-0.20733269611345734,0.06787489908824039,0.15597164081343942,0.16346300057809388,0.28611581616622983
-0.9478960942423081,0.2930215069021515,0.8065506186158152,1.3263130483175387,1.0441867443633894,0.997532032036035
-0.7526018362225269,-0.56233965282819,-0.2676877846941851,-0.5099338225192531,-1.033205652306678,0.20706681401764987
-0.9574226434140048,2.469334454385051,2.349752091473567,2.232219211865362,1.856549448614425,1.2843991673554855
0.7335398345621507,0.06803209247917626,-0.28805737905469614,-0.2858668779323768,-0.7023080742274255,-0.8073683928168724
0.8812013467234487,-1.0626938558437988,-1.4422050704332323,-0.7875558985699295,-0.18328155780244723,-1.096030198319393
2.5150045296694246,-1.0626938558437988,-0.7477693322844696,-1.2265673168066213,-0.96788329143657,0.25231657435994304
-0.8812102500404316,-0.56233965282819,-0.7675865562331898,-0.6181600474695478,-0.28542642807626484,-0.7612655121533068
-0.638283246162167,0.9233932522095181,0.6108098337863938,0.4377566599761337,1.4250824714890833,-0.20989553841467679
0.8097522279357239,-1.0626938558437988,-0.4254448447457193,-0.7178525946022402,-0.34173108567376953,0.8781558833894177
1.2622633135913148,-1.0626938558437988,-1.2021329219076646,-0.8061845248673303,-0.96788329143657,-0.6298956247480946
0.5620619494716109,0.2930215069021515,0.4507570627110338,0.40102189089975154,1.4862779267631314,0.30804718122466485
-0.843104053353645,-1.0626938558437988,-1.5274350849981033,-1.457775669935054,-1.5988787983140098,-1.2615165187387758
0.8526216992083588,-0.56233965282819,-0.31321414339317166,-0.18755164248920142,0.26653053216275097,0.11882086441589992
0.9717035638545669,-1.0626938558437988,-1.7236222378747779,-1.7534028840076028,-1.7476702981701815,-1.6424420671957074
0.6096946953300942,-1.0626938558437988,0.2813579554603142,-0.3236760610846338,-1.5988787983140098,2.250515084140067
-0.9240797213130665,0.2930215069021515,0.44915958989593957,0.8163345434251007,0.7523441704941772,0.3049530659041506
0.8478584246225105,0.6480284636168839,0.38873066483217616,0.38305436205380405,0.394305578520509,-0.28577831957043
0.5715884986433076,-0.56233965282819,-0.43487420353598527,-0.1407372938005892,-0.15962500745068847,-0.11694959491406554
-0.6239934224046221,-1.0626938558437988,-0.9897089181012606,-0.02602258005974685,-0.46753250629934595,-0.2174438970539901
2.21491823076098,-1.0626938558437988,0.08768353998165238,-0.034862488156247595,0.17900811520458537,1.8744683764096117
1.062205780985685,-1.0626938558437988,0.058312845005585874,0.01786966631215623,-0.37141049614817273,1.8174409516864836
0.2715021997348631,-1.0626938558437988,-2.2207134441180525,-1.8149170458027784,-1.9297763763932627,-2.6076160737238907
-0.8812102500404316,1.338608506062076,1.561790964892568,1.62348595312119,1.362542567601826,1.113513296177077
0.781172580420634,-0.20733269611345734,-0.050598641208530575,0.2166008892691871,0.08095908209781587,0.05660033377837814
-0.652573069919712,0.2930215069021515,0.22915677310566065,0.2503009646119862,-0.7984300843785986,-0.12098992863009664
-0.23340490636505937,1.148382666632493,0.8954421827361038,0.6125289895958319,0.504756819153868,0.058264599902500935
1.643325280459181,-0.20733269611345734,-0.2281168677110715,-0.3078467597675524,-0.18328155780244723,-0.28712500692840787
-0.8288142295961001,0.06803209247917626,-0.1782327516283642,-0.014415663752938287,0.4402948630471784,-0.5951293499261093
-0.6335199715763187,-1.0626938558437988,-0.7530761498637008,0.22869072143461702,-0.5385419552887978,0.24201262546579586
-0.9002633483838249,0.2930215069021515,0.3428255983088694,0.27682799812205783,-0.28542642807626484,0.09903608471108447
-0.9574226434140048,1.5782019406724268,1.234281783139929,0.921579728987713,0.3070062904338656,0.18628926002179458
2.4864248821543344,-1.0626938558437988,-0.7535201358913333,-0.4688502263019278,-0.46753250629934595,0.2411505627944983
-0.9621859179998531,2.833124546422069,2.180333953083708,1.7849166616067378,0.6201619992829226,0.5297102358332612
1.1003119776724717,-1.0626938558437988,-0.03517911891594899,0.34223705577973634,-0.030499371057727126,1.6359128693888962
1.2384469406620733,-0.20733269611345734,-0.28956352449282274,-0.33057695148728955,-0.18328155780244723,-0.40604532297026136
-0.3953562422839024,0.2930215069021515,0.467883455502648,0.7453450901718426,0.23838657621939405,0.34122001006020897
-0.6763894428489536,-1.0626938558437988,-0.4084128807888403,-0.7875558985699295,-0.6163240061555176,0.9112258888227053
-0.9526593688281565,2.2372732423661383,1.9059886426083714,1.9558449765546353,1.5226896391793603,0.6982604374142951
-0.9526593688281565,-1.0626938558437988,1.0793172510300195,0.7248102336837228,-2.495449522400594,3.7998677193876538
1.0955487030866233,-0.56233965282819,-0.7459164218215175,-0.855172042615717,-0.15962500745068847,-0.7193251067883007
-0.9145531721413699,0.4832473463317343,0.5546706104248934,0.5365436842909709,0.04547115000298754,0.2523991240728151
-0.5287279306876556,0.2930215069021515,-0.31049998068785173,-0.2439706764104422,-0.3130932756502835,-1.1636662001773292
-0.6859159920206502,1.0410084257512708,0.9247978711450483,0.4244965544292731,-0.7023080742274255,0.24934156922271786
1.3908717274092197,-1.0626938558437988,-0.33943028144755705,-0.5868573153390715,-0.25866685557346636,1.0451655179103512
-0.5525443036168971,0.6480284636168839,0.5411531607424845,0.8362752745090047,0.04547115000298754,0.009104511302638616
1.0336261334705952,-0.20733269611345734,1.4003405444642107,-3.178537068282631,-2.495449522400594,2.870826202650566
-0.843104053353645,1.5033896233472255,1.1744527614601348,1.4513340910744283,1.0334485125604722,0.16140284980809896
0.7335398345621507,-1.0626938558437988,-0.7392847254270245,-0.4012537091284656,-1.1819971521628492,0.2687906577707227
-0.5620708527885938,-0.56233965282819,-0.2131543334695516,-0.14772874872236202,-0.09251100185985872,0.3127835523414873
-0.9193164467272182,0.06803209247917626,-0.5335514985823794,-0.7096311325914295,-1.9297763763932627,-1.2811668180238294
1.014573035127202,-0.20733269611345734,-0.17979345528165933,-0.06520623215091452,-0.6163240061555176,-0.1935805820748668
-0.9621859179998531,0.4832473463317343,0.07467273660544503,-0.18755164248920142,-0.34173108567376953,-0.6760871288512457
2.510241255083576,-1.0626938558437988,-1.1526826028046513,-1.0691489462231807,-0.9074042316811012,-0.5338807244374372
0.10478758923017174,-0.20733269611345734,0.21445863132165283,0.38384572277021917,0.37030108791939076,0.5701945352780442
-0.681152717434802,-0.56233965282819,0.015285509618426106,-0.4492213957791754,0.17900811520458537,0.7557512100222329
0.18099998260374495,-0.56233965282819,-1.0428860640036663,-1.1432174294631183,-1.3641032303859306,-1.2936808660102825
0.5525354002999143,-0.56233965282819,-0.7127932781154448,-0.36619666955760927,-0.5022651455660757,-0.6552109291432833
-0.9574226434140048,0.7933757099177606,0.465719132645539,0.6496255884988531,0.7749104149489473,-0.3247530877662472
-0.7430752870508301,0.6480284636168839,0.7400861093477229,0.33034513325857606,0.5740427324604442,0.39426482283732034
-0.5477810290310489,-0.56233965282819,-0.4279215166634413,-0.5160154169742984,-0.4342179279324365,-0.10347774460870549
1.7147743992469058,-1.0626938558437988,-0.523359489351213,-0.6040657655038771,-0.3130932756502835,0.6880405310260584
-0.9145531721413699,1.951224185270838,1.8717291005041268,1.7480267861142191,0.9717212845639751,0.9720240668510138
-0.1286128654763962,-0.56233965282819,-0.1781691204574565,-0.36864045198634376,-0.37141049614817273,0.3806111485686334
-0.7192589141215886,0.4832473463317343,0.5154421920973763,0.7195760305241666,0.7822959299924696,0.1764392407817693
0.7764093058347856,0.06803209247917626,0.6229383343084394,-0.4382593381350067,-0.5385419552887978,0.9563489020209048
0.5525354002999143,1.148382666632493,1.0183870684892187,1.4938842409989088,0.688926346877039,0.2962498430044322
0.10955086381602007,0.2930215069021515,0.3504323739510825,-0.1355414549749615,-0.37141049614817273,0.11376399722539254
0.738303109147999,0.2930215069021515,-0.00369939298190705,-0.04231978853236449,-0.4342179279324365,-0.5713463920133772
0.14765706050280666,-1.0626938558437988,-0.5526334704779376,-0.4890752504323799,-0.46753250629934595,0.6312008901387407
0.5144292036131277,-1.0626938558437988,-1.2595320705084416,-1.2537519061681288,-1.2679812202347571,-0.7413443197370901
-0.7907080329093135,0.9233932522095181,0.7596638982506946,0.6296973657444076,0.5834774484363009,0.0780991426668643
-0.652573069919712,0.4832473463317343,1.3473754746417683,1.3086005832087175,1.1991775761436305,1.7890580570673829
1.8243297147214173,-1.0626938558437988,-1.2315504149540926,-0.9419195391891159,-1.1819971521628492,-0.6870139146494861
0.1714734334320483,-0.56233965282819,-0.5176568777373571,-0.19694432238289827,-0.46753250629934595,-0.2773319880535459
1.9910443252261087,-1.0626938558437988,-0.9098035873382709,-0.6040657655038771,-0.8510995740835968,-0.06229621536732009
-0.4286991643848407,-0.56233965282819,-0.26048018318910365,0.24836512032870028,-0.37141049614817273,0.22103850475420028
0.943123916339477,-1.0626938558437988,-1.9475125251271932,-2.3936353884164303,-2.495449522400594,-2.077157231849826
0.3524778676942847,-1.0626938558437988,-1.0832195431301554,-0.5834683514626465,-0.8510995740835968,-0.3990082125730278
0.07144466712923346,1.5782019406724268,0.8383754456251155,0.8426593134747833,1.0908333739457432,-0.579226960740702
0.4572699085829478,-1.0626938558437988,-0.7291099611317132,-0.3735550865770224,-0.7984300843785986,0.288546424714585
-0.9574226434140048,0.06803209247917626,0.3475382781474329,0.5446686931435991,0.6552682223705544,0.4225634734642087
-0.8288142295961001,-0.20733269611345734,0.14699033143645543,0.25415585216086667,0.13145521807489544,0.4394279241979533
-0.9193164467272182,-0.56233965282819,-0.08368192243519694,0.1526224470086616,0.11496791303105958,0.5638213215919896
-0.7526018362225269,1.2471573932472422,1.1842771782332033,1.2760604355555631,0.9420418740895723,0.4948709721072074
-0.6478097953338636,1.148382666632493,0.9077633422294606,1.299264499397959,0.8526924658156667,0.08210908752626847
1.0431526826422919,-1.0626938558437988,-0.7734006154584983,-0.5834683514626465,-1.7476702981701815,0.20254975498589725
-0.6144668732329254,-0.56233965282819,0.04152976839105528,0.09294702535407531,0.23838657621939405,0.806652375347595
-0.6573363445055603,-0.20733269611345734,0.029511183458377707,-0.00018584958082413873,0.04547115000298754,0.2117857455263351
-0.32867039808202586,0.7933757099177606,1.2084880499657018,1.234833714451366,0.4402948630471784,1.1136441832511095
0.16671015884619997,-0.20733269611345734,-0.08385890724463506,-0.18197897428322476,0.06340800044125627,-0.007818082572283346
-0.3858296931122058,-0.20733269611345734,0.07881207834826767,0.05646581949932109,-0.9074042316811012,0.30730821387349117
0.9907566621979602,-0.20733269611345734,0.561006054097503,0.5409310034557583,0.7291361465854255,1.2421578359273402
-0.814524405838555,1.7154571887753904,1.7164836695541519,1.5676067825028555,1.6071885497121643,0.954234279327999
2.0863098169430754,-1.0626938558437988,-1.9403167979532103,-1.5100322700199111,-1.9297763763932627,-2.063185693550277
-0.9240797213130665,1.8963695854816123,2.288238353679101,2.1591645589338744,1.1947542924559202,1.8452946257520564
-0.7954713074951617,0.2930215069021515,0.6373352110702302,0.7370208572260702,0.7523441704941772,0.6695322926173697
-0.8907367992121282,0.7933757099177606,0.6204253703878654,0.8067646260393999,0.7212511205834883,-0.02550383257706867
-0.3620133201829641,-0.20733269611345734,0.15800588161055193,0.27216786738658805,0.3455690788011746,0.4607767042417212
-0.6478097953338636,0.9233932522095181,1.0495022179049096,1.0279516095382608,0.959978724527841,0.6393740780262034
-0.257221279294301,-0.56233965282819,-1.188240426725251,-1.0833182034157367,-1.4730773776884334,-1.5744225052723546
0.3810575152093746,-0.56233965282819,-0.17769206388189712,-1.2537519061681288,-1.033205652306678,0.3815360754960975
-0.16195578757733448,-0.56233965282819,-0.2474176836356887,-0.7968050745379561,-0.20764437720954537,0.24636028910276606
1.4766106699544896,0.06803209247917626,0.21827643287118084,0.19279666231596018,0.14761602027680515,0.17216464603416753
-0.49062173400086895,2.1025185529775836,1.6762508813831187,1.4953760202170518,1.2079528633020173,0.41306771478102633
-0.32390712349617756,0.06803209247917626,0.3952238771486433,0.3555727698042264,0.5928043367258662,0.5149620711478576
0.576351773229156,-0.20733269611345734,-0.5361132842572863,-0.5129676772632263,-0.5022651455660757,-0.8828304627442435
-0.45727881189993064,-1.0626938558437988,-1.2497612489493815,-1.1051539289640642,-0.96788329143657,-0.7223728656602808
-0.6620996190914087,-0.56233965282819,-0.02311556467435353,-0.04231978853236449,0.17900811520458537,0.6812754141827799
-0.24769473012260435,0.06803209247917626,0.9750524998774098,0.7991780000856566,1.1768174420176516,1.639241898186627
0.6430376174310325,0.2930215069021515,-0.019857579455244485,-0.4603669273182571,-0.07131256734998571,-0.6025750403698494
-0.8621571516970383,0.2930215069021515,0.48980298091181523,0.46069731255433777,-1.2679812202347571,0.3836795778824061
1.3146593340356465,-0.20733269611345734,0.0681849291025293,-0.06520623215091452,-0.5385419552887978,0.2867165359926008
-0.8526306025253416,-0.20733269611345734,0.2442469664444153,-0.15835551621292215,-0.18328155780244723,0.627936746682365
-0.8907367992121282,1.8963695854816123,1.6558038274565494,1.4233729533549437,0.37030108791939076,0.6192537714505434
-0.9336062704847632,2.054119200532493,1.1953799907169256,1.0849674563866998,1.7648507221509617,-0.45961699666956074
-0.6954425411923469,0.4832473463317343,0.6118279974498383,0.2276915765142575,1.470613456547029,0.3630950371978914
1.891015558923294,-1.0626938558437988,-0.9742885397066348,-0.5190771693309986,-2.495449522400594,-0.1875030165668834
-0.9478960942423081,-0.56233965282819,-0.14589339454763703,0.180030840762965,0.04547115000298754,0.44318993679764856
-0.7859447583234651,-1.0626938558437988,-0.25683207539192776,0.03544853380467958,-0.010833507594516798,1.2055418039308623
-0.652573069919712,0.06803209247917626,-0.25134705904362287,-0.26458935020759283,1.0857801451534175,-0.7364415725130157
-0.7430752870508301,-0.56233965282819,-0.4426408211574234,-0.1565725701291281,-0.46753250629934595,-0.13199824057924214
1.7100111246610574,0.06803209247917626,-0.4130252379283282,-0.020193834186897963,-0.28542642807626484,-1.0486734928791122
0.7240132853904541,0.2930215069021515,0.4294030496289984,0.3522637942282066,0.4623527961541478,0.26668838087556385
-0.1476659638197895,-0.20733269611345734,-0.5740170636369131,0.04735226621215322,0.11496791303105958,-0.9560679548653997
-0.6859159920206502,1.5782019406724268,1.6573995893474491,1.600600369175872,1.883690462508841,1.005882176664768
1.748117321347844,-1.0626938558437988,-0.669377618466435,-0.1185090696300739,-0.34173108567376953,0.40452535124853417
0.8907278958951454,-0.20733269611345734,-1.2885836895093215,-1.8826971918108517,-1.1819971521628492,-2.331772649908395
1.4146881003384613,-1.0626938558437988,-2.568139621762293,-2.90852570323601,-2.495449522400594,-3.2821939210848767
0.9764668384404153,-1.0626938558437988,-1.6108116958282008,-0.9080513952065213,-1.4730773776884334,-1.4234041894819256
-0.7287854632932852,-1.0626938558437988,-0.938493849533265,-1.4211097144704317,-1.9297763763932627,-0.1180024820710899
-0.8621571516970383,0.2930215069021515,-0.016605616315554156,0.505654438593811,-0.46753250629934595,-0.5962902849786214
-0.7621283853942235,1.0410084257512708,1.0513379605852624,0.6917741109679026,0.904940310539697,0.49438920487656535
-0.8288142295961001,0.2930215069021515,0.4351568485390757,0.8229116829590685,0.3823915882048847,0.27783213478109975
-0.9431328196564598,2.149091072663711,1.8072288209352072,1.7517888250814755,0.7523441704941772,0.6114428883502361
-0.843104053353645,2.6645868804115995,1.9913756220694352,1.5575034740447689,0.825258156736599,0.36081303605653964
-0.009531000830188067,-1.0626938558437988,-1.1550728849701146,-1.4211097144704317,-0.4342179279324365,-0.5385218007336935
2.2053916815892833,-1.0626938558437988,-0.9178442268806992,-0.6472763774556309,-0.6163240061555176,-0.0779082724400345
0.9907566621979602,-1.0626938558437988,-0.960522531834441,-1.048444792679491,-0.7984300843785986,-0.16077433417413672
2.1482323865591035,-1.0626938558437988,-1.0472121221598727,-0.8109242599259479,0.14761602027680515,-0.3290946306666396
-0.7240221887074368,1.2471573932472422,1.7951140891039707,1.627896912895464,1.703013203750553,1.6789227823432296
-0.9193164467272182,-0.20733269611345734,-0.22583750231780733,-0.31911487911259284,-0.25866685557346636,-0.2827130373512311
-0.9574226434140048,2.0037438263628347,1.700261120974824,1.6916665035193779,1.262801510089559,0.5771058387718719
-0.6478097953338636,1.0410084257512708,1.4189045459403635,1.3048421685611606,-1.1819971521628492,1.2067181506789384
-0.6620996190914087,-1.0626938558437988,-0.41261536599827575,-0.31911487911259284,-0.3130932756502835,0.9030661599117472
-0.7240221887074368,1.6487368696481015,1.5029046926119296,1.3810475335639631,1.383926162371712,0.6210083012342935
2.510241255083576,-1.0626938558437988,-0.7592224914568171,-1.015307112385583,-0.7984300843785986,0.23007862006314206
0.4144004373103129,-0.20733269611345734,0.24354618652945176,0.05646581949932109,0.3329162076360649,0.6265782982608711
-0.6763894428489536,0.9233932522095181,-0.06910366573299612,-0.9536028206920435,-1.2679812202347571,-1.521497151483682
1.6766682025601192,-1.0626938558437988,-1.6208990877937814,-1.6287331084317012,-1.5988787983140098,-1.4429903104926336
-0.6620996190914087,0.9233932522095181,1.004695566104959,1.2464115977251486,0.8726794364411976,0.5525687420510396
-0.5096748323442623,-1.0626938558437988,-1.0533262361094726,-1.6793344007676652,-0.96788329143657,-0.3409660614684493
0.3381880439367397,-1.0626938558437988,-0.753426642642836,-0.6585317997233179,-0.6163240061555176,0.24133209337098416
1.9434115793676254,0.06803209247917626,-0.06768090297589589,-0.04683458524582811,0.13145521807489544,-0.381343942426343
1.3146593340356465,-1.0626938558437988,0.45388812442187926,0.7580905503188193,0.06340800044125627,2.585507198931418
-0.9621859179998531,4.674520630100801,3.549629138761561,3.3289949564504964,2.4578992407519986,1.054572954225273
-0.609703598647077,1.2471573932472422,0.8785623466282058,0.8493759586056776,0.8390905869097138,-0.096904959214325
-0.4429889881423857,-1.0626938558437988,-2.0426550884930674,-1.932047911076011,-2.495449522400594,-2.2618901901517714
-0.019057550001884718,-0.20733269611345734,-0.047472545377406666,0.30768040762592463,0.13145521807489544,0.06265532413962252
-0.6620996190914087,-0.56233965282819,-0.31158188416861854,0.40025069224437104,-0.13663492822009354,0.12198458821253652
0.5906415969867009,-1.0626938558437988,-1.2115440985856563,-1.028364981041055,-2.495449522400594,-0.6481687766090759
2.257787702033615,-1.0626938558437988,-1.385309080418426,-1.5521049937336002,-1.5988787983140098,-0.9855584580265202
-0.9478960942423081,-1.0626938558437988,-0.7484189667788523,0.20428750367065854,-0.18328155780244723,0.25105521563975797
0.38582078979522294,-1.0626938558437988,-1.0561546488181577,-0.6585317997233179,-0.7489547038097792,-0.34645783117161455
-0.7573651108083751,-1.0626938558437988,-0.8624979518346362,-0.24600405192767646,-0.11427479409411481,0.02955447355446321
-0.6287566969904703,1.2471573932472422,1.4815325667347052,1.3612962081314488,1.4217309520249959,1.0708689799983246
-0.5573075782027455,-0.56233965282819,0.33640005164769754,0.47945714365257586,0.48383018942336337,1.3786787161793772
1.7147743992469058,-0.20733269611345734,-0.5092526998283973,-0.6110756193305663,-0.28542642807626484,-0.8309195720239144
2.372106292093975,-1.0626938558437988,-1.3292328320975584,-1.2265673168066213,-1.2679812202347571,-0.8766783640253532
-0.47156863565747564,0.7933757099177606,0.4389691175378342,0.7143003604329152,1.1058079930281992,-0.37647027113512593
0.6239845190876392,0.2930215069021515,0.48263373761625855,0.6992036781518685,0.6552682223705544,0.3697919491840222
-0.7144956395357402,-1.0626938558437988,-1.0412530439722565,-0.9304377036423475,-1.1042151012961297,-0.31752422407461134
0.9764668384404153,-1.0626938558437988,-1.522847358715894,-1.1125945646346709,-1.2679812202347571,-1.2526087889277444
-0.7811814837376168,1.148382666632493,0.8856405742893579,0.6296973657444076,0.688926346877039,0.03929702249620169
-0.814524405838555,-0.56233965282819,-0.14752854553715627,0.679711653505985,-1.1042151012961297,0.44001947947892583
1.4146881003384613,-0.20733269611345734,-0.09558874149520571,0.26274861608511324,-0.010833507594516798,-0.030534627138773453
0.02381192127075021,-1.0626938558437988,0.11691268406613699,-0.21032069680207424,-0.7489547038097792,1.9312209597365537
-0.2191150826075144,-0.20733269611345734,-0.66474877001815,-0.36376182236793736,0.3823915882048847,-1.131300038836605
-0.7144956395357402,-1.0626938558437988,-1.1890053157391727,-1.1835891817168884,-0.15962500745068847,-0.6044064909983282
0.9478871909253254,-1.0626938558437988,-0.9386445506631079,-1.1432174294631183,-0.7984300843785986,-0.11829508996970489
0.9907566621979602,-1.0626938558437988,-0.620205085082072,-0.5700823738310379,-0.5385419552887978,0.5000008906699652
2.257787702033615,-1.0626938558437988,-0.8337515287102327,-0.7694342371079721,0.23838657621939405,0.08536978477273577
-0.652573069919712,0.6480284636168839,0.5324436553096773,0.5850404453973687,1.0958555057486208,-0.007751069492818219
1.7100111246610574,-1.0626938558437988,-1.5346447067926312,-1.2090418326132162,-1.3641032303859306,-1.2755150354407025
-0.5811239511319871,-0.56233965282819,0.7341413150415439,0.5043357649658928,-0.5022651455660757,2.1505232916298356
-0.34772349642541917,-1.0626938558437988,-0.5585285070964457,-0.33989080910895314,-0.4342179279324365,0.6197548294556007
-0.5525443036168971,-1.0626938558437988,-0.636979503665441,-1.1432174294631183,-0.5385419552887978,0.46743094658737444
-0.9621859179998531,-0.20733269611345734,-0.3199861685705301,-0.9304377036423475,-0.5385419552887978,-0.46491115595344457
-0.7478385616366785,-1.0626938558437988,-0.5813237297355918,-1.1671456310912816,-0.5765066536018487,0.5754946291382387
0.6192212445017908,-0.20733269611345734,-0.27965812744429486,-0.3961311456807502,-0.11427479409411481,-0.38687721189830165
0.7764093058347856,0.06803209247917626,0.20563036984128852,0.09172176288422888,-0.28542642807626484,0.14767312863701082
-0.6239934224046221,-1.0626938558437988,-1.2427241917066698,-1.1432174294631183,-1.1819971521628492,-0.7087094078323981
-0.21435180802166606,-0.56233965282819,-0.46184822934521097,-0.2562651172618205,0.3580287687977862,-0.16921318277936448
0.8097522279357239,-0.56233965282819,-0.34135181283659555,-0.36619666955760927,-0.37141049614817273,0.06428504829596812
-0.9097898975555215,1.0410084257512708,0.9932217172301133,0.6987109441563987,1.2709219138297558,0.38183192432923346
1.6480885550450293,-1.0626938558437988,-1.497014704378919,-1.6287331084317012,-0.15962500745068847,-1.2024509785047743
0.2476858268056215,0.6480284636168839,0.8440509630098983,0.7186199212938867,1.5226896391793603,0.5956628698725397
1.9053053826808388,-0.20733269611345734,-0.8170587451994775,-3.178537068282631,-2.495449522400594,-1.4251735731253155
-0.8288142295961001,-0.56233965282819,-0.8360518156919259,-1.5521049937336002,-1.1819971521628492,-0.8937459097486103
-0.8192876804244034,1.338608506062076,0.9516065847373819,0.9233409835570773,1.5688415164928424,-0.06828480844557051
-0.9431328196564598,2.723361098011723,2.133211299460053,2.297420647705138,1.7424905880249835,0.5666969872436377
2.1911018578317383,0.7933757099177606,-1.1431592727808488,-0.7829790423098484,-1.1042151012961297,-3.4013174576749234
-0.7764182091517684,-1.0626938558437988,-0.5204856277385538,-0.497934759789593,-0.9074042316811012,0.6936205463070778
0.7573562074913923,0.06803209247917626,-0.17434029441854457,-0.1565725701291281,-1.1042151012961297,-0.5876043864570307
1.1717610964601965,-0.56233965282819,-0.25927001774390285,-0.16553542365761845,-0.07131256734998571,0.2233843915191639
0.8097522279357239,-0.56233965282819,-0.18599490783920616,-0.1390008391934919,-0.20764437720954537,0.36543848016610697
-0.5096748323442623,-0.56233965282819,0.030395604154894094,0.02874223377937529,-0.28542642807626484,0.7850572379786439
-0.843104053353645,1.338608506062076,1.1999603719745562,1.0025184807961778,0.8921885848117497,0.4124215943584785
-0.609703598647077,0.6480284636168839,0.7299987034107508,1.094557232787739,0.5834774484363009,0.37472738276761636
-0.6954425411923469,1.148382666632493,1.2792043767413193,1.2176460309375114,1.3218219566908573,0.8014686884155809
-0.8669204262828867,-0.56233965282819,-0.1396607981259405,-0.10026327172177085,-1.2679812202347571,0.4552746490722534
1.3765819036516747,1.148382666632493,1.430018539211487,1.2912144773514944,0.04547115000298754,1.0937765816079201
-0.7716549345659202,0.7933757099177606,1.055951934650899,0.7214841406104398,0.6201619992829226,0.8179726553096035
2.18633858324589,-1.0626938558437988,-1.9475125251271932,-2.3936353884164303,-2.495449522400594,-2.077157231849826
-0.3143805743244809,0.7933757099177606,1.4022263769168544,1.7356772441694013,0.06340800044125627,1.4893143542342997
-0.9288429958989148,1.6487368696481015,0.9159200351439134,0.2860515522836889,0.7599357958664912,-0.5146650257142975
-0.3524867710112675,-0.56233965282819,-0.760826243895382,-0.3236760610846338,-1.2679812202347571,-0.748182026734238
2.3197102716496434,-1.0626938558437988,-1.9289495641709655,-1.1432174294631183,-1.4730773776884334,-2.0411145757454245
-0.7764182091517684,-0.20733269611345734,0.24198780152306307,0.17572059940804227,0.7052487678224237,0.623557406464353
0.8573849737942072,0.06803209247917626,0.2361229679412738,-0.41423521112826645,-0.7984300843785986,0.20672969748027117
1.2384469406620733,-0.56233965282819,-0.92077956071717,-0.855172042615717,-1.2679812202347571,-1.0576319209974419
-0.16195578757733448,0.7933757099177606,1.249458160386248,1.2301899867664836,1.167698980199021,1.1930763052013342
-0.9240797213130665,1.148382666632493,0.9537129045969103,0.4677071663810269,-0.34173108567376953,0.1710442945978654
0.05239156878584016,0.2930215069021515,0.5597141210156829,0.3522637942282066,-0.5765066536018487,0.5191214871003276
-0.8955000737979766,1.2471573932472422,2.002903774857873,1.974681507037034,1.636103111168532,2.0820027020437544
-0.15719251299148615,0.06803209247917626,0.6106950218008259,0.8778487052202764,0.5548396384128148,0.932611558695975
-0.7764182091517684,-0.20733269611345734,0.0530444522027045,-0.06520623215091452,-0.6581841478671907,0.25738069480734077
-0.08098011961791295,-1.0626938558437988,-0.5802175166692475,-0.0378353947209304,-0.2327569383712667,0.5776425007640239
1.3765819036516747,-1.0626938558437988,-0.4544638590658258,-0.22792339474297102,-0.5765066536018487,0.8218112971946487
-0.1476659638197895,0.2930215069021515,0.8280780666949409,1.4116485314152576,-2.164551944321342,1.0392687089845312
1.8148031655497208,-1.0626938558437988,-0.8032385891230646,-0.9715212998596722,-0.96788329143657,0.14461504154335478
-0.9431328196564598,0.6480284636168839,0.8739358114659813,1.0065666997339895,0.7052487678224237,0.6535668329902411
-0.8907367992121282,0.2930215069021515,0.01278533348811866,-0.14772874872236202,-0.09251100185985872,-0.5394833852261908
-0.9193164467272182,1.148382666632493,1.308055295681391,1.0738358981667775,0.9112422248085066,0.8573790354746799
0.5858783224008526,-1.0626938558437988,-1.521436384264537,-2.176926860848968,-1.3641032303859306,-1.2498691792802172
-0.4286991643848407,-0.56233965282819,-0.06912192434685205,-0.35171936102869567,-0.7489547038097792,0.5920558844319581
0.4144004373103129,-1.0626938558437988,-1.6178275144388097,-2.0742733041046493,-1.4730773776884334,-1.4370264094536913
-0.8907367992121282,-0.56233965282819,0.31229718595281797,0.32431857661210706,0.2937361794744193,1.33191370032327
-0.9621859179998531,-0.20733269611345734,-0.051631779809697124,0.17138227810689968,0.06340800044125627,0.054599243261564186
-0.5287279306876556,0.7933757099177606,0.2885427705927301,0.22468511558605905,-0.7489547038097792,-0.6671342518804623
1.1860509202177416,-0.56233965282819,-1.0133361940514891,-1.0761958899139523,-0.8510995740835968,-1.236572960910526
-0.257221279294301,0.4832473463317343,0.536237331652212,0.9715096601631332,0.515022285859146,0.21670448549773796
1.3765819036516747,-0.56233965282819,-1.1862046431422921,0.027392831160614653,-1.4730773776884334,-1.5704926349486723
0.8240420516932688,-1.0626938558437988,-0.8903641997954463,-0.2299082843331754,-0.7489547038097792,-0.024551851106770644
-0.06669029586036797,-0.56233965282819,-0.2058474194379096,-0.20264418569278436,-0.28542642807626484,0.3269494317875577
-0.8192876804244034,0.06803209247917626,0.0786705044501173,0.09782565497248229,0.767457451346147,-0.0981449475692018
-0.8049978566668584,0.06803209247917626,0.1296548816482484,0.10387410676648108,0.989024275675226,0.0005558051253454282
0.2905552980782564,-1.0626938558437988,-0.8623622165682382,-0.9899352831368446,-0.15962500745068847,0.029818023078677564
2.4673717838109415,-1.0626938558437988,-1.377005243552747,-1.375165294010686,-1.1819971521628492,-0.9694353655305293
-0.5668341273744422,1.0410084257512708,1.2202126521203955,0.9268495794737143,0.525160227938412,0.8215765315880247
-0.843104053353645,0.06803209247917626,0.31413297914023697,0.0755847392902696,0.5834774484363009,0.3578428660264757
-0.15242923840563782,-1.0626938558437988,-1.1074043098020658,-0.9776028943147181,-1.1042151012961297,-0.4459664123007723
2.3292368208213396,0.2930215069021515,1.4911225149471952,1.1585709757434672,-0.5765066536018487,2.325430175407868
-0.9193164467272182,-0.20733269611345734,-0.08900089218655177,-0.04231978853236449,-0.09251100185985872,-0.017776406568542263
0.5239557527848244,-1.0626938558437988,-0.3255871461653716,0.10266880333428004,0.08095908209781587,1.0720439542524334
-0.6573363445055603,0.6480284636168839,1.2024618600381578,1.0871716121912676,1.2209413683778862,1.2903916241767428
-0.5620708527885938,-1.0626938558437988,-0.3947486022165572,-0.337550103836139,-0.3130932756502835,0.9377570491616659
1.0574425063998367,-0.56233965282819,-0.4848979443390906,-0.38600273805015006,0.3455690788011746,-0.21386992511072633
-0.8478673279394934,-1.0626938558437988,-1.3520620437549533,-0.47744299022617503,-1.2679812202347571,-0.9210045589057034
1.1003119776724717,0.4832473463317343,-0.11956262952191121,0.38621417801551366,0.17900811520458537,-1.0510115695535298
-0.6859159920206502,1.0410084257512708,1.0687493665441352,0.9355410362420835,1.1349573003059787,0.5281152457586313
0.5715884986433076,0.6480284636168839,0.4473296038028493,0.27123191506878397,0.525160227938412,-0.1724369378885477
-0.7859447583234651,-0.20733269611345734,-0.8631498336483784,-0.5767417289709887,-0.9074042316811012,-1.5140232793659962
0.24292255221977319,-0.20733269611345734,-0.2776371936327917,0.4086851511217855,-0.18328155780244723,-0.38296635938960455
0.9383606417536287,0.06803209247917626,0.5789126488607673,0.5257668575743044,0.8111872246716694,0.8709946466731746
-0.8764469754545833,0.9233932522095181,0.6554217670510999,0.5257668575743044,1.6665200669642688,-0.1236050543654774
-0.8097611312527068,-0.20733269611345734,0.35686291657649843,0.47671103681473703,1.390931302743931,0.8462669096302465
-0.8955000737979766,0.06803209247917626,-0.10049041193286881,-0.20455503338695258,-0.050650860148185636,-0.4448045801908816
-0.8383407787677967,-0.56233965282819,-0.5743276626273274,-0.14422384608164443,0.49436057865734623,-0.3871013534386945
1.2622633135913148,-0.56233965282819,0.0627592902408238,-0.28155663657745467,-0.11427479409411481,0.8478288253715266
1.4289779240960063,-1.0626938558437988,-1.2650332451588893,-1.1432174294631183,-2.164551944321342,-0.752025640813177
-0.85739387711119,-0.56233965282819,-0.7297657724355432,-1.0833182034157367,-0.7489547038097792,-0.6880645408989614
0.05239156878584016,-0.56233965282819,-0.36057881249427426,0.08183764874805946,-0.030499371057727126,0.027021894670829896
-0.9288429958989148,1.148382666632493,0.7822837679340682,0.7337553447270077,0.5450659426428811,-0.160659195269657
-0.8621571516970383,-1.0626938558437988,-1.2839188091651628,-1.4331087772000919,-0.28542642807626484,-0.7886946770957436
-0.9097898975555215,-0.20733269611345734,0.14410803752033458,0.1298533926957882,1.4250824714890833,0.4338419689705784
0.28102874890655977,-0.56233965282819,-0.5814898067777439,-0.6510070872942513,0.23838657621939405,-0.4009726916234012
-0.34296022183957087,-1.0626938558437988,-1.2494378027772022,-1.375165294010686,-0.4022101454292381,-0.7217448484393411
0.9621770146828703,0.06803209247917626,0.2697298791124301,0.12753307688316448,0.13145521807489544,0.2718249778800914
-0.7049690903640435,-0.20733269611345734,-0.5997475035673857,-0.5800965469704935,0.14761602027680515,-1.005773390402806
0.9193075434102354,-0.20733269611345734,0.26117386701919937,0.14474152704796953,0.06340800044125627,0.6607498608055052
0.21910617929053156,-1.0626938558437988,-0.282247263862962,-0.9080513952065213,-2.164551944321342,1.1561945634744457
-0.9574226434140048,1.4237474552251266,1.2839015840114971,1.1598053226483007,1.84663324104067,0.47052955248723183
-0.9240797213130665,-0.56233965282819,0.34696632340249073,0.31561348579807835,1.2294869317226496,1.3991800280609872
0.2905552980782564,-0.56233965282819,-0.8168037226692432,-0.9191504848762425,-0.96788329143657,-0.8565051515373805
0.8288053262791172,-0.20733269611345734,-0.5699549593725995,-0.3834945242958852,0.6201619992829226,-0.9482200711918168
0.6096946953300942,0.2930215069021515,-0.41784385965702975,-0.4832337220583408,-0.34173108567376953,-1.3705320269702068
0.5239557527848244,-0.56233965282819,-0.07606591044798271,0.020604495472077683,0.13145521807489544,0.5785901059302612
-0.843104053353645,-0.20733269611345734,0.07766379104396468,0.36050560691139477,0.09814063970798567,0.305083207156376
-0.8240509550102517,-1.0626938558437988,-0.5172512526497219,-0.15125219590779318,-0.25866685557346636,0.6999005503061327
1.1003119776724717,-0.56233965282819,-0.9809668434608033,-1.2090418326132162,0.23838657621939405,-1.1740040055759207
-0.8240509550102517,0.4832473463317343,0.5179530623494415,0.554534502694495,1.0755788392911698,0.18130082326336586
-0.9574226434140048,0.6480284636168839,0.32634661828918715,0.3806746217089296,1.1301708124352978,-0.40640066272435516
0.7573562074913923,-0.56233965282819,-0.763973245272363,-0.7784334276328698,-0.13663492822009354,-0.7542725853391732
1.8814890097515973,-1.0626938558437988,-2.261291478689048,-3.178537068282631,-2.164551944321342,-2.6864041587111753
0.3810575152093746,1.0410084257512708,0.6332105346905117,1.1666757000969545,0.904940310539697,-0.3148178590743001
0.28102874890655977,-1.0626938558437988,-0.949057844108943,-0.8450820016363049,0.23838657621939405,-0.13851399553479662
-0.8478673279394934,-0.56233965282819,-0.6252439844358593,-0.3011762869875189,-0.9074042316811012,-0.48570631334899955
1.0193363097130501,-0.56233965282819,-1.0620946139304979,-0.9025704592087617,-1.4730773776884334,-1.330797312266702
0.7192500108046057,-1.0626938558437988,-1.0223768091076437,-0.9837405411215069,0.19426264985915923,-0.280873301661132
1.2289203914903766,-0.56233965282819,-0.5174878398159877,-0.47744299022617503,-2.495449522400594,-0.2770045370039598
-0.5192013815159588,0.06803209247917626,-0.1254077710643485,0.0314328635589002,-0.20764437720954537,-0.49299265465553727
-0.8288142295961001,-1.0626938558437988,-1.405690745353833,-0.9899352831368446,-1.3641032303859306,-1.025132389245481
0.6430376174310325,-1.0626938558437988,0.12820131525289713,-0.20264418569278436,1.0600337246646783,1.9531394593074596
-0.8716837008687349,2.396723788497221,1.910748609341241,1.1445876805639867,0.6552682223705544,0.5192090989219122
-0.5620708527885938,0.06803209247917626,0.42010131756994606,0.458579886399959,1.310354407219249,0.5631709729375828
-0.9240797213130665,-0.20733269611345734,-0.37214207020073914,-0.27941193274460224,-0.010833507594516798,-0.5658090283972167
-0.7240221887074368,-0.20733269611345734,0.3568324049431096,0.7229116437604887,0.525160227938412,0.8462077495637202
-0.7287854632932852,-0.20733269611345734,-0.0012917487883906346,-0.33057695148728955,-0.07131256734998571,0.15211094217025986
1.7766969688629342,-1.0626938558437988,-1.9006062778519808,-0.4717021791170215,-1.7476702981701815,-1.9860820125636856
-0.9574226434140048,-0.20733269611345734,0.2827724533377884,0.23267237732929333,0.8660713530288568,0.7026208842036584
-0.4286991643848407,-1.0626938558437988,-0.6230522698186509,-0.41949950703676864,0.48383018942336337,0.4944726723771939
-0.9002633483838249,0.7933757099177606,0.6171999068303075,0.33034513325857606,-1.5988787983140098,-0.031745237423897496
1.8719624605799006,-1.0626938558437988,-1.278802493757531,-1.4211097144704317,-0.6163240061555176,-0.778760615541999
-0.6001770494753804,-1.0626938558437988,-0.4773572302941044,-0.2604142270360491,-0.28542642807626484,0.7773605272880073
0.8430951500366621,0.06803209247917626,0.673297043528449,0.6057624965154362,0.3823915882048847,1.0539903960175077
2.12917928821571,-1.0626938558437988,-0.6292530709751228,-0.5190771693309986,-2.164551944321342,0.4824329259067091
-0.7764182091517684,-0.20733269611345734,0.5946197024937846,0.4244965544292731,0.19426264985915923,1.307356315379037
2.5245310788411213,-1.0626938558437988,-1.2931314789872395,-1.662036546029389,-1.1819971521628492,-0.8065823993714893
-0.8907367992121282,1.778754411939859,2.0382738654519788,1.7465977513072548,0.4623527961541478,1.50178819417664
-0.20006198426412108,1.0410084257512708,-0.0498069673788063,0.4326312803579914,1.3293784351460267,-1.6316097241679763
-0.9621859179998531,0.4832473463317343,1.2149718270091,1.433914731178378,1.1813387491085796,1.5322296815726564
-0.8240509550102517,0.6480284636168839,1.239404051446628,1.0093549660453947,0.525160227938412,1.3620285675571837
1.5432965141563662,-1.0626938558437988,-1.558970276229897,-1.6287331084317012,-2.495449522400594,-1.3227466239700618
2.27207752579116,-1.0626938558437988,-0.9668557942482642,-0.7875558985699295,-0.8510995740835968,-0.17307127320981244
-0.5239646561018072,0.2930215069021515,-0.5137452707069996,-0.41949950703676864,-1.1042151012961297,-1.5551402924659181
-0.85739387711119,0.7933757099177606,0.7392385306645098,0.6549107746893587,0.47316214414747326,0.2044666113175569
1.0812588793290785,-1.0626938558437988,-1.0340009925788147,-1.1590736539023403,-0.5022651455660757,-0.30344332420946485
-0.5144381069301106,0.4832473463317343,0.9195794846042973,0.8306385906119431,0.767457451346147,0.9594421090749126
-0.8335775041819483,-0.56233965282819,-0.20626613660065574,0.015123559474317977,-0.20764437720954537,0.32613766099413943
-0.8097611312527068,0.9233932522095181,1.1268664446219576,0.6236558978256558,1.566032240594793,0.7892809298770962
-0.8669204262828867,0.2930215069021515,1.048830309333098,1.24163009571438,1.6151764814380274,1.4673508132618511
0.8383318754508139,-1.0626938558437988,-0.92077956071717,-0.590263614144485,-0.5765066536018487,-0.08360764487684604
2.038677071084592,-1.0626938558437988,-1.2993386755212473,-1.0416840243109131,-0.5022651455660757,-0.818634563386445
-0.8812102500404316,0.9233932522095181,1.6670325620124102,1.2160612911954158,0.37030108791939076,1.8366563197916554
-0.9526593688281565,2.7794628179710767,2.4381631462620166,2.1605928864140433,2.1566473774126123,1.091959593027691
2.481661607568486,-1.0626938558437988,-1.2399374256116074,-1.375165294010686,-0.030499371057727126,-0.7032985010139984
-0.9288429958989148,0.06803209247917626,0.1863231364954868,0.12753307688316448,0.3455690788011746,0.11028310004515879
0.9621770146828703,-0.56233965282819,-0.5695917502818127,-0.5537196350451633,0.3455690788011746,-0.3779288505933679
-0.8907367992121282,1.4237474552251266,1.9631638643388367,1.640837392036236,1.383926162371712,1.7872394754558807
0.7621194820772407,-0.56233965282819,-0.8896874980919567,-0.855172042615717,0.7968694215944938,-0.9975000551259497
-0.5811239511319871,0.06803209247917626,-0.5646159154261614,-0.8014782864493728,0.008369586453112622,-1.3410472215819584
-0.7144956395357402,0.2930215069021515,1.0305914022577827,1.078868138469734,0.6201619992829226,1.4319760427930848
-0.85739387711119,0.4832473463317343,0.6116058437598783,0.826989650169852,1.1813387491085796,0.362664752844603
-0.1476659638197895,-1.0626938558437988,-0.44337320786026474,-0.7178525946022402,-0.010833507594516798,0.8433453901832888
-0.06669029586036797,0.4832473463317343,0.09662997036935153,-0.04683458524582811,0.504756819153868,-0.6336690525420468
0.8430951500366621,-1.0626938558437988,-1.2689611487126544,-1.3863576577143846,-0.37141049614817273,-0.7596522299835925
0.6096946953300942,-1.0626938558437988,-0.9105572610779065,-3.3701131805764293,-2.495449522400594,-0.06375958123210088
-0.9097898975555215,0.2930215069021515,0.020244098634182837,-0.3735550865770224,0.832203678170083,-0.5250654208439949
-0.22387835719336271,0.06803209247917626,-0.7056887948821495,-0.46318270303354536,-0.28542642807626484,-1.6127326765956487
-0.8097611312527068,2.504098029378443,2.4796384662025237,2.0628237006317214,1.5344745925997023,1.4953292610684754
-0.9097898975555215,1.7154571887753904,1.446230269444714,1.4360357888427708,1.1397158784677761,0.4306614754314893
0.8764380721376005,-1.0626938558437988,-1.1822764402844452,-0.8501079120171156,-1.3641032303859306,-0.5913414123960525
-0.7526018362225269,-0.20733269611345734,-1.911880373931016,-1.8826971918108517,-0.7984300843785986,-3.516918721141374
0.14289378591695834,-1.0626938558437988,-0.8627694983183536,-0.3168459502924501,-0.34173108567376953,0.029027227036406908
-0.6620996190914087,1.5033896233472255,1.1388294381051074,1.1866346546183504,1.448165452289874,0.09245980842005373
0.8573849737942072,-0.56233965282819,-0.6777128303137031,-0.9304377036423475,-0.15962500745068847,-0.5872985105317775
-0.9574226434140048,-1.0626938558437988,-0.6800545969900005,-0.2709015298327039,-0.6581841478671907,0.38379446321475585
-0.7764182091517684,1.5782019406724268,1.5225022557807437,1.501162236550379,1.2079528633020173,0.7444638105071343
-0.8097611312527068,-0.56233965282819,-0.5731590378115031,0.12753307688316448,0.09814063970798567,-0.38483797775175543
-0.5668341273744422,1.5782019406724268,2.169234412030814,2.3293090335781144,0.3580287687977862,1.9984317304042851
-0.8478673279394934,-0.56233965282819,-0.28543524384983476,-1.8593288304548332,-1.1819971521628492,0.17266494170063001
-0.9574226434140048,0.06803209247917626,0.011871075118465198,0.07306704266372374,1.0441867443633894,-0.227429814438827
-0.8097611312527068,-0.56233965282819,-1.2880476530787557,-1.9581661591936625,-1.7476702981701815,-1.7670083141147959
-0.8764469754545833,2.0037438263628347,1.344057626537528,1.0270490614473204,1.3661456367768503,-0.11235558056769585
0.24292255221977319,-1.0626938558437988,-0.9731182082812129,-0.8917420911219391,-0.37141049614817273,-0.18523064993345015
-0.85739387711119,1.2471573932472422,1.235268350565319,1.4653541871140487,1.9282157136091578,0.5936424416553916
-0.8621571516970383,0.2930215069021515,0.5274966149449163,0.6877775200403983,0.789615206340894,0.456701530053369
-0.9288429958989148,-0.56233965282819,0.5905401761087453,0.5533092402246486,1.2504673633348702,1.8718292144916682
-0.8478673279394934,1.0410084257512708,1.0559207913169764,0.6922720025533353,1.8643965652519376,0.5032659997619391
-0.8764469754545833,-0.20733269611345734,-0.05897711979777847,-0.3259684212295098,0.4513983519132168,0.040372223807987315
2.491188156740183,-1.0626938558437988,-1.2237047152448226,-1.3321871589209533,-1.2679812202347571,-0.6717803612747617
-0.14290268923394117,0.4832473463317343,0.12800635843120306,-0.2709015298327039,0.6020258341916891,-0.5730435974253923
0.9812301130262636,-1.0626938558437988,-0.8846601757669521,-0.4437178110282634,-0.7489547038097792,-0.013476668814729743
-0.19053543509242443,-1.0626938558437988,-1.4985091594508027,-1.8367527713511054,-0.4342179279324365,-1.2053526777728167
1.5956925346006978,0.4832473463317343,0.9778227797574116,0.5095948640820392,-1.9297763763932627,1.0723548752063585
-0.9336062704847632,-1.0626938558437988,-0.3535822549214827,-0.09375045732131596,-0.010833507594516798,1.0176874278404484
-0.9145531721413699,-0.56233965282819,-0.46692345388805284,-0.04082163274976683,-0.2327569383712667,-0.17904623616946164
-0.4239358897989924,-1.0626938558437988,-1.6891816818155774,-1.496578681853243,-0.28542642807626484,-1.5755707786651094
1.4718473953686413,-0.20733269611345734,-0.016877475267719818,-0.08091285563149007,1.3141948559183994,0.12191874947628703
0.40487388813861624,-0.56233965282819,-0.9333585600427572,-0.6895108720833907,0.14761602027680515,-1.0819567196681192
-0.9240797213130665,1.8389627090776848,1.5918588838851375,1.7695960350564517,1.1584774827331974,0.5641806914939873
-0.7097323649498919,-0.56233965282819,-0.805494515536276,-0.7096311325914295,0.504756819153868,-0.8346227543868251
1.9243584810242322,-0.56233965282819,0.15179814462404853,-0.5767417289709887,-1.4730773776884334,1.0205404621507614
-0.9336062704847632,2.149091072663711,1.7761136462593043,1.8202358491225867,2.2284525165406683,0.5511749495024995
1.8719624605799006,-1.0626938558437988,-1.2424953664430662,-1.3218624565315267,-0.46753250629934595,-0.7082651107020259
-0.6001770494753804,0.7933757099177606,0.7130761925009613,0.4550358122313088,0.9717212845639751,0.153817804001516
-0.9478960942423081,1.2471573932472422,0.673649254183435,0.5856248508447004,1.1156405679037118,-0.49305623445174374
-0.7907080329093135,0.6480284636168839,0.4737190087787731,0.34726929608269286,0.832203678170083,-0.12138370470330724
0.06668139254338513,-0.56233965282819,-0.9032850855256854,-0.6934865851727449,-0.28542642807626484,-1.023798952873741
-0.681152717434802,-1.0626938558437988,-0.5187904454409306,-0.03338099707915998,0.16346300057809388,0.6969119863274268
0.357241142280133,-1.0626938558437988,-1.0125016624857048,-1.2265673168066213,-0.8510995740835968,-0.26169928548373544
-0.9097898975555215,2.5379090568113685,1.8573121605981942,1.924442862406213,2.246986859918375,0.24975137984014953
-0.8526306025253416,-1.0626938558437988,-0.828965198366134,-0.4603669273182571,-0.2327569383712667,0.09466313290837007
-0.8288142295961001,-1.0626938558437988,-0.45406096819316333,-0.5283478057964249,-0.7489547038097792,0.8225935677173966
2.0767832677713787,-1.0626938558437988,-1.062630523604851,-1.2355061082598258,-0.46753250629934595,-0.35903167262192753
1.7385907721761475,-1.0626938558437988,0.1719384319050192,0.07180461581266978,0.3200640704847356,2.0380613561000973
0.9288340925819321,-0.56233965282819,-1.2637129357839338,-1.244566519650268,-1.1042151012961297,-1.7200678803267861
-0.9097898975555215,0.7933757099177606,0.5763856725961268,0.6907772096372748,0.3580287687977862,-0.11071417929633855
0.7097234616329091,-0.20733269611345734,-0.19319088347499533,0.11343879491749333,-0.20764437720954537,-0.21951717671560866
-0.8621571516970383,0.6480284636168839,0.8607811276554888,1.2312985769417575,1.1768174420176516,0.6280781081866578
1.2384469406620733,-0.56233965282819,-1.822259877621144,-1.5970161634592985,-1.7476702981701815,-2.7941186292498
-0.7287854632932852,-0.56233965282819,-1.1766116658309573,-1.3641579365491812,-1.2679812202347571,-1.5519735286067078
0.9050177196526904,-0.56233965282819,-0.9777472492951153,-0.7474543552727965,-1.1819971521628492,-1.1677799557841169
-0.8764469754545833,-1.0626938558437988,-1.1247897578482702,-0.497934759789593,-1.3641032303859306,-0.4797227578874422
-0.9526593688281565,-0.20733269611345734,-0.10475388358336622,-0.015855512885755364,-0.34173108567376953,-0.048283609041252534
-0.47156863565747564,1.0410084257512708,1.0250257586078528,0.8653015519539191,0.8726794364411976,0.44342595963874903
-0.9336062704847632,2.1025185529775836,1.6736527704338062,1.4347313222856015,1.9118020998238943,0.4080369029615657
-0.9097898975555215,1.4237474552251266,1.0852026661044705,1.0846914232368425,1.9118020998238943,0.08585110328040392
-0.9431328196564598,1.0410084257512708,1.098697977238236,0.9892688449957137,1.4769153708158385,0.5861303849472025
-0.814524405838555,0.2930215069021515,0.22198251749665365,0.32518285962050675,1.1858351452902547,-0.13487331651109488
-0.11908631630469955,0.4832473463317343,0.1667011793586762,0.30768040762592463,1.2294869317226496,-0.4982603894770184
1.981517776054412,-1.0626938558437988,-2.4307199481029835,-2.8058721464916907,-1.9297763763932627,-3.0153738781315504
-0.7859447583234651,-1.0626938558437988,0.03688030048144561,-0.12019283782039468,0.02713119071853385,1.7758265867396725
-0.24769473012260435,0.2930215069021515,-0.5767438925172661,-0.9080513952065213,0.26653053216275097,-1.6762919211702938
-0.19529870967827276,-1.0626938558437988,-1.4002147492066983,-1.457775669935054,-0.9074042316811012,-1.0144999558516055
-0.638283246162167,0.2930215069021515,0.2590946716705041,0.27403583485121824,0.9775298061844006,-0.06305022241642726
0.8288053262791172,0.7933757099177606,0.328263729885122,0.46840411041585545,1.0334485125604722,-0.5904113378262444
-0.39059296769805407,2.602872755993192,1.5606708977844408,1.236374455430019,2.0779094731951635,-0.40006060821219147
-0.8478673279394934,-0.20733269611345734,-0.18086771805583776,-0.027487773091960252,-0.050650860148185636,-0.1956603401385343
0.8240420516932688,-1.0626938558437988,-1.6029613472762847,-1.4093230357210431,-0.09251100185985872,-1.408161609711187
-0.8526306025253416,0.4832473463317343,0.26924251665701737,0.015123559474317977,1.153827362787057,-0.3000003715051882
-0.12384959089054788,-1.0626938558437988,-0.47545627454346256,-0.25833644074980294,-0.2327569383712667,0.7810515060360437
1.8576726368223555,-0.20733269611345734,0.1911534693648089,0.6927695221614567,-0.25866685557346636,0.5250222022232921
-0.7287854632932852,0.6480284636168839,0.4019847646521624,0.07432708081543056,-1.9297763763932627,-0.26014548270811316
2.262550976619463,-1.0626938558437988,-0.30008185779210583,-1.0552749034716755,-1.7476702981701815,1.1215661366159533
0.2524491013914698,-0.20733269611345734,-0.43930862527534825,-0.44098298186834195,-0.3130932756502835,-0.6957050263142298
0.8526216992083588,0.2930215069021515,0.3897034857775791,0.3766893915955373,0.47316214414747326,0.18980582265244528
1.8100398909638724,-0.20733269611345734,-1.0101700509587836,-1.3863576577143846,-1.4730773776884334,-1.7971419619408109
-0.7430752870508301,-1.0626938558437988,-0.5905333882377789,-0.19129283190488833,-0.4342179279324365,0.5576127537727708
-0.6287566969904703,-1.0626938558437988,-1.0729972434908917,-1.3641579365491812,-1.5988787983140098,-0.37916014892828265
-0.8907367992121282,0.2930215069021515,0.5124998023493732,0.48762816597659886,0.5740427324604442,0.42764794763816105
1.3575288053082815,-1.0626938558437988,-0.650853522437459,-0.7875558985699295,-1.7476702981701815,0.44049254551197425
-0.4858584594150206,0.9233932522095181,0.8264578622838203,0.624758431131303,0.5450659426428811,0.20739222957088
-0.8002345820810101,-0.56233965282819,-0.3207210212932506,-0.12188087412222688,-0.13663492822009354,0.10427083081563011
-0.7144956395357402,-0.56233965282819,-0.34079470933435,-0.10354372153040099,-0.20764437720954537,0.06536477739791012
-0.8383407787677967,-0.20733269611345734,0.258763077876557,0.5612334431442776,0.49436057865734623,0.6560764260688615
1.0717323301573818,0.06803209247917626,0.2286172075521485,0.21964398655782758,0.2239420603335628,0.19219233249700063
-0.9145531721413699,2.319572086010156,2.0267925769256823,2.057591685878246,1.623086984497408,0.8350155926504842
-0.9288429958989148,1.5782019406724268,0.9284153920149611,1.0509985135596651,0.3200640704847356,-0.4052862543867671
-0.5906505003036837,-0.56233965282819,-1.661404585649995,-0.8654173210722571,-1.7476702981701815,-2.4856526350389574
-0.7192589141215886,-1.0626938558437988,-1.0152090237281166,-0.7220017043764688,-0.7023080742274255,-0.26695601637062016
-0.7954713074951617,0.9233932522095181,0.5001463953682413,0.2032510365906167,0.525160227938412,-0.4238534654466724
-0.6763894428489536,1.6487368696481015,1.3003312005214598,0.8179849283206232,0.5644976664279658,0.22872991918677427
0.6382743428451841,0.9233932522095181,0.486239956501779,0.7553798411573364,0.6638137857153177,-0.45073026661043664
-0.8335775041819483,0.2930215069021515,0.5183075604353898,0.6538570878168412,0.6466322281051479,0.4388992586913206
-0.0905066687896096,-1.0626938558437988,-0.7820030657813164,-0.7694342371079721,-0.7489547038097792,0.1858468615535585
-0.7192589141215886,-1.0626938558437988,-1.4885608177410243,-1.3016812162180795,-1.4730773776884334,-1.1860365428145991
-0.9193164467272182,2.149091072663711,0.8950363457595861,0.30501490721129154,0.02713119071853385,-1.1513355076476643
-0.7954713074951617,-0.56233965282819,-1.0900531812334053,-1.457775669935054,-1.7476702981701815,-1.3848127313564205
1.938648304781777,-1.0626938558437988,-0.5107248172261528,0.2617993216057619,-0.34173108567376953,0.7125725624982593
1.119365076015865,0.06803209247917626,0.9305921051666682,0.8249537880996581,0.4513983519132168,1.5529953760921757
-0.9193164467272182,2.8591049860931754,2.3248856892966168,2.158173919134583,1.5744312221982542,0.779394298635689
1.119365076015865,-1.0626938558437988,-0.7380708638086106,-0.8205061513465587,-0.9074042316811012,0.2711475445289285
0.9193075434102354,-0.20733269611345734,-0.04032955575711681,0.01786966631215623,-0.010833507594516798,0.07649094378268954
-0.8097611312527068,0.06803209247917626,-0.08717273023755326,-0.02602258005974685,-0.050650860148185636,-0.419046644445702
-0.9145531721413699,-1.0626938558437988,-0.6952143435932885,-0.825349299708357,-1.9297763763932627,0.3543596368020618
-0.6954425411923469,0.06803209247917626,0.5793772878083253,0.6469671819165649,0.8111872246716694,0.871895418973865
-0.9478960942423081,0.06803209247917626,0.2833464847247679,0.039440133954368684,-1.033205652306678,0.2982018483018868
-0.7621283853942235,1.6487368696481015,1.596015888244555,1.4366870651435772,1.6764122346575443,0.8014050107609821
-0.2953274759810876,0.7933757099177606,0.7444645429420813,0.554534502694495,0.6290811464485883,0.2145845106067763
-0.4096460660414474,0.06803209247917626,-0.2894646653295401,-0.18568890011521133,-0.37141049614817273,-0.8100870108173106
-0.47156863565747564,0.9233932522095181,0.9508941272525853,1.2346133173073734,0.7523441704941772,0.4483537584859551
-0.609703598647077,-0.20733269611345734,0.14395135987472008,0.5850404453973687,0.4513983519132168,0.43353832509141405
1.2098672931469832,-0.56233965282819,-0.31618197407376647,-0.21032069680207424,-0.46753250629934595,0.11306850324647075
-0.9431328196564598,1.6487368696481015,1.3143988592561546,1.3458087667361223,0.9540434704213301,0.2559618214400042
1.176524371046045,0.06803209247917626,0.6834068784160444,0.7767627071407813,-0.050650860148185636,1.0735936780413122
-0.7526018362225269,-0.20733269611345734,0.3822772338325359,0.49032971111979495,0.48383018942336337,0.8955448004199228
2.0910730915289237,-1.0626938558437988,-0.27898791925525707,0.07053979118837862,-0.050650860148185636,1.162523049382392
-0.8907367992121282,0.7933757099177606,0.9618097807719754,0.9956110830723632,0.7599357958664912,0.6355466341331999
1.4575575716110962,1.338608506062076,1.1637524181703744,0.9760753095374156,0.49436057865734623,0.34230790204170203
-0.88597352462628,-0.56233965282819,-0.3320564531666789,-0.48614808104020374,-0.15962500745068847,0.08230069425669963
0.9193075434102354,-1.0626938558437988,-1.5707262153776116,-2.90852570323601,-2.164551944321342,-1.3455724690970594
-0.5382544798593522,0.06803209247917626,0.3639677053049796,0.11343879491749333,-0.050650860148185636,0.45439675265520896
-0.7144956395357402,0.2930215069021515,-0.06801810165225157,0.21354382208940978,-0.09251100185985872,-0.695634580498936
0.8383318754508139,0.4832473463317343,0.6912548157694588,0.5826976814525242,-0.5765066536018487,0.5169549406344526
-0.32867039808202586,-0.20733269611345734,0.1422871346539971,0.3901429797622049,0.3070062904338656,0.4303130365170617
-0.9478960942423081,2.2791086149554682,2.393736473664103,2.160922065839676,1.6045084361621371,1.5942060855742843
-0.4668053610716273,1.2471573932472422,1.316098700526643,1.4884859951079998,1.44490758831264,0.7502454180224036
2.510241255083576,-1.0626938558437988,-1.5327333281117272,-0.3710932354756463,-1.4730773776884334,-1.2718038190758374
-0.052400472102823,-0.20733269611345734,-0.20127924975379788,-0.43284524356104437,-0.2327569383712667,-0.23517507134364707
-0.17624561133487945,0.06803209247917626,-0.06261443179515899,0.1014613144005529,1.1156405679037118,-0.37154333296234393
-0.8764469754545833,-0.20733269611345734,0.13548854455049425,-0.11682954802229412,0.28024671793106676,0.4171374305450265
-0.21435180802166606,0.2930215069021515,-0.07976204717637024,0.3678370200191037,0.3580287687977862,-0.7183225764161243
1.0098097605413536,-1.0626938558437988,-1.1942108557817757,-0.8863932273087582,-1.033205652306678,-0.6145137950020189
0.004758822927356909,-0.56233965282819,-0.22860542126131744,-0.5129676772632263,-0.46753250629934595,0.2828293192723177
0.6335110682593359,0.06803209247917626,0.4652416786571626,-0.17097161682172055,-1.2679812202347571,0.6506544954980273
1.5194801412271246,-0.56233965282819,-0.33306593634994985,-0.5377493261529606,-0.18328155780244723,0.08034416120198991
-0.7907080329093135,0.2930215069021515,0.26398121504183125,0.40715953770654084,0.17900811520458537,-0.05359242061960443
-0.5334912052735039,0.2930215069021515,0.34424467809688697,0.21964398655782758,0.6466322281051479,0.10178361305684404
-0.5239646561018072,-0.56233965282819,0.0013566106360929531,0.6203373030948333,-1.7476702981701815,0.7287367115952379
-0.9240797213130665,-0.56233965282819,0.03779523174000228,0.004024469804596801,-0.7984300843785986,0.7994090587976547
0.1905265317754416,-1.0626938558437988,-0.32421201742232597,-0.2500895246466226,-0.15962500745068847,1.074713964306419
-0.7526018362225269,0.06803209247917626,-0.11420098502552589,-0.2122537314380398,0.08095908209781587,-0.4713204868551811
-0.85739387711119,-1.0626938558437988,-2.433064432593585,-1.9581661591936625,-2.495449522400594,-3.019926031661157
-0.06192702127451965,0.7933757099177606,0.6421139709344563,0.18856852135333702,0.515022285859146,0.01646691931676643
-0.7573651108083751,-0.20733269611345734,-0.361683241595951,-0.7137291760748854,-0.8510995740835968,-0.545578100924187
-0.8478673279394934,1.5033896233472255,0.7925938299503421,0.8838481148471337,0.4513983519132168,-0.5769433165113883
0.5430088511282177,0.7933757099177606,0.23863969233256443,0.33291134053635424,-0.34173108567376953,-0.7634925601454922
2.1815753086600416,-0.56233965282819,-0.8187697045734709,-0.7829790423098484,-0.96788329143657,-0.8603090462747384
-0.462042086485779,-1.0626938558437988,-1.340034575116352,-0.9899352831368446,-1.1819971521628492,-0.8976515002546726
-0.7240221887074368,0.06803209247917626,0.2610694681369057,0.07684002705969808,0.2092372689416153,0.25504940792858055
-0.1667190621631828,0.2930215069021515,1.1027010007200455,1.1787706559745224,1.100846920956937,1.5718397249030125
1.2813164119347082,-0.56233965282819,-0.23609964871441805,-0.004422958029048172,0.3200640704847356,0.2683009997249988
-0.7764182091517684,-1.0626938558437988,-0.7751322552986809,-0.4492213957791754,-0.9074042316811012,0.1991875274078962
0.07144466712923346,-1.0626938558437988,-1.7677324939104635,-1.244566519650268,-2.495449522400594,-1.7280884677198622
-0.7764182091517684,0.06803209247917626,-0.17934719841402805,-0.214192393548131,-0.2327569383712667,-0.5972837849155719
0.44774335941125115,-0.56233965282819,-0.7197892275771733,-0.8450820016363049,-0.6163240061555176,-0.6687532537556325
-0.8764469754545833,0.6480284636168839,0.8073781531853723,0.8517304571026245,0.17900811520458537,0.5246137411362007
2.4864248821543344,-1.0626938558437988,-2.141039091846112,-2.5048817090849957,-1.9297763763932627,-2.452916869968087
-0.5477810290310489,0.9233932522095181,1.424532611953101,1.2883738211540912,1.167698980199021,1.3663235198317278
-0.6192301478187737,1.338608506062076,1.5069552672378073,1.360384349897099,1.4862779267631314,1.007218717104837
-0.5811239511319871,0.06803209247917626,-0.34876726598181085,0.18537970457614522,-0.20764437720954537,-0.9246238670048663
-0.8764469754545833,-0.20733269611345734,0.9943961263795283,1.0392792500129664,1.2294869317226496,2.0829782134328174
-0.7335487378791335,-0.20733269611345734,0.2904003791312164,0.23761620081144885,0.3329162076360649,0.7174088439538018
-0.7144956395357402,-0.20733269611345734,0.5344067210881783,0.5135121104627373,0.49436057865734623,1.1905668673138041
-0.8526306025253416,0.06803209247917626,-0.08303954975956704,0.6034916333958764,0.688926346877039,-0.41105222597601915
-0.9240797213130665,1.0410084257512708,1.1102587331714844,1.1705700384731275,1.0600337246646783,0.608526833787407
-0.8478673279394934,1.4237474552251266,0.8931936435201044,0.7190981475007912,0.11496791303105958,-0.28554301642696445
1.8862522843374456,-0.56233965282819,-0.7354895577705042,-0.5009143171741254,-0.4022101454292381,-0.699143524440123
-0.4096460660414474,-0.56233965282819,-0.37261287544006166,-0.23389590082616213,-0.4022101454292381,0.00370004436166852
1.6385620058733326,-0.20733269611345734,-1.1733170549194387,-1.2004490686889695,-1.1819971521628492,-2.110704138995158
1.176524371046045,-1.0626938558437988,-1.9899445276278087,-1.6970935856002451,-0.7023080742274255,-2.15954506197871
1.0336261334705952,-1.0626938558437988,-1.6491425277353755,-1.244566519650268,-2.495449522400594,-1.497829007585226
-0.9240797213130665,0.9233932522095181,0.8940207623557015,0.6786965161684075,0.8459198639383987,0.3382090431115458
1.0288628588847468,-1.0626938558437988,-1.107252294806972,-1.0621757938743313,-0.37141049614817273,-0.4456712533439769
-0.3953562422839024,-0.20733269611345734,-0.377491127963252,-0.5472854790547522,-0.5765066536018487,-0.5761554985863213
-0.9478960942423081,-0.56233965282819,-0.9408785827560299,-0.09699890261401678,-0.6163240061555176,-1.0964978385053683
0.23339600304807653,0.06803209247917626,-0.31056357757821723,-0.5314669214027508,-0.96788329143657,-0.850843004048734
-0.8335775041819483,-1.0626938558437988,-1.1054684924055747,-0.8156979718699264,-0.96788329143657,-0.44220774465786905
2.172048759488345,-1.0626938558437988,-2.2753361935236986,-1.8149170458027784,-2.495449522400594,-2.7136739907203773
-0.9621859179998531,2.054119200532493,1.770404733816891,1.0999757326947295,0.2239420603335628,0.6529710374935659
0.3048451218358014,0.06803209247917626,0.18598882567211011,0.01649802841322862,0.2239420603335628,0.1096357028052738
-0.8097611312527068,1.338608506062076,1.0831186464314504,0.7162236252051178,1.100846920956937,0.18620260620137533
2.3197102716496434,-1.0626938558437988,-0.9200446168838119,-0.8705996815805336,-0.8510995740835968,-0.08218064581649992
2.005334148983654,-1.0626938558437988,-2.127024421040043,-1.3641579365491812,-2.164551944321342,-2.425705372757558
-0.8812102500404316,-1.0626938558437988,-0.7553456583500128,-0.9477355583806234,-0.6581841478671907,0.2376060486222066
-0.1476659638197895,-0.56233965282819,-0.16635637099322056,-0.18568890011521133,0.5740427324604442,0.4035142038450068
-0.9574226434140048,0.06803209247917626,0.40528471376438335,0.4377566599761337,1.2379439384135897,0.5344581381654033
0.2953185726641048,-1.0626938558437988,-1.0317708733687903,-1.3016812162180795,-1.5988787983140098,-0.299113227305837
-0.3000907505669359,0.4832473463317343,1.0551047505965943,0.8556362158913218,0.9112422248085066,1.2221973373253863
-0.009531000830188067,-1.0626938558437988,-1.3145363424970673,-1.342674461717608,-1.4730773776884334,-0.8481430176513847
-0.6620996190914087,0.06803209247917626,0.13919413742785275,-0.2562651172618205,0.14761602027680515,0.019025102706137303
-0.8002345820810101,0.06803209247917626,0.03340731068499895,0.1526224470086616,0.8921885848117497,-0.1857523569715976
-0.7716549345659202,0.9233932522095181,1.0842297426449747,0.75311245740577,0.9480647342122167,0.7066607575224108
0.38582078979522294,-0.56233965282819,-0.7138992670931652,-0.6816299521226986,-0.37141049614817273,-0.657351860254239
1.0193363097130501,-1.0626938558437988,0.01890245664624982,0.2032510365906167,0.7822959299924696,1.7409200196042605
1.6861947517318159,-0.56233965282819,-0.5336378984169247,-0.573403727172404,-0.4022101454292381,-0.3082887490182052
-0.9240797213130665,1.2471573932472422,1.0021180927940967,0.6617193983247099,0.5834774484363009,0.14217110078700637
-0.28580092680939095,0.06803209247917626,-0.030662134605028438,-0.030427866011204202,0.11496791303105958,-0.309728867268447
-0.9097898975555215,0.2930215069021515,-0.08054989975152677,-0.17828960216239312,0.06340800044125627,-0.7198445539022919
1.6814314771459675,0.2930215069021515,-0.20785504346627634,-0.43284524356104437,-0.18328155780244723,-0.9656569900860985
-0.27151110305184595,1.148382666632493,0.7587187876801165,0.7128542578787644,1.2166347945713203,-0.20623362066706385
0.14765706050280666,0.2930215069021515,-0.2665134785532005,-0.49496847441957964,-0.7023080742274255,-1.0788353880001982
1.6052190837723943,-1.0626938558437988,-0.7934935053154716,-1.0621757938743313,-0.6581841478671907,0.1635365220772999
-0.8097611312527068,2.358750783077567,1.7860993228662088,1.6160687986879845,1.9245966662480645,0.3225957019493969
-0.8526306025253416,-0.56233965282819,-0.12327057251235335,-0.2439706764104422,1.0441867443633894,0.48705520638329347
-0.9097898975555215,-1.0626938558437988,-0.45021376480229763,-0.1303858424017199,0.525160227938412,0.830063465925319
-0.7954713074951617,1.148382666632493,1.3007498815546472,1.0472123281851193,0.6290811464485883,0.8432214330780605
0.7716460312489373,0.06803209247917626,0.04420682102519898,-0.06676032845600532,0.767457451346147,-0.16485135704565615
-0.009531000830188067,-0.20733269611345734,-0.7525390551429599,-0.924770180373965,-0.7023080742274255,-1.3007338297612263
-0.8955000737979766,-1.0626938558437988,-0.5423300829438548,-0.5039072658727841,-0.20764437720954537,0.6512063975832166
0.8907278958951454,-1.0626938558437988,-0.7271686081069351,-0.8917420911219391,-0.46753250629934595,0.2923158405752505
-0.88597352462628,1.5033896233472255,1.7247406292858438,1.681378212110784,1.8817814701939124,1.2274865248632991
0.8430951500366621,-0.56233965282819,-0.34534357099323226,-0.8450820016363049,-1.1042151012961297,0.05654861710838059
0.04762829419999184,-0.20733269611345734,-1.0997669547886035,-1.5237632712147509,-1.1042151012961297,-1.9694321288838426
-0.652573069919712,0.2930215069021515,0.49369847755978963,0.5384275044001178,0.7212511205834883,0.39122572537549105
1.6719049279742708,-1.0626938558437988,-1.4105162674135945,-0.8971342660446601,-1.2679812202347571,-1.0345018337287353
0.04286501961414351,1.0410084257512708,0.41237270117064617,0.6549107746893587,0.19426264985915923,-0.7414625587204492
0.3810575152093746,-1.0626938558437988,-1.2234817901764419,-1.342674461717608,-1.1042151012961297,-0.6713475202212442
-0.41917261521314403,0.06803209247917626,0.6906442308402931,0.059046946624102696,-0.11427479409411481,1.0876273516181156
1.0383894080564435,-1.0626938558437988,-0.7142756864493188,-0.5504947862999373,-0.6163240061555176,0.31734930062412015
1.10507525225832,-0.56233965282819,0.5105837335700903,0.624758431131303,0.6638137857153177,1.7166654005860156
-0.8955000737979766,0.7933757099177606,0.22179888506441284,0.15597164081343942,0.2937361794744193,-0.7960022292587845
-0.8764469754545833,2.694323868808026,1.9653687785927456,1.963856706938691,0.4176241318318146,0.275671329408108
-0.652573069919712,-1.0626938558437988,-0.48538296121698876,-0.00018584958082413873,-1.2679812202347571,0.761777417442434
-0.7335487378791335,-1.0626938558437988,-1.2573338482180518,-0.7517926765739397,-1.1819971521628492,-0.737076155286366
1.2146305677328315,-0.56233965282819,-1.0417043639889259,-1.2630657637897924,-1.033205652306678,-1.2913973281758235
1.981517776054412,-1.0626938558437988,-1.2480993403714042,-1.470460433735591,-0.010833507594516798,-0.7191460313478975
-0.8907367992121282,0.06803209247917626,-0.08800706192076405,-0.5252432315743947,0.28024671793106676,-0.4206603918616958
-0.5954137748895321,-1.0626938558437988,-2.3282665496216386,-0.9080513952065213,-1.9297763763932627,-2.8164458829212027
-0.8764469754545833,0.06803209247917626,0.16216388504661675,-0.07616184881254086,0.2525798703570481,0.063500442017697
-0.32867039808202586,-1.0626938558437988,-1.0836608658506184,-0.6472763774556309,-0.3130932756502835,-0.39986510405075165
-0.9050266229696732,0.9233932522095181,0.7629665220481171,0.6957468593020889,0.825258156736599,0.08449116703367207
-0.7764182091517684,-0.20733269611345734,-0.2631568006513937,-0.39358456527529734,-0.15962500745068847,-0.3549432714626192
0.152420335088655,-0.20733269611345734,2.859254439783427,2.4242263906489767,-1.5988787983140098,5.703109769427317
-0.9526593688281565,1.7154571887753904,1.453135476457741,1.4669111903122325,1.8078129488950914,0.44403353711000015
1.2289203914903766,1.148382666632493,0.33092974717024437,-0.04231978853236449,0.6201619992829226,-1.0323263211396665
-0.7764182091517684,0.9233932522095181,1.0912652790300343,1.182356717222516,1.7424905880249835,0.7202933479811093
0.48584955609803776,-1.0626938558437988,-1.7411103042629754,-0.7875558985699295,-2.495449522400594,-1.6763976610391178
-0.7240221887074368,0.9233932522095181,0.9047629223161752,0.8759627510724707,0.8111872246716694,0.3590113163221655
-0.9193164467272182,1.6487368696481015,1.3993247506195468,1.42734570168913,1.5432029521917325,0.42039210599042715
-0.6763894428489536,0.06803209247917626,-0.3678221370576919,-0.4464639178661017,1.0857801451534175,-0.9614156990134255
-0.652573069919712,0.4832473463317343,0.881083697305194,0.8740714406148679,1.0958555057486208,0.884820559412449
-0.8478673279394934,-1.0626938558437988,-1.0535026903110665,-1.5237632712147509,-1.1819971521628492,-0.3413086726564607
0.07144466712923346,0.6480284636168839,-0.03824400518631797,0.06800291206512231,-1.1042151012961297,-1.1103126868347628
1.1431814489451066,-1.0626938558437988,-1.3147889754356112,-1.7937746362613727,-1.5988787983140098,-0.8486335408037012
-0.6573363445055603,-0.56233965282819,-0.29489705620954393,-0.41949950703676864,-0.09251100185985872,0.1543246347906729
-0.814524405838555,-0.56233965282819,0.15704965153252984,-0.36864045198634376,0.26653053216275097,1.0307276196881858
-0.5477810290310489,0.7933757099177606,1.191276661900599,1.21787211478436,1.2123053741124798,1.0802770493027807
2.2101549561751317,-1.0626938558437988,-0.6248717106366616,-0.22792339474297102,-0.4022101454292381,0.4909399665841632
-0.6620996190914087,-0.20733269611345734,-0.038130260470476476,-0.2299082843331754,-0.5385419552887978,0.08075093649775801
-0.41440934062729573,2.469334454385051,2.0819491207729506,1.4565670478339288,1.902538733141095,0.7653572643752544
-0.9336062704847632,2.833124546422069,3.360093842394562,3.090986036144314,-0.37141049614817273,2.8174765321439743
1.9529381285393221,-1.0626938558437988,-0.728206362188562,-1.291815406667183,-0.6581841478671907,0.29030089190551933
1.9100686572666872,-0.20733269611345734,0.10117428799053198,0.05387464905303969,-0.37141049614817273,0.3506403068344376
1.0240995842988985,-1.0626938558437988,-0.8260929379841618,-0.9654947432132038,-0.7489547038097792,0.10024003916992161
-0.9383695450706115,-0.56233965282819,-0.08935750160434107,-0.09375045732131596,0.08095908209781587,0.5528155054338371
-0.638283246162167,0.4832473463317343,0.2807033135051278,-0.010114701776601856,0.6020258341916891,-0.27783422704678645
0.20005308094713825,-0.56233965282819,-1.2780813824503134,-0.3961311456807502,-1.1819971521628492,-1.7477851258540955
-0.3334336726678742,-1.0626938558437988,-0.9352763003272475,-0.8156979718699264,-0.6581841478671907,-0.1117551479413173
0.18099998260374495,0.6480284636168839,0.5087245260283789,0.15819511521463767,-0.28542642807626484,-0.05365152548134117
1.0860221539149268,-1.0626938558437988,-0.7593402941603848,-1.0218040416205616,-0.7023080742274255,0.22984988918648536
1.2384469406620733,-0.56233965282819,-1.4175822263212365,-2.0742733041046493,-1.2679812202347571,-2.0166896824413776
-0.0905066687896096,-0.20733269611345734,-0.44425915934499394,-0.5069137268009826,-0.37141049614817273,-0.7052771406212484
-0.8478673279394934,-0.20733269611345734,-0.6759246648232934,-0.6398770795028121,-0.5765066536018487,-1.152876044529558
-0.9193164467272182,0.06803209247917626,1.1076182728534079,0.9062375082272857,0.16346300057809388,1.8964266235913443
-0.9145531721413699,-1.0626938558437988,-0.9213680504865743,-0.5314669214027508,-0.8510995740835968,-0.08475028232728353
1.2622633135913148,-0.56233965282819,-0.02317555928960916,-0.14247828816345753,-0.18328155780244723,0.6811590630024037
-0.8097611312527068,1.5782019406724268,1.3965029562437028,1.4970131267761504,0.7212511205834883,0.5003811070158158
-0.7478385616366785,0.2930215069021515,1.6538168218219333,1.6868776228643947,1.7402205063317373,2.641158112152617
-0.843104053353645,-0.20733269611345734,0.0462042736933329,0.08183764874805946,1.0652483995479596,0.24412774346802577
1.4575575716110962,-1.0626938558437988,-0.9972165935027956,-0.9361538757739942,-0.8510995740835968,-0.23202112766278574
0.738303109147999,0.4832473463317343,0.5867010027265072,1.1085546592569846,0.7822959299924696,0.31442920853768885
-0.9193164467272182,-1.0626938558437988,-1.0073488116617604,-0.9477355583806234,-0.15962500745068847,-0.25169428516925685
-0.7573651108083751,0.2930215069021515,1.0300631704953387,0.9502300075108564,0.8594093254817513,1.430951539900945
0.9383606417536287,-0.56233965282819,0.046656061035385304,0.16591932733497922,0.2525798703570481,0.8165951358151106
-0.8955000737979766,0.7933757099177606,0.7331867182063463,0.84622362152628,-0.96788329143657,0.19275017103024805
2.5388209025986663,-0.56233965282819,-0.08703330003595582,-0.32826869973257417,-0.7984300843785986,0.5573224744783853
-0.25245800470845264,0.7933757099177606,0.593294249334564,0.7281197965847684,0.789615206340894,-0.07800070379139296
-0.9621859179998531,1.6487368696481015,1.292024836311781,0.8649176199948866,0.9658711244403901,0.21265137104904222
-0.4286991643848407,0.4832473463317343,0.8509476380808579,0.6638004311573084,-0.96788329143657,0.8264084483349816
1.381345178237523,-0.20733269611345734,0.408309217245065,0.4399412326224979,0.4513983519132168,0.9460227372030547
-0.6049403240612288,0.06803209247917626,0.35216946639170943,0.694259854669713,0.9947113637945704,0.43153660445859987
-0.45727881189993064,0.6480284636168839,0.2452613077685862,0.1310105258531301,1.2587108055720466,-0.5631148891872183
-0.7478385616366785,-0.20733269611345734,0.141515116506087,0.12520464806168666,0.3070062904338656,0.42881686070993136
-0.28580092680939095,-1.0626938558437988,-0.48167273058748,-3.640124545623051,-2.495449522400594,0.7689813633518573
-0.7240221887074368,0.06803209247917626,0.5746043914144484,0.5186995171374149,0.11496791303105958,0.86264248563246
-0.9621859179998531,1.338608506062076,1.1416725075491636,1.1259071521610688,1.1349573003059787,0.29955668395348567
-0.85739387711119,2.319572086010156,1.782733366939622,1.714035386712212,1.691029231542118,0.362287105107188
-0.7478385616366785,-0.20733269611345734,-0.07997514668237486,0.16151646855600382,-0.4342179279324365,-0.0002964038998615271
-0.7287854632932852,0.2930215069021515,0.5310439359807526,0.7828721992085536,0.5740427324604442,0.4635740100419224
0.4906128306838861,1.8963695854816123,2.165897419993144,1.7703852854771287,1.7171654747478504,1.6080063771325295
-0.7954713074951617,0.6480284636168839,0.2728127590245717,0.2617993216057619,0.16346300057809388,-0.5098750413250633
-0.5906505003036837,0.7933757099177606,0.8954635363108605,0.8334628964215782,0.6111442960103195,0.5070125144779519
-0.8621571516970383,0.6480284636168839,1.0049920593122257,0.8831011378035892,1.2869242665908203,0.9075525556433359
-0.45727881189993064,1.2471573932472422,1.2962122542954,1.3232327076323944,0.5928043367258662,0.711713393668405
0.02381192127075021,-0.56233965282819,0.2894414855390618,0.16261991531136938,-0.030499371057727126,1.2875695283333013
-0.88597352462628,0.4832473463317343,0.8011375425897034,0.8629946329107355,0.5548396384128148,0.7298720153989485
-0.6620996190914087,0.2930215069021515,0.6363625205741543,0.9105547354355685,-0.18328155780244723,0.6676472596577977
1.614745632944091,-0.56233965282819,-1.309251203324502,-1.4331087772000919,-1.033205652306678,-1.8079003943525767
1.0383894080564435,-0.20733269611345734,0.8367043734620362,0.8101089141201246,0.9359742339267227,1.7769958371856347
1.833856263893114,-1.0626938558437988,-0.6864216504521716,-0.337550103836139,-1.033205652306678,0.371431914003102
-0.7335487378791335,1.0410084257512708,1.0930949765307956,1.2140182114675822,1.190306903561004,0.5752760792945111
0.5572986748857627,-1.0626938558437988,-1.047422101048433,-0.8654173210722571,-0.7023080742274255,-0.3295023348517318
-0.7573651108083751,-0.56233965282819,-0.3109961838408165,-0.5634889539830537,0.2525798703570481,0.12311982394593776
-0.9526593688281565,0.4832473463317343,0.5400113402057221,0.46491207323456823,0.08095908209781587,0.22401236693564222
0.8049889533498755,-0.20733269611345734,1.0832967607871506,0.8804800999800158,1.0600337246646783,2.255497061788872
1.19081419480359,-0.56233965282819,0.012458944438282049,0.008208336747051737,-0.4342179279324365,0.7502691618515717
-0.1476659638197895,-1.0626938558437988,-0.3610694630217964,-0.5069137268009826,-0.5765066536018487,1.0031499374380264
-0.7002058157781953,0.06803209247917626,0.7910802644284813,0.8989793441195402,0.7052487678224237,1.282397300714992
-0.6192301478187737,2.2372732423661383,1.029013634891921,0.8579687225299247,0.8792344423053089,-0.9971341072679271
0.8192787771074206,-1.0626938558437988,0.17155809314888862,-0.16734256171234138,0.4623527961541478,2.0373228737522266
-0.49538500858671725,-0.56233965282819,-0.2324342890237649,0.49636841212728633,0.04547115000298754,0.275406641732089
-0.7859447583234651,-1.0626938558437988,-0.3046096237680977,-0.08569800171433253,-0.050650860148185636,1.11277482835545
-0.6906792666064986,-0.20733269611345734,-0.07071217939024502,0.557587832044045,0.3329162076360649,0.017643594243851785
0.24292255221977319,-1.0626938558437988,-0.03313431770294492,-0.010114701776601856,0.2092372689416153,1.6398831447720077
2.5483474517703626,-1.0626938558437988,-1.730298791601241,-1.9581661591936625,-1.5988787983140098,-1.655405555644178
-0.6335199715763187,0.6480284636168839,1.0608752541374362,0.8956871815888785,1.6813137139110432,1.0158783974423138
-0.7573651108083751,0.06803209247917626,0.06225641735719456,-0.04834634517883348,0.09814063970798567,-0.12991657623979122
-0.7287854632932852,-1.0626938558437988,-1.3440743000157416,-1.9069154958023462,-1.1042151012961297,-0.9054952066358057
-0.6573363445055603,-0.56233965282819,-0.08702394326054766,-0.10190147664263403,0.17900811520458537,0.5573406186809167
-0.9145531721413699,2.469334454385051,3.221052972322706,3.269089587882137,0.3070062904338656,2.9746847301520085
-0.8097611312527068,-0.20733269611345734,0.13086975407960846,0.23761620081144885,0.23838657621939405,0.40818638903554083
-0.6859159920206502,-0.56233965282819,-0.6550065682181885,-0.11682954802229412,-0.37141049614817273,-0.5433362783708072
-0.6192301478187737,0.9233932522095181,0.8303663164344792,1.0791465954942787,0.2937361794744193,0.2149589304933555
0.9050177196526904,-0.56233965282819,-0.3397612183106048,-0.3100851819238715,-0.4342179279324365,0.06736780295139473
0.48108628151218946,-1.0626938558437988,-1.4480682063000794,-1.8826971918108517,-1.2679812202347571,-1.1074143191091994
-0.7478385616366785,-1.0626938558437988,-1.3798179332946288,-0.835142563917442,-1.033205652306678,-0.974896606834332
-0.8812102500404316,1.148382666632493,1.1787569908424589,1.0015807712333575,0.9112422248085066,0.6068462709825108
0.8669115229659038,-1.0626938558437988,-1.5243958560875306,-1.1835891817168884,-0.34173108567376953,-1.2556154190863746
-0.7859447583234651,0.2930215069021515,-0.04559624006657307,0.20532236007859916,-0.050650860148185636,-0.6523129968979873
1.995807599811957,-1.0626938558437988,-1.3408197783044513,-1.5521049937336002,-0.15962500745068847,-0.8991760850742752
-0.8764469754545833,0.4832473463317343,0.10132600013084518,0.6907772096372748,1.5077150200969043,-0.6245961968797328
1.5432965141563662,-1.0626938558437988,-1.5062907251087359,-1.291815406667183,-1.2679812202347571,-1.220461705671117
-0.07621684503206462,-0.20733269611345734,-0.8898002380341222,-1.3641579365491812,-0.2327569383712667,-1.565378360527705
-0.7192589141215886,-1.0626938558437988,-1.4992900947716563,-0.8302279293267634,-0.28542642807626484,-1.2068689759148898
-0.9478960942423081,1.8963695854816123,1.3471158738142968,0.8485892722005501,1.125356085534786,0.021637671834358538
-0.3143805743244809,0.4832473463317343,0.13379792823956707,0.27310250608667214,0.4402948630471784,-0.5618517505959721
-0.9478960942423081,2.9813856672841825,2.624902584016155,2.478196593694296,1.7972825596611084,1.218219719923814
-0.8764469754545833,-0.56233965282819,-0.3116073600931378,0.14133522824255662,-0.5385419552887978,0.12193520944786457
-0.8907367992121282,1.338608506062076,1.018694427685957,1.1637399276809437,1.5197166164286622,0.061516701736350064
1.090785428500775,-1.0626938558437988,-0.5028303955448393,-0.6623262827218825,-0.5022651455660757,0.7279007165828183
-0.7716549345659202,1.6487368696481015,0.7214880164342914,0.6522734248481354,1.44490758831264,-0.889952110076635
-0.9097898975555215,1.2471573932472422,1.169310503229428,1.3940126411547502,1.930019236647057,0.4658832404932674
-0.9288429958989148,1.338608506062076,0.7665902958413608,0.7776389309046923,1.8643965652519376,-0.42601231545364576
-0.843104053353645,0.2930215069021515,-0.6559463220330636,-0.7096311325914295,0.4623527961541478,-1.8284553144227058
-0.8621571516970383,0.6480284636168839,0.6636122646959824,0.7625840219193357,-0.6581841478671907,0.24616648189157966
-0.7716549345659202,0.2930215069021515,0.6835757067513791,0.5867921254021063,0.8459198639383987,0.7591498146569279
-0.4858584594150206,-1.0626938558437988,-1.0304360738505316,-0.8863932273087582,0.02713119071853385,-0.29652152223689004
-0.9431328196564598,2.358750783077567,1.6890527515728224,1.5791377516498064,2.085389762435994,0.13475699618936743
1.8100398909638724,-1.0626938558437988,-1.613777540661858,-1.3977413531144138,-1.7476702981701815,-1.4291628034040569
0.3524778676942847,-0.20733269611345734,-0.7289743497667329,-0.36376182236793736,-0.28542642807626484,-1.2552664963335398
-0.8097611312527068,0.06803209247917626,-0.015391985664932646,0.0434079508438493,0.8985893536433969,-0.28018401766643153
1.1146018014300167,-1.0626938558437988,-2.363682262058025,-2.90852570323601,-1.5988787983140098,-2.8852105776833707
-0.8955000737979766,0.06803209247917626,-0.13314209714632494,-0.007262748961508164,1.1058079930281992,-0.507948842637523
1.4146881003384613,0.06803209247917626,-0.7454076971823969,0.5931758166480182,-1.9297763763932627,-1.6891442224169924
-0.6620996190914087,1.8963695854816123,1.8599518754689512,1.583720907830558,1.4862779267631314,1.0148273728329864
2.1101261898723167,-1.0626938558437988,-1.5142892962409116,-1.2265673168066213,-0.6581841478671907,-1.2359920808802984
0.9812301130262636,-0.56233965282819,0.3662604052726565,0.4185173451067025,-1.033205652306678,1.4366160998387405
-0.9574226434140048,-0.56233965282819,-0.4216122070109718,-0.16553542365761845,0.8660713530288568,-0.09125230378315438
1.7100111246610574,-0.56233965282819,-0.7074639114752609,-0.44098298186834195,0.09814063970798567,-0.6448944075111207
0.957413740097022,0.06803209247917626,0.1903229366961589,0.20117325030437053,1.1397158784677761,0.1180288257586922
0.7906991295923306,-1.0626938558437988,-0.7112918246198588,-0.5634889539830537,0.6638137857153177,0.3231428971325585
0.5191924781989761,0.2930215069021515,-0.405407259867059,-0.3961311456807502,-0.37141049614817273,-1.3465769488395085
-0.019057550001884718,0.7933757099177606,0.18187454239315137,0.2125216730560425,0.13145521807489544,-0.8730548234381367
-0.9574226434140048,-0.56233965282819,-0.575919276471332,-0.497934759789593,0.008369586453112622,-0.3901839535370287
1.090785428500775,-0.56233965282819,-0.9263895151882338,-0.7517926765739397,-0.8510995740835968,-1.0684804519494087
-0.5239646561018072,1.5033896233472255,0.5829123052916142,0.18324531183710893,0.5548396384128148,-0.9815499348999691
-0.681152717434802,0.06803209247917626,0.13390154827093062,0.22968836950809385,0.26653053216275097,0.008777844919943456
0.9717035638545669,-0.20733269611345734,0.11591504464576073,0.16482133868640592,-0.34173108567376953,0.3792054715115427
-0.5811239511319871,-0.20733269611345734,-0.5184011112569129,-0.8109242599259479,-0.18328155780244723,-0.8486008339635795
-0.2191150826075144,0.7933757099177606,0.355366340562166,0.3506031201394124,1.4674441560881033,-0.5380491301967226
0.914544268824387,0.2930215069021515,-0.35738405459202055,-0.9135778166702664,-1.1042151012961297,-1.254045944566776
0.1143141384018684,-1.0626938558437988,-0.39064771898530354,-0.08091285563149007,0.2937361794744193,0.9457195032322702
2.2196815053468284,-1.0626938558437988,-1.3939903973670777,-1.537783367254372,-0.07131256734998571,-1.002414482345668
1.3289491577931916,-1.0626938558437988,-0.7656588099096214,-0.32826869973257417,-2.495449522400594,0.21758158291912907
0.23815927763392486,-0.56233965282819,-0.8870150432893097,-0.7015099348130508,-0.13663492822009354,-0.9923310749575541
-0.25245800470845264,-1.0626938558437988,-1.151914518640819,-1.0691489462231807,-1.033205652306678,-0.5323893786633699
-0.042873922931126345,-0.56233965282819,-1.0418085545100997,-0.497934759789593,-0.7023080742274255,-1.2915986684742404
-0.9621859179998531,2.1025185529775836,1.2669440181662295,1.0115155750097922,1.5432029521917325,-0.37875194263026646
0.7906991295923306,-1.0626938558437988,-1.9865032240576113,-1.6451766590573078,-1.7476702981701815,-2.15286327659846
-0.8526306025253416,0.06803209247917626,0.008883578766605128,0.2186311651238153,0.7052487678224237,-0.23321096755134557
-0.88597352462628,0.6480284636168839,-0.17576581788613804,0.2570324439534671,1.0059680090545104,-1.3752280963110723
0.8430951500366621,-1.0626938558437988,-1.3049508257106643,-0.8863932273087582,-0.6581841478671907,-0.8295313594180903
-0.9193164467272182,1.2471573932472422,1.6904006829852458,1.4092786713892738,0.26653053216275097,1.4758393738714743
-0.9288429958989148,-1.0626938558437988,-1.212948752769879,-1.1432174294631183,-0.25866685557346636,-0.6508961145497704
1.6195089075299394,-1.0626938558437988,-1.4743918797129452,-1.1590736539023403,-0.5022651455660757,-1.1585255136250825
-0.8716837008687349,1.0410084257512708,0.7717565651109667,0.30679309241870245,0.9947113637945704,-0.04686028205119741
-0.9478960942423081,-0.20733269611345734,0.005719040646645546,0.008208336747051737,1.1584774827331974,0.16569251152011005
1.3718186290658265,-0.56233965282819,-0.10443756806833833,-0.6661425107273722,-0.09251100185985872,0.523573489056705
-0.13813941464809285,-1.0626938558437988,-1.1020648516026985,-1.0416840243109131,-1.3641032303859306,-0.4355990869523311
-0.9621859179998531,1.5033896233472255,0.8084837172542826,1.0108989731467621,1.818209189391613,-0.5462539824284665
2.005334148983654,0.7933757099177606,0.4825139352758696,0.35886538449474825,1.0958555057486208,-0.29227873884616506
-0.11908631630469955,0.9233932522095181,0.1488265921700958,0.31561348579807835,0.5548396384128148,-1.1019911887634664
1.5766394362573044,-1.0626938558437988,-3.485779357878582,-3.178537068282631,-2.495449522400594,-5.063923329155261
0.8335686008649655,-0.56233965282819,-1.0508955258952815,-0.7649798394662016,-0.9074042316811012,-1.3091580245443408
0.9478871909253254,-1.0626938558437988,-0.6370790948558431,-0.08730072201743677,0.744681261211917,0.4672375759804354
-0.8907367992121282,1.338608506062076,0.9301017549982122,0.819220038346083,1.369732868234058,-0.1098831867540099
0.21434290470468323,0.2930215069021515,-0.36485584892795675,-0.4274748115152992,0.8985893536433969,-1.2684456240934336
-0.05716374668867132,-0.20733269611345734,-0.2959809354312745,-0.4492213957791754,0.13145521807489544,-0.4184632993429736
-0.8716837008687349,-0.56233965282819,-0.37102167121818336,-0.1355414549749615,0.7291361465854255,0.0067837347543356795
-0.23340490636505937,0.9233932522095181,-0.31331628121719923,-0.45477084426498326,0.6466322281051479,-1.9900858248593771
-0.14290268923394117,0.06803209247917626,-0.08866321275332577,-0.22792339474297102,0.40604813855664385,-0.42192950049411715
0.8097522279357239,-1.0626938558437988,-0.627088566108044,-0.8156979718699264,-1.033205652306678,0.48663562313504394
0.8097522279357239,-1.0626938558437988,-1.4003284133188993,-0.8971342660446601,-0.5385419552887978,-1.014720651058428
2.5150045296694246,-1.0626938558437988,-1.5531977996023625,-1.008872956395172,-0.8510995740835968,-1.3115385311206764
-0.042873922931126345,-1.0626938558437988,-1.0468273181019834,-1.0761958899139523,-0.96788329143657,-0.3283474782937614
1.614745632944091,-1.0626938558437988,-1.359654516276322,-0.7388615913485498,-1.3641032303859306,-0.9357464353075933
2.114889464458165,-1.0626938558437988,-1.5275704567893085,-1.3016812162180795,-0.9074042316811012,-1.2617793625236737
2.1577589357308002,-1.0626938558437988,-0.7941358391293871,-0.7015099348130508,-1.033205652306678,0.16228933867731432
2.10059964070062,-1.0626938558437988,-0.282247263862962,-0.9080513952065213,-2.495449522400594,1.1561945634744457
-0.6478097953338636,-1.0626938558437988,-0.5226952828082572,-0.8109242599259479,-0.5385419552887978,0.6893301834724812
1.0717323301573818,-1.0626938558437988,-0.9404554018583626,-0.9191504848762425,-0.8510995740835968,-0.12181111777586752
-0.9478960942423081,0.7933757099177606,0.7618187214260936,1.0605140202658137,0.6466322281051479,0.24818481128171999
-0.8669204262828867,-0.20733269611345734,0.1706654842996992,0.4177661549937763,0.3329162076360649,0.4853124847756398
1.0240995842988985,-0.56233965282819,0.6669080076982086,1.013361962415828,-0.28542642807626484,2.0200370352671317
0.1714734334320483,-0.56233965282819,-0.5395198541688773,-0.9361538757739942,-0.96788329143657,-0.3196822548566721
0.8383318754508139,-0.56233965282819,-0.821176953994299,-0.5346007152542148,-0.7489547038097792,-0.8649666817810328
-0.6620996190914087,-1.0626938558437988,-1.3032576588936067,-1.2355061082598258,-1.3641032303859306,-0.8262438327428743
-0.43346243897068903,0.9233932522095181,-0.12762051270731456,-0.03338099707915998,-0.34173108567376953,-1.633941335885537
-0.5382544798593522,1.5782019406724268,1.7001502648255735,1.719911120355224,0.17900811520458537,1.0887474752119717
0.5144292036131277,-1.0626938558437988,-2.3082112370017884,-3.0299390910785666,-2.495449522400594,-2.777505611618148
2.067256718599682,-1.0626938558437988,-0.5604802685075871,-1.3641579365491812,-1.4730773776884334,0.6159652042171762
-0.32867039808202586,-1.0626938558437988,-0.6929739290724007,-0.4717021791170215,-0.8510995740835968,0.35870972353111746
2.12917928821571,-0.56233965282819,-0.8512904431354548,-0.628930039052761,-0.96788329143657,-0.9232267500113628
0.3524778676942847,0.06803209247917626,0.6580792594438503,0.39793172310644465,-0.4022101454292381,1.024483339978124
0.7716460312489373,0.06803209247917626,-0.22095134200256764,-0.20839325706434073,-0.4342179279324365,-0.677701933213393
1.4289779240960063,-0.20733269611345734,0.703669727206918,0.8175727153922676,-0.4022101454292381,1.518894615947718
-0.5715974019602904,-1.0626938558437988,0.4859291173747274,0.4274661467058586,-0.28542642807626484,2.647719390885397
-0.9288429958989148,-0.20733269611345734,0.3957495179225476,0.3924891828861284,0.3329162076360649,0.9216682552047154
-0.88597352462628,-0.56233965282819,-0.6365414642191565,-0.337550103836139,-0.96788329143657,-0.5075826383723366
-0.814524405838555,1.0410084257512708,1.5248231522062377,1.3044453092141974,1.362542567601826,1.4120949781745924
-0.9240797213130665,-0.20733269611345734,0.10594886403728133,-0.0777417545702005,0.04547115000298754,0.35989252645108644
-0.8049978566668584,0.06803209247917626,-0.08245353021946611,-0.1252698379986525,0.3580287687977862,-0.4099187299752444
-0.8955000737979766,1.7154571887753904,0.9953655992165532,0.8679828956693805,0.7212511205834883,-0.44154548668480287
1.8386195384789623,-1.0626938558437988,-1.106568619890189,-0.9135778166702664,-0.5765066536018487,-0.44434380025225706
-0.8526306025253416,1.951224185270838,1.6173321111802115,1.4161952955801587,1.3516369196682732,0.4791558874978081
1.657615104216726,-0.56233965282819,-0.2539314025215418,-0.35171936102869567,-0.6581841478671907,0.2337332890655723
-0.814524405838555,-0.20733269611345734,0.03678558675532752,-0.027487773091960252,0.8594093254817513,0.22587932813129424
-0.6144668732329254,0.06803209247917626,-0.4646564429742468,-0.7431441139178743,0.14761602027680515,-1.1482998927846686
2.2816040749628566,-0.20733269611345734,-0.3476287057056594,-0.3735550865770224,0.26653053216275097,-0.5183901471840245
0.8145155025215722,0.06803209247917626,-0.5498892809379285,-0.4012537091284656,-0.4342179279324365,-1.312662162000807
0.8383318754508139,-1.0626938558437988,-0.4818819358252146,-0.7431441139178743,0.008369586453112622,0.7685751613210128
1.1717610964601965,-1.0626938558437988,-0.8042152990106783,-0.4832337220583408,0.02713119071853385,0.14271861894805624
-0.8716837008687349,-0.56233965282819,-0.45120066453672003,-0.3056158365269802,-0.37141049614817273,-0.14858345635013695
2.1911018578317383,-1.0626938558437988,-0.8568726292156235,-1.0761958899139523,-0.5765066536018487,0.0404768457509831
-0.88597352462628,1.338608506062076,0.8381602082102426,0.6802186424642344,1.2749520150692093,-0.2876781071207632
1.1812876456318933,-1.0626938558437988,-0.522865534412267,-0.35891867400613964,-0.34173108567376953,0.6889996155189625
-0.85739387711119,1.2471573932472422,0.8874018830121903,0.6108438011018528,1.6386816088665368,-0.07980551091175893
0.8812013467234487,-1.0626938558437988,-0.5612875702040246,-0.4301546137815194,0.4176241318318146,0.6143977119681857
-0.9526593688281565,0.2930215069021515,0.1834185115519304,-0.497934759789593,-0.2327569383712667,-0.2094931644939531
0.48108628151218946,-0.56233965282819,0.10892161734925142,0.03544853380467958,-0.6163240061555176,0.9373688398270491
-0.88597352462628,1.7154571887753904,1.388275967737787,1.038983609624317,-0.96788329143657,0.3184454673557639
1.2051040185611348,0.2930215069021515,0.5114930558996291,-0.005841339746299646,0.7369457166358959,0.4256976084202682
0.781172580420634,-0.20733269611345734,-0.18330931083879692,-0.5868573153390715,-1.2679812202347571,-0.20038719712644487
-0.7811814837376168,0.6480284636168839,0.9957483758340236,1.0422284575104241,0.9832972778391466,0.8896356403492395
-0.5668341273744422,-1.0626938558437988,-0.624127733685398,-0.44098298186834195,-0.4342179279324365,0.49238450474093814
-0.18100888592072778,0.4832473463317343,0.48001498984938173,0.5333920931530894,1.4955342888596344,0.107849673736453
-0.88597352462628,-0.56233965282819,0.13518521276501022,0.5095948640820392,0.11496791303105958,0.9883142471268784
-0.6001770494753804,-0.20733269611345734,0.9605038960525116,1.0937406416805155,0.7599357958664912,2.017210755979898
1.9053053826808388,-1.0626938558437988,-0.7108728537852094,-0.03190279455322656,-0.5022651455660757,0.323956389212117
-0.5430177544452005,0.6480284636168839,1.4632933147986167,1.546140841083766,0.7132891662841367,1.796275630963326
-0.8478673279394934,1.8963695854816123,1.7240459439413662,1.546830852506495,1.0388352901548052,0.7514596107097453
1.9148319318525355,-1.0626938558437988,-0.7213306918272486,-0.8501079120171156,0.06340800044125627,0.3036509939126514
-0.8621571516970383,0.7933757099177606,0.9219886604176861,0.9162678425579543,0.959978724527841,0.5583971167488986
-0.9526593688281565,2.319572086010156,1.6444590156922811,1.6610096941123589,1.9407574684499742,0.09464970840516838
-0.3810664185263574,0.6480284636168839,0.8231315590287825,1.1722666762431044,0.14761602027680515,0.5551330932487195
-0.8240509550102517,-0.56233965282819,-0.6573377493385031,-0.16553542365761845,-0.4022101454292381,-0.5478499223423747
-0.9097898975555215,0.7933757099177606,0.40860292597120806,0.811358704848855,0.9947113637945704,-0.43516876092503887
-0.8764469754545833,-0.20733269611345734,-0.12359518000729088,0.005422014839029171,0.8111872246716694,-0.08476933411290398
0.8240420516932688,-0.56233965282819,-0.6294304519846772,-0.6816299521226986,0.5351737749496048,-0.49381305362457356
-0.7573651108083751,0.6480284636168839,0.5998355998437822,0.5539221532587079,0.832203678170083,0.12268981085369225
1.5766394362573044,-1.0626938558437988,-1.2778411706662145,-1.6126858267642297,-1.4730773776884334,-0.77689406862272
-0.9478960942423081,-0.20733269611345734,0.017063789880076393,0.05646581949932109,0.19426264985915923,0.18767061794225304
-0.9240797213130665,0.6480284636168839,0.8396629155778244,0.9724906521860971,1.6861859304274787,0.5871611478467248
-0.7049690903640435,-0.20733269611345734,0.21414318439687402,-0.014415663752938287,0.6466322281051479,0.5695830887942755
1.0050464859555053,-1.0626938558437988,-0.16859268613093562,-0.19505515809607082,0.767457451346147,1.3768712577553814
-0.5477810290310489,0.6480284636168839,0.3340636653882146,0.20532236007859916,0.9775298061844006,-0.39148176885230296
-0.7907080329093135,1.5782019406724268,1.6340755810589995,1.615322519232412,2.2651095996533677,0.9606759076923262
2.5388209025986663,-1.0626938558437988,-2.7028443713376835,-1.9581661591936625,-2.495449522400594,-3.5437425488077876
-0.9526593688281565,-0.20733269611345734,1.9281817028832398,1.584764072272571,-1.1819971521628492,3.8954628400239244
0.8478584246225105,-1.0626938558437988,-0.2953453622432467,-0.2239712765289708,-0.28542642807626484,1.1307627233356106
2.010097423569502,-1.0626938558437988,-1.1933121638062998,-1.2630657637897924,0.008369586453112622,-0.6127688553939334
-0.8240509550102517,1.0410084257512708,1.3517395784542698,1.0267479400474369,1.011538637117644,1.0765070907896925
1.2956062356922533,0.2930215069021515,0.6520531489617142,0.5477674887049749,0.3329162076360649,0.6980556120532069
-0.9097898975555215,1.0410084257512708,0.7227780550114487,0.6575377207566376,1.636103111168532,-0.14161060778361986
0.038101745028295185,-0.56233965282819,-0.7029796901998808,-0.5537196350451633,0.47316214414747326,-0.6362137318615882
-0.7383120124649818,0.6480284636168839,0.9084549108850012,1.142818941238667,1.691029231542118,0.7204560488740426
-0.8526306025253416,1.5033896233472255,1.315224057447405,1.2808075156865026,0.3329162076360649,0.4339422891331001
-0.8621571516970383,0.06803209247917626,0.07586315280601189,-0.16915461715558652,0.394305578520509,-0.10357910349646018
0.20481635553298658,1.148382666632493,0.4802081816708649,0.44284289283214306,0.8660713530288568,-0.7443654078790605
-0.9288429958989148,2.2791086149554682,1.3500755671275344,1.2982635523216473,1.1858351452902547,-0.42684788862696993
-0.8002345820810101,0.2930215069021515,0.8904843396201942,0.8752068713494358,1.2948092925927575,1.1602698494229007
-0.9478960942423081,3.5642890487257435,3.0270402624833546,2.6556504185933276,0.2092372689416153,1.3210376858115023
-0.7859447583234651,0.2930215069021515,0.16593480634221533,-0.014415663752938287,1.3405835609562786,-0.24331889445353086
-0.9478960942423081,-0.20733269611345734,-0.1581907538430619,0.4340997042484594,1.011538637117644,-0.15175616800600608
-0.9526593688281565,1.148382666632493,0.6303801920917353,0.41475289209459154,1.1858351452902547,-0.45433022047532534
-0.7430752870508301,0.2930215069021515,0.413130908938385,0.19699812713282683,0.6971283640822278,0.2351742838217591
-0.7811814837376168,0.06803209247917626,-0.16484500581604883,0.042087970303650996,0.11496791303105958,-0.5692472067081781
-0.7430752870508301,2.1939696657924173,2.1721794852651763,1.7903928531787903,1.4674441560881033,1.26546001686539
-0.88597352462628,-0.20733269611345734,-0.020882144391536694,0.020604495472077683,0.008369586453112622,0.11416126875924801
0.914544268824387,-0.56233965282819,-0.4265180292798119,-0.35651024474623383,0.832203678170083,-0.10075824994657255
0.2715021997348631,-1.0626938558437988,-0.27176459792541097,-0.4090122042401139,0.394305578520509,1.1765481657006962
-0.7478385616366785,-0.20733269611345734,-0.1426138714206959,-0.18383135368206674,0.6201619992829226,-0.12159599830977798
-0.9097898975555215,-0.20733269611345734,-0.4310667766603446,0.0434079508438493,0.504756819153868,-0.6797683858114106
-0.8240509550102517,-1.0626938558437988,-0.5008453146298685,-0.22200397830500243,-0.3130932756502835,0.7317550364257799
-0.7621283853942235,-1.0626938558437988,-0.952060637191506,-0.44098298186834195,-0.25866685557346636,-0.14434434979146407
-0.5287279306876556,1.5033896233472255,0.6180386954378184,0.9924475143459979,-0.5765066536018487,-0.9138210283015636
1.8719624605799006,-1.0626938558437988,-1.714376756534778,-2.1409218781080845,-1.5988787983140098,-1.6244906366430574
-0.7811814837376168,3.859813392124394,3.567128687334974,3.1602918606842074,0.2525798703570481,2.0268081450285282
0.5096659290272794,-1.0626938558437988,-0.7064333784846737,-0.33989080910895314,-0.3130932756502835,0.3325762684392782
-0.5287279306876556,-0.56233965282819,-0.3409538382635265,-0.07616184881254086,0.6290811464485883,0.06505636752341228
1.2051040185611348,0.4832473463317343,0.5880755190924353,0.7540203375252522,0.9174958480720942,0.3170912554478278
-0.9383695450706115,2.1939696657924173,1.814990982187569,1.454193527567299,2.16749263791634,0.5732677407003212
-0.03334737375942969,0.4832473463317343,0.028905013847497375,0.14247259822782624,0.02713119071853385,-0.764482202678149
1.700484575489361,-1.0626938558437988,-1.0107356132515568,-1.7534028840076028,-0.5385419552887978,-0.2582702471228871
-0.5525443036168971,0.06803209247917626,0.7793809491094796,0.7080111095169667,0.8526924658156667,1.259707797900247
0.3191349455933464,0.2930215069021515,0.39587002424230544,0.3217189768326551,0.3200640704847356,0.20174728296771854
-0.9288429958989148,-0.20733269611345734,-0.44962842550005827,-0.4382593381350067,-0.4342179279324365,-0.7156585873543053
1.0526792318139886,-0.56233965282819,-0.47370349272780415,-0.09537269920637742,-0.34173108567376953,-0.1921820706761548
-0.6573363445055603,0.6480284636168839,0.7384230826451277,0.6119677337981793,0.6638137857153177,0.3910438013420675
-0.8192876804244034,-0.20733269611345734,0.9349812633229725,0.8050861627324307,-1.4730773776884334,1.9676856269916216
-0.8621571516970383,0.7933757099177606,0.6848406727571212,0.7370208572260702,0.6020258341916891,0.09916154449309729
-0.7907080329093135,0.7933757099177606,0.5465181947366632,0.5063127974852939,0.23838657621939405,-0.1684928568575099
1.10507525225832,-1.0626938558437988,-0.6856972466878337,-0.6777241933340014,-0.6163240061555176,0.3728384480048884
-0.3953562422839024,0.7933757099177606,0.9942202976134478,0.995295401642182,0.789615206340894,0.698345479316204
1.7100111246610574,-1.0626938558437988,-0.9530130848745249,-0.4274748115152992,-0.5022651455660757,-0.14619366383017968
0.8097522279357239,0.06803209247917626,-0.048945111252655556,-0.06987944406233111,-0.25866685557346636,-0.3451000655957727
-0.7764182091517684,0.4832473463317343,0.5447761422311538,0.5815232014928916,1.7951600777299817,0.23323893880454982
-0.13813941464809285,-0.20733269611345734,-0.7766266974617828,-0.1303858424017199,-0.6163240061555176,-1.3472004572892946
2.2816040749628566,-1.0626938558437988,-1.1153915814303756,-1.1753166534153046,-0.96788329143657,-0.46147484789951426
-0.7097323649498919,-1.0626938558437988,-0.6418555151000448,-0.34223977085484736,-0.15962500745068847,0.4579634697277847
-0.8097611312527068,0.4832473463317343,1.0353883863937539,1.244893931513494,1.1301708124352978,1.183967051703872
-0.2762743776376943,0.06803209247917626,0.6402592901729691,0.34307840771034576,0.7749104149489473,0.9899317718945256
0.08573449088677844,-1.0626938558437988,-1.3577221581896017,-2.01369247107402,-1.2679812202347571,-0.9319944844116962
-0.7526018362225269,-1.0626938558437988,-0.21593020019302617,-0.20839325706434073,0.37030108791939076,1.2849586720315613
-0.8907367992121282,1.0410084257512708,1.078157092164791,0.8485892722005501,1.1584774827331974,0.546338884772673
0.9669402892687187,-1.0626938558437988,-1.9087882637619433,-2.1409218781080845,-2.164551944321342,-2.001968513919758
-0.652573069919712,1.2471573932472422,0.9085764636788243,0.737486054565628,1.390931302743931,-0.038841703519491066
0.943123916339477,-0.20733269611345734,-0.3488879237458965,-0.44098298186834195,-0.5022651455660757,-0.5208261345536261
1.0860221539149268,-1.0626938558437988,-1.6519477790107533,-2.1067641363977274,-1.9297763763932627,-1.5032758060374394
-0.9193164467272182,0.7933757099177606,0.8617958398772271,0.9718368180987214,0.9420418740895723,0.4417975837094439
0.2715021997348631,-1.0626938558437988,-0.6975482491414665,-0.39104768615204105,-0.46753250629934595,0.3498280238093128
2.4864248821543344,-1.0626938558437988,-1.5090571413781912,-1.4211097144704317,-0.7023080742274255,-1.2258331003789291
0.7716460312489373,0.7933757099177606,0.5977858648579197,0.624207392651789,1.3218219566908573,-0.06931020277920381
-0.88597352462628,0.2930215069021515,0.40148752296267304,0.45432472837891147,0.49436057865734623,0.21262576413666728
1.7147743992469058,-0.20733269611345734,0.9582123891338081,0.6400052451358287,0.2937361794744193,2.0127641812689996
1.8624359114082039,-1.0626938558437988,-1.467877076079269,-1.5100322700199111,-0.15962500745068847,-1.1458760862244652
1.0240995842988985,-1.0626938558437988,-0.4716374497589744,-0.8156979718699264,-0.4022101454292381,0.7884663031018154
-0.8621571516970383,-0.56233965282819,-0.019908773468611737,-0.021646244717921134,-0.20764437720954537,0.6874945544084858
-0.7526018362225269,0.06803209247917626,0.15024634631478723,0.2589432916476353,0.3200640704847356,0.04042453574748999
0.40487388813861624,0.06803209247917626,1.1371078049554715,0.8034034581997108,1.8585183128806255,1.9536428911954806
0.44774335941125115,-1.0626938558437988,-1.4274260324079882,-1.5100322700199111,-2.495449522400594,-1.0673345723169563
0.8907278958951454,-1.0626938558437988,-0.90334251614424,-1.662036546029389,-0.46753250629934595,-0.049751117219366155
1.4289779240960063,-0.56233965282819,-0.12552614044171861,-0.36864045198634376,-0.010833507594516798,0.4826816147996359
-0.9526593688281565,1.0410084257512708,0.68140067103387,0.7393436009987726,0.42903821778723844,-0.2216375783097825
2.0148606981553505,-1.0626938558437988,0.7024750464498674,0.38305436205380405,-1.2679812202347571,3.0681744287895167
0.38582078979522294,-0.56233965282819,-0.6399931814283845,-0.5700823738310379,-0.050650860148185636,-0.5142663245144126
-0.88597352462628,-0.20733269611345734,0.3157866244086711,0.4017921974801437,-0.6581841478671907,0.7666258512147277
-0.5763606765461388,0.06803209247917626,-0.27184902096803837,-0.3056158365269802,-0.28542642807626484,-0.7760549260113816
-0.7002058157781953,0.7933757099177606,1.1541214994385263,1.016733766907981,1.3978768241774149,1.008249809165665
2.2244447799326768,-1.0626938558437988,-1.5261503069676106,-1.6451766590573078,-0.7489547038097792,-1.2590219375761729
-0.4858584594150206,0.06803209247917626,0.7184370300925745,0.7750067932308904,0.3070062904338656,1.1415210065654633
0.4572699085829478,-1.0626938558437988,-0.5066170278181888,-0.5190771693309986,-0.07131256734998571,0.7205484259033308
-0.85739387711119,1.2471573932472422,0.7152146992529472,0.7143003604329152,1.4769153708158385,-0.4127391588298683
-0.6859159920206502,1.0410084257512708,0.8157104732520023,0.7462636144064261,0.37030108791939076,0.03818909045070875
0.8859646213092971,0.2930215069021515,0.49929804991814414,0.22669093024859924,-1.4730773776884334,0.40207308036790734
1.7766969688629342,-0.56233965282819,0.3603581910728073,-0.1565725701291281,-1.9297763763932627,1.425164032166695
0.8716747975517521,-0.56233965282819,-0.8724480934922785,-0.9135778166702664,0.008369586453112622,-0.9641548521161264
2.005334148983654,-1.0626938558437988,-1.1463198934257297,-1.3863576577143846,-0.6581841478671907,-0.5215266098876361
-0.22864163177921104,-0.56233965282819,-0.7427772576730944,-0.7431441139178743,-0.7489547038097792,-0.7132492338160289
-0.41917261521314403,0.4832473463317343,0.43280122728029585,0.6136500840769359,0.2937361794744193,0.016455834858545366
-0.45727881189993064,-1.0626938558437988,-2.828795714377295,-2.0742733041046493,-2.495449522400594,-3.788295179919218
-0.9097898975555215,1.148382666632493,1.0474452439685609,0.9669124922498005,0.7132891662841367,0.3525151775639453
1.2051040185611348,-1.0626938558437988,-0.48873841420373987,-0.3834945242958852,-0.25866685557346636,0.7552623233062594
0.2905552980782564,0.06803209247917626,0.4314392691826928,0.2617993216057619,0.26653053216275097,0.5851433471954296
0.17623670801789662,-1.0626938558437988,-1.1285363126945462,-1.120119277063737,-1.1042151012961297,-0.4869972324833339
-0.5477810290310489,1.4237474552251266,1.1070015712324888,0.962946644511858,0.5548396384128148,0.12803803491117166
-0.7287854632932852,0.6480284636168839,0.42601668111638297,0.4718779313579137,0.04547115000298754,-0.2136641818982447
1.2384469406620733,-1.0626938558437988,-0.2962802208151431,-0.04986154484161282,-0.09251100185985872,1.1289475610836095
-0.6287566969904703,0.06803209247917626,0.9492643176580843,0.9062375082272857,1.0495033354306953,1.589216084750604
-0.7668916599800718,-0.20733269611345734,0.5408333155140668,0.4592864434577494,-0.010833507594516798,1.2030314386182084
-0.9336062704847632,1.951224185270838,1.4230517958028241,1.1448399745486277,0.789615206340894,0.10305210869601404
-0.6716261682631053,0.9233932522095181,0.8388214669064479,0.5295903894055419,1.2123053741124798,0.2313283616918331
0.21910617929053156,0.2930215069021515,0.7291179452064196,1.0006417394004459,0.6379038685131184,0.847423976980659
-0.652573069919712,-1.0626938558437988,-1.5152204489737653,-1.2265673168066213,-1.4730773776884334,-1.237800047713287
-0.8812102500404316,0.6480284636168839,0.9436083015841749,0.60689503074163,-0.7489547038097792,0.7885807508139189
-0.5620708527885938,0.06803209247917626,0.6817880362730547,0.7567365750008148,0.8792344423053089,1.0704546685425416
0.07620794171508179,-0.20733269611345734,0.05103474516347582,0.557587832044045,-0.25866685557346636,0.2534868289782573
-0.7526018362225269,0.06803209247917626,0.5165170064271332,0.4139974411179466,1.7053890244751082,0.7500396214599836
1.0717323301573818,-1.0626938558437988,-0.3390598106832219,-0.4688502263019278,0.4402948630471784,1.0458848401341685
-0.28580092680939095,0.06803209247917626,-1.087866829899114,0.1298533926957882,-0.7984300843785986,-2.346088608942603
-0.09526994337545792,-1.0626938558437988,-1.227594579676182,-0.6547588153273436,-0.25866685557346636,-0.6793330920229883
-0.15242923840563782,-1.0626938558437988,-1.3526473717976135,-1.581706754404157,-1.2679812202347571,-0.9221410574093424
-0.9193164467272182,1.2471573932472422,0.7785152499214534,0.8071835816773113,1.3804009135099473,-0.2903824474845044
0.04286501961414351,-1.0626938558437988,-0.2596257399693652,-0.4274748115152992,-0.15962500745068847,1.2001175027176527
-0.06192702127451965,-0.20733269611345734,-0.21186476394700263,-0.2562651172618205,0.3455690788011746,-0.25566629026074555
2.143469111973255,-1.0626938558437988,1.1704839038975576,1.1962774607675115,-0.010833507594516798,3.9768808761379324
-0.9288429958989148,0.7933757099177606,0.49126306519228485,0.3596860006977856,-0.09251100185985872,-0.27536024286004596
-0.6859159920206502,0.4832473463317343,0.8877722715211569,1.0118236619754983,0.5644976664279658,0.8977854493695576
-0.6954425411923469,0.2930215069021515,0.3667120598722432,0.41324113216158614,1.4674441560881033,0.14528547438889475
-0.6192301478187737,0.4832473463317343,0.01626856673024006,0.6632807823096396,-0.3130932756502835,-0.7888827849545801
-0.7192589141215886,-1.0626938558437988,-0.7597409660072845,-0.6777241933340014,-0.7489547038097792,0.22907192722111946
0.5430088511282177,0.06803209247917626,0.5127912933461287,0.34810431809115644,0.3329162076360649,0.7428177992271052
0.781172580420634,1.4237474552251266,1.1563953975003036,0.8971523746210924,1.125356085534786,0.22364371135367483
-0.8288142295961001,1.5033896233472255,2.0496574079224223,1.7070238296418208,1.0003590945874612,1.8575999487576202
-0.7811814837376168,-0.56233965282819,-0.0646349761740283,-0.1252698379986525,0.47316214414747326,0.6007570604157453
-0.8812102500404316,1.148382666632493,1.067928442150177,1.0940129499911988,1.0600337246646783,0.39218044258110113
0.9717035638545669,-0.20733269611345734,0.33910944429921125,0.6533296185104552,0.6290811464485883,0.811844674526318
1.0431526826422919,0.06803209247917626,0.08727124718890414,-0.3100851819238715,0.19426264985915923,-0.08149619766178398
-0.7192589141215886,1.2471573932472422,1.7688668706199369,1.538642801469335,0.9237019148051182,1.6280152664613146
1.6242721821157877,-0.56233965282819,-0.20106034678865153,-0.3469626982011813,-0.8510995740835968,0.33623022335943636
-0.9478960942423081,3.0711725515213413,2.378012719057548,2.23913178727757,1.6045084361621371,0.6352455587673427
-0.8621571516970383,0.2930215069021515,0.6516971135749524,0.826989650169852,0.5740427324604442,0.6973656038001785
0.2857920234924081,-0.56233965282819,-0.04835927647566989,-0.1185090696300739,-0.13663492822009354,0.6323197668505268
-0.681152717434802,0.06803209247917626,0.056678724982193854,0.23663036796746204,0.04547115000298754,-0.14071242675845821
2.27207752579116,-1.0626938558437988,-0.5294163198126165,-0.5377493261529606,-0.3130932756502835,0.6762803243479426
0.8383318754508139,-0.20733269611345734,0.028130616047955817,0.32862881796702975,-0.13663492822009354,0.2091110397220836
-0.8764469754545833,0.2930215069021515,0.1730848028952851,0.16151646855600382,0.09814063970798567,-0.22948614523336325
-0.652573069919712,-0.20733269611345734,0.3583462726172653,0.659108928637307,0.14761602027680515,0.8491430443869111
-0.5477810290310489,-0.56233965282819,0.06366510839206901,-0.09375045732131596,0.09814063970798567,0.8495857643341135
0.22386945387637988,-1.0626938558437988,-0.35780468883066674,-0.07458568248028918,-0.09251100185985872,1.0094889656623967
-0.9526593688281565,1.2471573932472422,1.1996329005369568,0.91413116704202,0.7599357958664912,0.5246137411362007
0.2095796301188349,-1.0626938558437988,-1.1681343347146245,-2.2149903613480224,-2.495449522400594,-0.5638824822799398
-0.9240797213130665,1.778754411939859,1.4918415868569908,1.60529137547277,1.3331305973534788,0.4427809442683634
-0.2191150826075144,0.06803209247917626,0.056356070708561704,0.09417003757018597,-0.15962500745068847,-0.14133692926566677
-0.32867039808202586,0.2930215069021515,0.7329865487256282,0.7205307689880549,0.804059722226726,0.8549228946783384
0.44298008482540285,-0.56233965282819,-0.5942050510344267,-0.422147343386051,-1.1819971521628492,-0.42559818709911584
-0.9431328196564598,-0.20733269611345734,-0.5302414785144186,0.15708430600879406,-0.25866685557346636,-0.8714833477615979
-0.7621283853942235,1.0410084257512708,1.105452072228255,0.9569532343756618,0.9947113637945704,0.5992148772179929
0.3143716710074981,-1.0626938558437988,0.5356408990909978,0.20428750367065854,-0.28542642807626484,2.744241958430609
-0.7287854632932852,1.148382666632493,1.286637377939186,1.3685464698901704,1.0908333739457432,0.8158727311141237
0.8526216992083588,0.2930215069021515,-0.06864734915997203,0.0314328635589002,0.06340800044125627,-0.6968502631770217
-0.9240797213130665,1.8389627090776848,1.422636721005414,1.274193631753858,1.262801510089559,0.23650908473517304
-0.8907367992121282,-0.20733269611345734,-0.20932566270676503,-0.20455503338695258,-0.96788329143657,-0.25075123286858236
1.5194801412271246,0.9233932522095181,-0.24142428265212726,-0.6325590941621396,-0.28542642807626484,-1.8523376173244335
0.3762942406235263,0.06803209247917626,0.24864407447191042,0.19699812713282683,-0.2327569383712667,0.23098174533691648
-0.6573363445055603,-0.56233965282819,0.11470330412900444,0.5989265429253939,-0.5765066536018487,0.9485838458866921
-0.9574226434140048,2.7517307452119533,1.939045474781074,1.7193790999031062,1.9407574684499742,0.15762441010918168
0.23339600304807653,-1.0626938558437988,-2.277229463264766,-3.0299390910785666,-2.164551944321342,-2.7173500459763815
0.13813051133111,0.4832473463317343,0.7357325551435698,0.23860057640014626,0.28024671793106676,0.6031304227978489
-0.88597352462628,-0.20733269611345734,-0.045675796318690474,-0.057489691990578906,-0.34173108567376953,0.06613550779991571
1.438504473267703,-1.0626938558437988,-1.7347840910966337,-3.3701131805764293,-2.495449522400594,-1.66411440913037
1.0717323301573818,-0.56233965282819,-0.5072000569492227,-0.6661425107273722,-0.6581841478671907,-0.2570752746283771
1.0050464859555053,0.2930215069021515,0.3339167359689831,0.7661570953579239,0.16346300057809388,0.08178768394156884
-0.9145531721413699,3.270642069403508,1.7977633117636163,1.5669379766170757,0.9237019148051182,-0.7181628773684247
-0.9288429958989148,0.06803209247917626,0.5332223330654103,0.6862725929264787,0.42903821778723844,0.7824215371851873
-0.7240221887074368,1.8389627090776848,1.4986079069594438,1.697851997984469,1.4610683905145498,0.38358930428425386
-0.6859159920206502,-1.0626938558437988,-1.7977161517534377,-1.9581661591936625,-1.9297763763932627,-1.7863060479288968
-0.5144381069301106,0.7933757099177606,0.5573936579234576,0.731882122775951,0.5351737749496048,-0.1474552695161364
-0.8907367992121282,0.4832473463317343,0.35062216975586247,0.1310105258531301,0.4176241318318146,-0.14257683899889864
-0.36677659476881247,0.6480284636168839,0.6853039434300024,0.737486054565628,-0.3130932756502835,0.28817018395926164
-0.5192013815159588,0.6480284636168839,0.538578570008531,0.4521869096424394,0.28024671793106676,0.004121815257295257
1.0383894080564435,0.06803209247917626,0.619575150409734,0.46631108627956974,0.19426264985915923,0.9498283004373104
-0.7287854632932852,0.7933757099177606,0.6854852838093433,0.5128608341619315,0.515022285859146,0.10040926304910791
-0.30961729973863256,-0.56233965282819,-0.259839256770778,-0.2923850046642772,-0.4342179279324365,0.22228092978914998
-0.6763894428489536,-1.0626938558437988,-1.0170866840702155,-1.0349912045128231,-1.033205652306678,-0.27060176373553285
-0.49062173400086895,1.338608506062076,2.1253701650391763,2.0192266754179613,1.1397158784677761,2.2065647946112814
-0.6192301478187737,-1.0626938558437988,-0.7650411078741635,-0.7517926765739397,-1.033205652306678,0.21878094018177158
-0.6239934224046221,0.9233932522095181,1.7699063429861273,1.6790073476493372,-0.5765066536018487,2.0362285881832065
-0.6478097953338636,0.06803209247917626,0.1509281955846256,-0.19694432238289827,-0.20764437720954537,0.041744770997951444
-0.6620996190914087,0.4832473463317343,0.20361834216596056,0.11462477913923834,-0.37141049614817273,-0.4268960083308894
-0.88597352462628,-0.20733269611345734,-0.2226966630621491,-0.2562651172618205,-0.050650860148185636,-0.27663351749799375
-0.85739387711119,2.149091072663711,1.6721465488448193,1.7545207455035943,1.144446870514254,0.34984580423037354
-0.814524405838555,1.5033896233472255,1.5030911184454918,1.576636479691576,1.0857801451534175,0.797872266442732
-0.7526018362225269,0.2930215069021515,0.15754464069583726,0.38146881377025965,0.4402948630471784,-0.2595503109019136
-0.8907367992121282,-0.56233965282819,-1.0182626859496957,-0.835142563917442,-1.1819971521628492,-1.2460946173402638
-0.7764182091517684,0.7933757099177606,0.8253445481369052,0.6373080767484619,0.6111442960103195,0.37119908036798066
-0.9526593688281565,2.054119200532493,2.099283152321569,1.986902067375625,0.804059722226726,1.2903538172289342
2.5388209025986663,-1.0626938558437988,-0.6637562638527814,-0.5440915642296101,-1.033205652306678,0.41544001899246624
0.16194688426035164,-0.56233965282819,-0.23898763646077742,-0.1459739915423413,-0.07131256734998571,0.2627024054928905
0.8192787771074206,-1.0626938558437988,-0.7578103439623659,-0.8061845248673303,-1.2679812202347571,0.2328205073423974
2.4768983329826377,-1.0626938558437988,-0.7241539897346655,-0.8917420911219391,-0.7489547038097792,0.2981691553311204
1.3622920798941298,-1.0626938558437988,-1.6232113029884767,-1.9069154958023462,-1.7476702981701815,-1.4474798085472966
1.2670265881771632,0.9233932522095181,0.6067084472506243,0.7323509224887261,0.17900811520458537,-0.21782760836075787
-0.609703598647077,-0.56233965282819,0.11795908908972214,-0.137268900728312,-0.2327569383712667,0.9548992812105846
0.900254445066842,0.6480284636168839,0.05356144041035688,-0.2562651172618205,-2.164551944321342,-0.9332589106089275
-0.9478960942423081,1.2471573932472422,1.3509963055533079,1.245110952849779,1.747011895115911,0.8178682876007746
-0.9526593688281565,0.2930215069021515,0.6403419739559387,0.7328193924092036,0.5834774484363009,0.6753593018535101
0.752592932905544,0.9233932522095181,0.7636008227138278,0.6771709027531628,0.744681261211917,0.0857188273918537
-0.6859159920206502,0.4832473463317343,0.05440172703230383,0.08556140475760443,0.23838657621939405,-0.7152418621898878
-0.85739387711119,-0.20733269611345734,0.034777916494325115,0.23366408259744864,0.5834774484363009,0.2219895947819617
-0.8192876804244034,0.6480284636168839,0.5320799871142375,0.7471808734557128,1.0170714979205489,-0.008454865338854759
-0.7049690903640435,1.338608506062076,0.7887211171440568,0.7128542578787644,1.2123053741124798,-0.38324327872747915
-0.8478673279394934,-1.0626938558437988,-0.5797755016953222,-0.8061845248673303,-0.6163240061555176,0.5785007363513179
-0.7526018362225269,1.0410084257512708,0.9953888676290916,0.7867703369609264,1.1813387491085796,0.38602876640085293
-0.5430177544452005,0.9233932522095181,1.13128503739836,0.9243955047030012,0.16346300057809388,0.797843697084916
-0.9574226434140048,2.504098029378443,2.6574318723374195,2.174871310607047,1.0059680090545104,1.8401472648834494
-0.5430177544452005,-0.20733269611345734,0.15950123225460908,0.06289997548973225,-0.13663492822009354,0.46367482702355933
-0.8764469754545833,0.06803209247917626,0.28372892099790353,0.1263698801428831,0.42903821778723844,0.2989426862181867
-0.5906505003036837,-1.0626938558437988,-1.2383432649132806,-1.5100322700199111,-1.4730773776884334,-0.7002032089449995
-0.15242923840563782,0.06803209247917626,0.6144385922978088,0.6776798290022321,0.5644976664279658,0.9398695338289161
-0.5811239511319871,-1.0626938558437988,-0.9330892825383619,-1.0025003722197456,-0.8510995740835968,-0.10750873864029624
0.3048451218358014,-1.0626938558437988,0.03177983461251217,-0.4116185870760772,-0.09251100185985872,1.7659232993428131
0.152420335088655,-0.56233965282819,-0.7681110244151764,-1.0905175163931806,-0.9074042316811012,-0.7622805185255173
-0.8240509550102517,1.338608506062076,1.0993345873703855,1.1840236266397954,0.5450659426428811,0.21759223257950344
1.4194513749243096,-1.0626938558437988,-2.215469999082433,-1.5100322700199111,-2.495449522400594,-2.597435171729494
-0.7907080329093135,0.9233932522095181,0.6078656505034485,0.7458045106553943,1.167698980199021,-0.2155895983771606
0.547772125714066,-0.56233965282819,0.2714473785645639,-0.012978921093154927,0.9359742339267227,1.2526584709837174
0.8192787771074206,-0.56233965282819,0.15713663346222234,0.20532236007859916,0.7132891662841367,1.0308963525161081
-0.6954425411923469,0.2930215069021515,0.44578759224496467,0.7927891122791194,0.7599357958664912,0.2984219612860949
-0.7526018362225269,1.5033896233472255,0.860742952979425,0.6638004311573084,1.2209413683778862,-0.44529747379205287
-4.4516584914164145e-06,0.2930215069021515,-0.19239021196773223,0.06545633165966944,-0.46753250629934595,-0.9358090522785583
0.10478758923017174,-0.20733269611345734,0.11596460511044114,-0.05290232621863415,-0.3130932756502835,0.3793015134569044
0.8669115229659038,-0.20733269611345734,0.008177887216883235,0.10747698281091293,0.06340800044125627,0.1704559532147319
-0.5525443036168971,0.4832473463317343,0.8629157207815065,0.6694899644920437,1.0003590945874612,0.8496054375580817
-0.06192702127451965,-0.56233965282819,-0.34878067141249486,-0.17097161682172055,-0.20764437720954537,0.04988723090389632
0.8383318754508139,0.06803209247917626,0.1486709269127586,0.11699042981350904,0.40604813855664385,0.03737413243071347
-0.7573651108083751,0.6480284636168839,0.8225122166886564,0.9080397555099824,0.2937361794744193,0.5539332026689886
-0.6287566969904703,0.9233932522095181,0.5313601078937201,0.23958349903541723,0.13145521807489544,-0.3635186359165843
1.3003695102781014,-0.20733269611345734,-0.7021950606333828,-0.6777241933340014,-0.9074042316811012,-1.2035857167168247
-0.7716549345659202,0.9233932522095181,0.6199366152410387,0.34055115623500004,0.525160227938412,-0.19224374054022075
-0.5954137748895321,-1.0626938558437988,-0.5132745984848338,-0.6253206537153407,-0.5765066536018487,0.7076217957932709
1.1146018014300167,-1.0626938558437988,-1.347872095019502,-1.3977413531144138,-1.3641032303859306,-0.9128691713604166
1.0479159572281402,-1.0626938558437988,-1.8978992584135865,-1.1354286861188791,-1.4730773776884334,-1.9808259453384167
-0.6954425411923469,0.4832473463317343,0.38756156103949996,0.25415585216086667,-0.4342179279324365,-0.07109922298513333
-0.8526306025253416,-0.56233965282819,1.0520075596398852,0.828613870400636,0.8921885848117497,2.767498307736125
-0.9193164467272182,1.5782019406724268,1.103757111107096,1.0410503413880323,2.0122112919902957,-0.06627476074935884
-0.9288429958989148,1.4237474552251266,1.5532626358861041,1.4084302447685912,1.7171654747478504,0.9924241371098493
-0.8049978566668584,-0.56233965282819,-0.5531658008893073,-0.9654947432132038,0.13145521807489544,-0.346113969729896
0.04286501961414351,-0.56233965282819,0.402304923254568,0.39482714888441434,0.6020258341916891,1.5065546566425354
-0.8526306025253416,-0.20733269611345734,0.3482281478720067,0.5082839779018504,0.525160227938412,0.8295247950440381
1.2241571169045284,-0.56233965282819,-0.046675409849892484,-0.22594440379323072,0.515022285859146,0.6355852603427754
-0.15719251299148615,-1.0626938558437988,-1.4752103449638259,-0.6325590941621396,-0.7489547038097792,-1.1601146815191732
-0.6716261682631053,-1.0626938558437988,-1.2664505247391058,-1.1919657697052988,-1.3641032303859306,-0.7547774927744019
-0.7144956395357402,0.2930215069021515,0.5240248913298071,0.46491207323456823,0.3823915882048847,0.44997558189341924
0.27626547432071147,-0.20733269611345734,-0.3183129587130815,-0.37602607258281523,-0.28542642807626484,-0.4616738262132398
1.4718473953686413,-1.0626938558437988,-1.3933708793337725,-1.5667414063044838,-0.5765066536018487,-1.0012115990622545
0.8573849737942072,-1.0626938558437988,-0.7902903105091684,-0.7261768275480125,-0.5385419552887978,0.1697559850773692
-0.6478097953338636,0.6480284636168839,1.5401252091877005,1.694987304771796,1.3368655871337631,1.9453261125405854
0.8335686008649655,-0.20733269611345734,0.07236122065293103,0.09294702535407531,0.3580287687977862,0.29480864648153865
-0.88597352462628,1.5033896233472255,1.1956145957723996,1.2020894191504639,1.383926162371712,0.20236317423858402
0.3048451218358014,-0.20733269611345734,0.451538859084378,0.8076022739039269,-0.34173108567376953,1.0298533476715133
-0.12384959089054788,-1.0626938558437988,-2.115548169617805,-3.3701131805764293,-2.164551944321342,-2.403422581539351
-0.7526018362225269,1.5033896233472255,1.9011888136340038,1.8130613961330244,1.4578617308190818,1.569632192291446
0.985993387612112,-0.20733269611345734,-0.6854843238733912,-0.7921644288277092,0.47316214414747326,-1.1713302635508231
-0.7240221887074368,-1.0626938558437988,0.12176810628736048,-0.2772741140081302,-0.6581841478671907,1.940648459679795
-0.88597352462628,0.4832473463317343,0.12576757936103222,-0.02602258005974685,0.8390905869097138,-0.5773697847066646
0.8335686008649655,-1.0626938558437988,-0.10777056961407165,-0.0378353947209304,0.08095908209781587,1.4949661368174265
1.0479159572281402,-1.0626938558437988,-0.6702735715704359,-0.5800965469704935,-0.6163240061555176,0.4027857295529801
1.119365076015865,-0.56233965282819,-0.0447481805896707,0.17680077801389027,0.3200640704847356,0.6393227140503074
-0.9240797213130665,1.2471573932472422,1.5055858887570697,1.2760604355555631,1.2337263897890152,1.117496779280554
-0.6144668732329254,1.4237474552251266,0.5067984813388757,0.34307840771034576,0.4513983519132168,-1.031507378032206
1.848146087650659,-1.0626938558437988,-1.1222639316650551,-0.5767417289709887,-1.3641032303859306,-0.4748185034037
-0.6287566969904703,-0.56233965282819,-0.1972945952750695,0.0805917550927904,0.06340800044125627,0.3435310240355173
1.119365076015865,-1.0626938558437988,-0.14487961883947628,0.13561905611090985,0.19426264985915923,1.422913585355056
0.7144867362187574,-1.0626938558437988,0.19251859350885486,0.2503009646119862,0.2092372689416153,2.0780206971238258
-0.9526593688281565,1.0410084257512708,0.9863151282767632,1.0701777061917779,1.163101256249335,0.368457038355886
-0.4096460660414474,-1.0626938558437988,-0.5485651519029088,-0.49496847441957964,-0.4022101454292381,0.6391001152499006
2.1196527390440134,-0.56233965282819,-0.7352615638430213,-1.6287331084317012,-0.7984300843785986,-0.6987022236000409
0.8097522279357239,-1.0626938558437988,-0.6628270166879539,-0.7474543552727965,0.3455690788011746,0.41724428589131096
-0.02858409917358137,-0.20733269611345734,0.6536514655568647,0.6570131599067525,0.744681261211917,1.421864117849387
-0.12384959089054788,-0.20733269611345734,0.7997412923336916,0.7540203375252522,-0.5765066536018487,1.705279871277171
2.5292943534269696,-1.0626938558437988,-1.1144315388188466,-1.7534028840076028,-0.46753250629934595,-0.45961078721574133
-0.49062173400086895,-0.20733269611345734,0.1774506486171247,-0.214192393548131,0.14761602027680515,0.49846323856054503
-0.8669204262828867,0.9233932522095181,1.362606984933877,1.3667412913261148,1.4250824714890833,1.2462475953776535
2.4864248821543344,-1.0626938558437988,-0.9460673864787396,-1.0218040416205616,-0.7489547038097792,-0.13270759233143017
-0.6239934224046221,-0.20733269611345734,0.9919051459251663,0.7991780000856566,-0.34173108567376953,2.078144434743004
0.6525641666027292,-0.20733269611345734,0.29148597132689885,0.34223705577973634,-0.2327569383712667,0.7195134581582437
-0.9383695450706115,0.7933757099177606,1.1661587727170022,1.200002952802897,1.7993995357963473,1.0315840548913284
-0.8192876804244034,-0.20733269611345734,0.10975038934369133,0.23663036796746204,0.767457451346147,0.36725924438098495
2.1101261898723167,-1.0626938558437988,-1.161144531965886,-1.3641579365491812,-0.2327569383712667,-0.5503107758423488
1.3051327848639498,-0.56233965282819,-0.7114683055577475,-1.0218040416205616,-0.7023080742274255,-0.6526460850415482
-0.15719251299148615,0.2930215069021515,0.10149212477640929,0.7351568113217757,-0.6581841478671907,-0.36797022675063457
1.2717898627630115,-1.0626938558437988,-1.3847525346687581,-2.1067641363977274,-1.3641032303859306,-0.9844778444806023
1.233683666076225,-1.0626938558437988,-1.3496724088097725,-1.048444792679491,-0.5385419552887978,-0.916364739280628
1.24797348983377,0.06803209247917626,0.5851009269212046,0.4697958140874714,0.5740427324604442,0.8829916245219872
-0.3858296931122058,0.2930215069021515,0.26091284173538404,0.2503009646119862,0.16346300057809388,-0.059531216095810635
-0.8621571516970383,1.5033896233472255,1.1541623189636916,0.9022553111964825,1.125356085534786,0.12213271415708084
1.3051327848639498,-1.0626938558437988,-1.406206238215059,-1.4331087772000919,-1.2679812202347571,-1.0261332927093871
-0.9193164467272182,0.06803209247917626,0.30305907846883057,0.38384572277021917,0.4176241318318146,0.3363893380652329
2.0148606981553505,0.06803209247917626,0.29486597350561633,0.20738726084778314,0.23838657621939405,0.3205172635556749
0.3143716710074981,-1.0626938558437988,-0.7737370007591177,-0.5504947862999373,-0.5765066536018487,0.2018966145878006
-0.85739387711119,0.6480284636168839,0.1562328527397229,-0.2837082699985413,-0.20764437720954537,-0.7350827108965297
1.3051327848639498,-1.0626938558437988,-1.0956414518066961,-0.9837405411215069,-0.96788329143657,-0.42312713323684764
1.0812588793290785,-0.20733269611345734,0.3239830090106564,0.20532236007859916,1.2252253353937057,0.7825169512778847
2.5435841771845142,-1.0626938558437988,-1.5222423204720803,-1.6126858267642297,-1.4730773776884334,-1.2514340202363052
-0.3620133201829641,-1.0626938558437988,-0.9609264631023076,-0.7261768275480125,-1.033205652306678,-0.1615586247736731
-0.843104053353645,0.6480284636168839,1.6029953510656008,1.3978189542503616,1.0652483995479596,2.0673011270264574
2.3435266445788847,-1.0626938558437988,-0.6035801885391067,-0.4832337220583408,-0.4022101454292381,0.5322805162255169
-0.30485402515278426,-1.0626938558437988,-0.6435417278446426,-0.4064159827665343,-0.5022651455660757,0.45468944538351597
0.05239156878584016,0.6480284636168839,0.18191334322492303,0.27310250608667214,0.2239420603335628,-0.685489394527467
1.0764956047432301,-0.20733269611345734,0.22594988772072377,0.576212256479658,0.40604813855664385,0.5924689146351695
-0.7859447583234651,0.6480284636168839,1.2847222650748082,2.3447607333963694,-2.495449522400594,1.4499141478550235
-0.462042086485779,-0.56233965282819,-0.15610956633188794,-0.007262748961508164,-0.050650860148185636,0.4233815706603672
1.0050464859555053,-0.56233965282819,-0.4678701293933203,-0.3710932354756463,-0.37141049614817273,-0.1808803673787073
-0.8812102500404316,-0.56233965282819,-0.25551001045627497,-0.12019283782039468,-0.13663492822009354,0.23067314717267268
1.090785428500775,-1.0626938558437988,-1.18506201181518,-1.4453280184619266,-1.1042151012961297,-0.596749999796157
-0.9526593688281565,-0.56233965282819,-0.8436841677287118,-0.6974861765619206,-0.7489547038097792,-0.9085118333122953
0.8907278958951454,-0.20733269611345734,0.38717144216354554,0.1980443645271289,0.26653053216275097,0.9050348484862757
0.6096946953300942,-0.56233965282819,-0.5645978834026508,-0.7921644288277092,-0.5385419552887978,-0.36825658127781746
-0.6620996190914087,1.338608506062076,1.3685387426053932,1.242719819348968,1.2379439384135897,0.7389733175777266
-0.3953562422839024,0.2930215069021515,0.6675222276346523,0.6400052451358287,0.7291361465854255,0.7280357954210669
-0.8002345820810101,-1.0626938558437988,-0.7132354720881058,-0.573403727172404,-0.6163240061555176,0.31936902628019775
0.07144466712923346,-1.0626938558437988,-0.5615568698452154,-1.244566519650268,-1.9297763763932627,0.6138748280177555
-0.9621859179998531,-0.56233965282819,-0.716338373808857,-0.47456639843357457,-0.3130932756502835,-0.6620733547573778
-0.03334737375942969,-0.56233965282819,-0.6588960277948477,-0.7784334276328698,-1.7476702981701815,-0.5508670458939172
-0.3572500455971158,-0.20733269611345734,-0.5540716569288152,-0.3710932354756463,0.7052487678224237,-0.9175318523077268
-0.7430752870508301,1.2471573932472422,1.0278735791845794,1.0991657630455187,0.7369457166358959,0.19202395902322852
-0.9383695450706115,2.054119200532493,1.2257105133900783,0.552081719205193,1.4250824714890833,-0.40101737062165693
-0.9002633483838249,1.5782019406724268,1.783501092479115,1.8934563391231856,1.566032240594793,1.2503323462514915
1.7147743992469058,-1.0626938558437988,-0.7525857433038989,-0.8014782864493728,-0.7489547038097792,0.24296482027070637
1.0717323301573818,0.06803209247917626,0.4672413886544511,0.34810431809115644,0.5548396384128148,0.6545302307611228
-0.8812102500404316,0.6480284636168839,-0.24483307713768718,-0.24600405192767646,0.744681261211917,-1.508117704349388
1.090785428500775,0.4832473463317343,0.6142422294217372,0.31297961302570376,-0.18328155780244723,0.36777112813145685
-0.8335775041819483,1.148382666632493,0.6006582461298738,0.5791680090662642,1.0755788392911698,-0.5117584334700148
-0.9288429958989148,1.951224185270838,2.4848445013922076,2.810145413089171,-1.1819971521628492,2.1610044988360975
1.3765819036516747,-1.0626938558437988,-0.8717878355836469,-0.5504947862999373,0.2092372689416153,0.011516829344306697
1.6623783788025743,0.6480284636168839,0.8333083934210384,0.5016905580538663,1.2379439384135897,0.5748496306713268
1.0383894080564435,0.06803209247917626,1.0115466110717166,0.7567365750008148,0.3455690788011746,1.710038559984314
-0.7907080329093135,-1.0626938558437988,-1.275443402341913,-1.120119277063737,-1.1042151012961297,-0.7722384568733547
-0.2191150826075144,-1.0626938558437988,-1.020552935027971,-1.0691489462231807,-1.033205652306678,-0.2773319880535459
0.38582078979522294,-1.0626938558437988,-1.6174444774370185,-2.0432942317445764,-0.7023080742274255,-1.4362826880741455
-0.45727881189993064,-0.20733269611345734,0.38952847392312173,0.6832524972082081,1.5315442704477222,0.9096052493460075
-0.8478673279394934,0.6480284636168839,1.0773901842131761,1.2350540386765345,0.7291361465854255,1.0478940659356506
-0.609703598647077,0.06803209247917626,-0.7260422899513302,-0.7303782923648792,-1.1042151012961297,-1.6518936801427326
-0.8907367992121282,-0.20733269611345734,-0.25803819142114903,-0.20839325706434073,0.2092372689416153,-0.34503707860226823
-0.21435180802166606,0.06803209247917626,-0.028258733709023896,0.26747489543072506,0.02713119071853385,-0.3050788861402391
-0.7573651108083751,-0.56233965282819,0.21606467079673514,0.17138227810689968,0.6638137857153177,1.14521267942395
0.8669115229659038,-1.0626938558437988,-0.9885135517264148,-0.3259684212295098,-0.7984300843785986,-0.215122921468849
-0.9145531721413699,1.148382666632493,0.9959196084888985,0.8579687225299247,1.3026188626432278,0.2527504181059964
-0.814524405838555,0.7933757099177606,0.5011772871366655,0.6000707527678826,1.1813387491085796,-0.2561877734181159
0.4191637118961612,-1.0626938558437988,-2.0223385567169734,-2.568351613738147,-1.1819971521628492,-2.2224427243209366
-0.8669204262828867,0.9233932522095181,0.6876126563828828,0.5483855211989829,0.4402948630471784,-0.06132772531177533
0.6192212445017908,1.338608506062076,0.9716490659021892,1.0130545864747624,0.8792344423053089,-0.029511073842492033
-0.8812102500404316,-0.56233965282819,-0.41554809821041433,-0.3011762869875189,-0.3130932756502835,-0.07950178157072745
-0.9478960942423081,2.602872755993192,1.756930241733279,1.3295703730098,0.48383018942336337,-0.02063964144451367
-0.6668628936772569,0.2930215069021515,0.17850392270278578,0.15038025645775963,0.825258156736599,-0.21900171411094987
0.8192787771074206,-1.0626938558437988,-0.5404088774486472,-0.6435664516236445,0.09814063970798567,0.6549366941201182
-0.023820824587733044,0.4832473463317343,-0.5412465982057937,-0.6040657655038771,-0.34173108567376953,-1.8623865802830457
-0.8097611312527068,0.06803209247917626,-0.006198756184508146,-0.1286761368040654,0.02713119071853385,-0.26239581391989003
-0.9621859179998531,0.2930215069021515,0.8759400173359085,0.9815775568284539,0.8390905869097138,1.1320681982728995
-0.9336062704847632,1.5782019406724268,0.8184183016607027,0.8767177737888333,0.504756819153868,-0.617765331860876
-0.9431328196564598,0.4832473463317343,0.9974926401197872,0.9959266149259303,1.7559800495683353,1.1104907356201175
-0.9193164467272182,0.06803209247917626,0.012679273097733436,-0.08091285563149007,0.5928043367258662,-0.22586584360175405
-0.814524405838555,0.4832473463317343,0.03750352509568827,-0.007262748961508164,0.3823915882048847,-0.7478774252096201
-0.7144956395357402,-1.0626938558437988,-1.508727254299039,-1.457775669935054,-1.5988787983140098,-1.2251925772115742
-0.9097898975555215,-0.56233965282819,-0.15691248817010284,-0.34933678258552825,0.11496791303105958,0.4218247839368766
-0.8812102500404316,1.5033896233472255,0.9351972709564362,0.5212781455849669,0.6806410590383919,-0.3014031952275674
-0.8764469754545833,0.06803209247917626,0.41433018343300515,0.41550748703595203,0.4623527961541478,0.5519870595415947
-0.7907080329093135,-0.20733269611345734,0.31496835098067705,0.5642562806746997,1.2504673633348702,0.7650394021744144
-0.9574226434140048,-0.20733269611345734,-0.24942649977451797,-0.2858668779323768,0.4623527961541478,-0.32837011347298783
-0.8812102500404316,0.6480284636168839,0.8072220348900983,0.8071835816773113,0.8182530163643801,0.5243112977886611
-0.5763606765461388,0.06803209247917626,0.2883249024193203,0.20221295381688867,0.9947113637945704,0.30784587977589395
1.1717610964601965,-1.0626938558437988,-1.2465792499928459,-0.9776028943147181,-1.033205652306678,-0.7161945574482763
-0.8097611312527068,0.2930215069021515,0.2818147273230644,0.28237744660786623,1.5137378802195487,-0.019074338618158715
0.8526216992083588,-0.56233965282819,-0.7557206910041432,-0.9135778166702664,-0.4022101454292381,-0.7383007986402762
-0.652573069919712,0.2930215069021515,0.4923572651570061,0.32604602236545815,1.5286033885534618,0.3886275899792798
1.2717898627630115,-0.56233965282819,-1.5449705792861796,-1.2265673168066213,-1.033205652306678,-2.2618901901517714
-0.9240797213130665,-0.56233965282819,0.07799205799999298,0.2531942202760789,0.7369457166358959,0.8773748400915273
0.3048451218358014,-0.56233965282819,0.29198646837464076,1.2140182114675822,-1.4730773776884334,1.2925072008988947
0.2095796301188349,-0.20733269611345734,-0.6400731838248286,-0.3785062615372402,-0.5022651455660757,-1.083655151414267
-0.9478960942423081,0.06803209247917626,0.655775985859161,0.7276480077131073,0.5928043367258662,1.0200174008258116
-0.6763894428489536,-1.0626938558437988,0.5006474158153822,0.7360894864945363,-0.3130932756502835,2.6762970822563688
0.9193075434102354,-0.56233965282819,-0.9168196499274565,-0.9776028943147181,0.2937361794744193,-1.049974042101027
0.9764668384404153,-0.56233965282819,-0.6600463711993612,-0.6895108720833907,0.008369586453112622,-0.5530943179276447
-0.609703598647077,0.6480284636168839,0.8701947051667487,0.8101089141201246,1.4115930099457308,0.6463179087589385
-0.5382544798593522,0.06803209247917626,0.3195163987231755,0.39947859944542163,0.525160227938412,0.3682724561419381
-0.681152717434802,0.2930215069021515,0.004589631423855884,0.005422014839029171,0.6552682223705544,-0.5553251051884057
-0.8288142295961001,-0.20733269611345734,0.1443872488470543,0.2617993216057619,0.8985893536433969,0.43438308546123977
0.5715884986433076,0.2930215069021515,0.005504834883006576,-0.034862488156247595,0.394305578520509,-0.5535561205469608
2.1482323865591035,-1.0626938558437988,-1.1246340690693826,-1.1510983494238103,-0.9074042316811012,-0.47942046575150615
-0.7144956395357402,0.06803209247917626,0.33178818347890665,0.6432274931864311,-0.18328155780244723,0.3920478815256975
1.5909292600148495,-0.20733269611345734,-0.45624855553267274,-0.8971342660446601,-0.7489547038097792,-0.7284581282794133
0.943123916339477,0.06803209247917626,0.1334800681405911,0.27589857722520833,1.4831689940794262,0.007961804337517692
0.3191349455933464,-0.20733269611345734,-0.10627987873689214,0.16372153667838277,0.8857372164920676,-0.05123875577186522
-0.9574226434140048,2.0037438263628347,1.3095639512441024,1.2304118524905072,1.6309215455552915,-0.17905951841815923
-0.6954425411923469,0.2930215069021515,0.41771042155827626,1.1359523121187889,0.3070062904338656,0.24404319949048536
-0.681152717434802,1.4237474552251266,1.011695552547826,1.2078510917468457,1.862441848526975,-0.056373824598985246
1.3003695102781014,-1.0626938558437988,-1.3418155863935752,-1.1753166534153046,-1.2679812202347571,-0.901109589572125
2.024387247327047,-1.0626938558437988,-1.4231323010754322,-1.581706754404157,-1.1819971521628492,-1.0589976759463322
-0.23340490636505937,-0.56233965282819,0.48488918393920694,0.31473668519149567,0.47316214414747326,1.6668044438665375
-0.8764469754545833,-0.20733269611345734,-0.23922978112554172,-0.028956196982428253,0.6806410590383919,-0.30863469003442906
-0.5144381069301106,0.9233932522095181,0.9100715700633654,0.9818998069990272,1.3218219566908573,0.3692918507880654
-0.9621859179998531,2.0037438263628347,1.4965015084268454,1.6955391652198002,0.7822959299924696,0.1825824283587447
0.2953185726641048,-0.56233965282819,-0.7943335943834424,-0.7784334276328698,0.2239420603335628,-0.8130261329680204
0.5191924781989761,-1.0626938558437988,-1.1586934798014619,-0.9419195391891159,-1.1042151012961297,-0.5455517058607545
-0.6335199715763187,-1.0626938558437988,-0.49526653153228223,-0.7303782923648792,-0.46753250629934595,0.7425870454539456
0.4715597323404928,-0.56233965282819,-1.201743417647846,-0.6146084125735326,-1.9297763763932627,-1.600487015049189
-0.8764469754545833,-0.20733269611345734,-0.36734066717272573,-0.40382984373183745,0.9480647342122167,-0.5565216196501195
-0.9050266229696732,1.4237474552251266,0.8354538171652073,0.7453450901718426,0.8526924658156667,-0.39714830227441317
1.848146087650659,-1.0626938558437988,-0.9649468981469539,-0.48614808104020374,0.06340800044125627,-0.16936487712996312
-0.7954713074951617,1.2471573932472422,1.3567668545701133,1.363297911950255,1.6861859304274787,0.8290507944053368
2.5292943534269696,-1.0626938558437988,-1.3821424540726854,-0.20264418569278436,-1.5988787983140098,-0.979409997947344
-0.8764469754545833,0.06803209247917626,-0.10657777280619886,-0.015855512885755364,0.9717212845639751,-0.4565776277826959
-0.7097323649498919,0.2930215069021515,-0.2832389458537731,-0.32826869973257417,0.5644976664279658,-1.1110955910713782
-0.6954425411923469,-0.56233965282819,-0.3760979791922945,-0.33989080910895314,0.2239420603335628,-0.003053903110524853
-0.8621571516970383,0.2930215069021515,-0.33657723495807973,-0.5667775037006352,0.26653053216275097,-1.2139412092352861
-0.7573651108083751,-0.20733269611345734,-0.16627290349268653,0.04866186341788205,0.8526924658156667,-0.16740421874008243
-0.843104053353645,0.9233932522095181,0.8854068869754697,1.023123822452392,1.011538637117644,0.3215287993167533
1.381345178237523,-1.0626938558437988,-2.3101920866733012,-2.8058721464916907,-2.495449522400594,-2.7813517158939254
-0.7526018362225269,0.2930215069021515,0.11703994393624152,0.11817011119286058,0.8594093254817513,-0.33789996520091586
-0.4286991643848407,0.7933757099177606,0.3735329911008305,0.26274861608511324,0.3200640704847356,-0.5029458418822151
0.9193075434102354,-1.0626938558437988,-1.7802674968517949,-0.9080513952065213,-2.164551944321342,-1.752426977149873
0.8240420516932688,-0.20733269611345734,-0.3702204683459988,-0.8917420911219391,-0.13663492822009354,-0.5620920797397444
-0.88597352462628,3.882456693534929,3.099184314529645,3.2702414917085028,0.789615206340894,1.0932427123362223
-0.8478673279394934,-1.0626938558437988,-0.6745392300172408,-0.47744299022617503,-0.6581841478671907,0.3945033407239801
-0.05716374668867132,-0.56233965282819,-0.495250138026857,-0.5314669214027508,-1.1042151012961297,-0.23392535255455968
0.4715597323404928,-1.0626938558437988,-0.7718168893785509,-0.573403727172404,-0.5385419552887978,0.20562478674390813
-0.9574226434140048,1.0410084257512708,0.5493226019513804,0.6286029859344332,1.310354407219249,-0.4769591924698549
0.2857920234924081,-0.56233965282819,-0.9369584774018633,-0.7346064333275023,-1.2679812202347571,-1.088917789877912
1.0050464859555053,-0.20733269611345734,-0.22975424519861937,0.1310105258531301,0.8594093254817513,-0.29029430977270687
-0.462042086485779,-1.0626938558437988,-0.8166762448990008,-2.568351613738147,-2.164551944321342,0.11852390192810336
-0.6954425411923469,0.6480284636168839,0.17751570968707722,-0.2858668779323768,-0.6163240061555176,-0.6939826266850992
0.04762829419999184,-0.20733269611345734,-0.24727774031941882,-0.04382132234664335,0.16346300057809388,-0.3242113313589953
-0.6620996190914087,-1.0626938558437988,-0.8094466667240685,-0.35651024474623383,-1.2679812202347571,0.13256116681022087
-0.8335775041819483,-0.56233965282819,-0.5981596350689724,-0.5252432315743947,-0.18328155780244723,-0.4332567685304829
-0.8288142295961001,1.2471573932472422,0.8118992456810056,0.6786965161684075,0.8921885848117497,-0.22583426605770276
1.4718473953686413,-0.20733269611345734,0.09866283699437,0.16810988840398797,0.8459198639383987,0.3457736410169264
2.21491823076098,-0.20733269611345734,-0.7334401785052536,-0.48614808104020374,-0.09251100185985872,-1.263883874282971
0.8478584246225105,-0.56233965282819,-0.7753008290836364,-0.5800965469704935,-0.7023080742274255,-0.7761947485214341
-0.9383695450706115,0.2930215069021515,-0.0673256463490507,-0.012978921093154927,0.4623527961541478,-0.6942967766686595
2.4721350583967894,-1.0626938558437988,-0.7528892893595347,-1.2265673168066213,-1.1819971521628492,0.24237544198558658
-0.9288429958989148,0.4832473463317343,1.0785572257084002,0.995295401642182,1.2749520150692093,1.2676737897763033
-0.6478097953338636,0.2930215069021515,0.11021437529133757,0.008208336747051737,0.3823915882048847,-0.35110126623335036
-0.9574226434140048,0.2930215069021515,0.013307251771929342,0.136766222569439,1.3661456367768503,-0.5384745265663838
1.5147168666412762,-1.0626938558437988,-1.2237493084516795,-1.0552749034716755,-2.495449522400594,-0.6718669453937032
-0.7478385616366785,1.6487368696481015,1.0335922160655864,0.9417293819422731,1.3331305973534788,-0.28727631936521447
-0.8049978566668584,0.06803209247917626,-0.2956319245937442,-0.33057695148728955,0.9947113637945704,-0.8220007056042592
-0.9621859179998531,-0.56233965282819,3.827804952960343,3.424748131342494,-1.9297763763932627,8.156736278220755
-0.3191438489103292,-0.20733269611345734,-0.1352885215504747,-0.26879081502445945,0.28024671793106676,-0.10741193745892727
-0.023820824587733044,-0.56233965282819,-0.6437427278749412,-0.6547588153273436,0.06340800044125627,-0.5215266098876361
-0.023820824587733044,-0.56233965282819,-0.15495819950420844,-0.16734256171234138,-0.030499371057727126,0.4256139622841872
-0.25245800470845264,-0.20733269611345734,0.3941279742596671,0.24350074541611585,-0.11427479409411481,0.9185239641924257
-0.5477810290310489,-0.20733269611345734,0.10593450808151247,0.06927255966515855,0.3070062904338656,0.3598647071618165
2.038677071084592,-0.56233965282819,-0.7043985280328694,-0.573403727172404,-0.8510995740835968,-0.6389603734589119
1.5623496124997593,-0.56233965282819,-0.9056146573224798,-0.8109242599259479,-0.7984300843785986,-1.0283043514265213
-0.7526018362225269,0.06803209247917626,-2.4110909227311312,-2.568351613738147,-1.7476702981701815,-4.809857388975153
-0.6620996190914087,1.148382666632493,1.1042508959390724,1.1962774607675115,0.789615206340894,0.46252522804185886
-0.49538500858671725,1.338608506062076,1.4002738392573677,1.2928322855313186,1.3661456367768503,0.800465903289489
0.07144466712923346,-1.0626938558437988,-1.0426078443155453,-0.8061845248673303,-1.1819971521628492,-0.32015476361937656
-0.9526593688281565,2.319572086010156,1.3616624571119826,1.312534026213033,0.6290811464485883,-0.4521320875612457
2.510241255083576,-1.0626938558437988,-1.8116825117702102,-1.375165294010686,-1.5988787983140098,-1.813423742799979
-0.8335775041819483,-0.20733269611345734,-0.05568942886072081,0.41096703787024225,0.904940310539697,0.046740032909414475
-0.11908631630469955,-0.20733269611345734,0.41324857226246625,0.4529002787138672,1.355288352348226,0.9556007785310545
-0.6144668732329254,-0.20733269611345734,-1.3513177608250393,-2.2149903613480224,-2.495449522400594,-2.4518996389423777
-0.8669204262828867,0.06803209247917626,0.3527117784434798,0.5994988935962049,0.4623527961541478,0.4325873657939034
-0.8716837008687349,-0.20733269611345734,0.28650679409070856,0.46631108627956974,1.0441867443633894,0.7098604740138776
1.0383894080564435,-0.56233965282819,-0.11639935605838782,0.0434079508438493,0.06340800044125627,0.5003787457392395
-0.8049978566668584,1.5033896233472255,1.0613970573301041,0.8816046653435134,1.2948092925927575,-0.05735823376036333
1.4575575716110962,0.6480284636168839,0.8632455158903671,1.8298634822037234,-0.8510995740835968,0.6328530732014561
-0.6144668732329254,-0.20733269611345734,-0.07725586557484868,-0.16014324873489805,-0.07131256734998571,0.004970088221449141
-0.8526306025253416,0.2930215069021515,-0.062288770379747775,-0.23389590082616213,1.1205127844201468,-0.6845654861370919
-0.7192589141215886,1.148382666632493,0.738408028893277,0.6912758468485135,1.557545919661766,-0.24550968057258613
0.34295131852258803,0.06803209247917626,0.22293666014372687,0.23267237732929333,0.11496791303105958,0.18119033888390454
1.1003119776724717,-0.56233965282819,-0.07533813743473294,-0.41686215719554537,-0.050650860148185636,0.5800013958331929
-0.18100888592072778,0.06803209247917626,-0.45109265718935304,-0.3100851819238715,-0.37141049614817273,-1.12213179591548
-0.9336062704847632,0.6480284636168839,0.5282886360518181,0.4355648972806728,1.404763732917046,-0.01579208128467764
-0.5477810290310489,0.06803209247917626,-0.3457439533326547,-0.2604142270360491,-0.46753250629934595,-0.9187858560091751
1.090785428500775,-1.0626938558437988,-0.6657219119307823,-0.6146084125735326,-0.4342179279324365,0.4116234307948868
-0.6620996190914087,1.148382666632493,1.1220281411115676,1.1106822328382708,1.167698980199021,0.49695719371930586
-0.8478673279394934,-0.20733269611345734,-0.7069594258194587,-0.49496847441957964,-0.7984300843785986,-1.21278120272716
-0.9193164467272182,-0.56233965282819,-0.7763130923845613,-1.015307112385583,-0.13663492822009354,-0.7781537173826303
-0.6049403240612288,-1.0626938558437988,-0.09428340422880169,-0.02456060369978409,0.16346300057809388,1.521153406453491
2.2816040749628566,-1.0626938558437988,-0.47852582419145107,-0.5667775037006352,-0.7489547038097792,0.7750915343150063
-0.8907367992121282,-1.0626938558437988,-1.0011803057781246,-0.206471379930985,-0.6581841478671907,-0.23971724461165803
-0.052400472102823,-1.0626938558437988,-1.33373138511036,-1.5667414063044838,-0.6163240061555176,-0.8854129511200607
-0.13813941464809285,-0.56233965282819,-0.5617364583018081,-0.5700823738310379,-0.4022101454292381,-0.3627144144152185
-0.6001770494753804,0.2930215069021515,0.6982845187553596,0.5937531291804873,0.8921885848117497,0.7876587432105703
1.5956925346006978,-1.0626938558437988,-1.3600846266611286,-1.9581661591936625,-1.3641032303859306,-0.9365815564244814
1.7814602434487825,-0.56233965282819,-1.0390006314966052,-0.7055581537508618,-0.3130932756502835,-1.2861725219307691
-0.8097611312527068,-0.20733269611345734,-0.4091698702956341,0.28788103135877824,-0.3130932756502835,-0.6374244133956505
0.8430951500366621,-0.56233965282819,-0.7694238503888592,-1.662036546029389,-1.7476702981701815,-0.7648212279180812
1.1098385268441684,-1.0626938558437988,-1.0529381873563142,-0.9477355583806234,-0.9074042316811012,-0.3402126090534594
-0.7430752870508301,-0.56233965282819,0.4072613226684979,0.5378001562948461,0.5834774484363009,1.5161719281722073
1.6099823583582427,-1.0626938558437988,-0.5961984892415841,-0.46318270303354536,-0.46753250629934595,0.5466131461262141
-0.5858872257178355,0.6480284636168839,0.6471892586783764,0.9562839579731007,0.49436057865734623,0.21436729978251706
0.44774335941125115,-1.0626938558437988,-0.04210434463235989,0.23761620081144885,0.09814063970798567,1.6224665485389773
-0.9526593688281565,-0.20733269611345734,-0.21871669239207528,-0.24194349078259206,0.504756819153868,-0.26892962882049015
-0.9240797213130665,0.4832473463317343,0.7120186274835509,0.8767177737888333,0.8526924658156667,0.5571833611871523
-0.7287854632932852,2.0037438263628347,1.479963379845617,1.2411937064690808,1.4115930099457308,0.1505752463492539
-0.20006198426412108,-0.56233965282819,-1.566286536859757,-1.5521049937336002,-0.7984300843785986,-2.302882014759603
0.7478296583196956,0.7933757099177606,0.7854742805447072,0.7055762623272948,0.7369457166358959,0.2939891296756988
-0.9431328196564598,0.9233932522095181,-0.026973838728527287,-0.13381847868521543,-0.4342179279324365,-1.4404857207680262
0.8573849737942072,-1.0626938558437988,0.2237002960296362,0.18962807601520332,1.1858351452902547,2.13856445322806
1.9862810506402604,-0.56233965282819,-0.8861731444231792,-0.5069137268009826,-0.010833507594516798,-0.9907026848589938
-0.45727881189993064,1.148382666632493,1.0312722958364782,0.7841741154873474,1.0908333739457432,0.3211987406498133
-0.8478673279394934,-1.0626938558437988,-0.4587700960902919,0.05127335682151185,0.48383018942336337,0.8134501192261737
-0.814524405838555,-1.0626938558437988,-0.0864721062742998,0.13216565184006762,-1.7476702981701815,1.5363201638779673
-0.8716837008687349,-0.56233965282819,-1.6467466008162943,-1.5970161634592985,-1.9297763763932627,-2.4575034909183753
1.7576438705195407,-1.0626938558437988,-1.3165092084694814,-0.9595222371300127,-0.09251100185985872,-0.8519736204281438
2.0339137964987435,-1.0626938558437988,-0.93728936230069,-1.008872956395172,0.008369586453112622,-0.11566379703004434
0.44774335941125115,-1.0626938558437988,-0.6385746000146508,-1.3218624565315267,-0.9074042316811012,0.46433383781773774
0.8049889533498755,0.4832473463317343,0.5148448413922423,0.45075787483547497,0.6552682223705544,0.17528264881156252
-0.8621571516970383,0.4832473463317343,0.5078489314563726,0.32431857661210706,1.3978768241774149,0.16173734864861736
-0.9431328196564598,0.06803209247917626,-0.0010090193364155249,-0.09862908693972233,-0.18328155780244723,-0.25235372384914234
-0.7192589141215886,1.0410084257512708,0.9378851047566124,0.8004484550932413,1.1991775761436305,0.2746799543119437
-0.8240509550102517,-1.0626938558437988,-1.5610936471231636,-1.3863576577143846,-1.4730773776884334,-1.3268694536774868
0.3524778676942847,-1.0626938558437988,-1.2217008429759608,-1.0552749034716755,-0.7023080742274255,-0.6678895553179943
-0.6763894428489536,0.06803209247917626,0.06626970718436143,0.06927255966515855,0.3070062904338656,-0.1221485301537076
-0.8478673279394934,0.06803209247917626,-0.501837178447283,-0.7605550393694699,-0.20764437720954537,-1.2200150094826312
-0.08098011961791295,0.4832473463317343,0.6527274434181279,0.5283183164982063,1.4514103624993995,0.44231762159442783
1.0098097605413536,-0.20733269611345734,0.1917980759299222,0.5082839779018504,1.3141948559183994,0.5262716077192079
1.1098385268441684,-0.56233965282819,-0.5113279061588818,-0.5314669214027508,-0.7489547038097792,-0.2650717293778214
-0.9574226434140048,2.2372732423661383,1.899590771038527,1.5674730750504435,1.1813387491085796,0.6858660083000907
1.1574712727026517,-0.56233965282819,-0.7634991420252112,-0.3986875018506874,0.14761602027680515,-0.7533550336504781
-0.9574226434140048,2.884549708237609,2.4138127771545705,2.2759884479528583,0.8182530163643801,0.9220105698904669
-0.1476659638197895,-0.56233965282819,-0.14524441547545838,-0.34933678258552825,-0.25866685557346636,0.4444482700993282
-0.5811239511319871,-0.56233965282819,0.24873257221753128,0.2693560547734644,0.37030108791939076,1.2085895729759153
-0.9478960942423081,-1.0626938558437988,-0.926952895770601,-0.6738412087784594,-0.7023080742274255,-0.09559406196153047
-0.06192702127451965,0.06803209247917626,0.5958365521396897,0.2978543009654979,0.5928043367258662,0.9038047394988563
2.21491823076098,-1.0626938558437988,-2.094598182634806,-2.176926860848968,-1.9297763763932627,-2.3627451713998537
-0.8621571516970383,1.148382666632493,0.7018199847365059,0.9130602529042374,0.7749104149489473,-0.3162505710703098
-0.8812102500404316,0.2930215069021515,1.6753296298637106,1.1204347953027862,-2.164551944321342,2.6829089662311003
-0.8764469754545833,-0.20733269611345734,0.15429431215708425,0.17138227810689968,0.7968694215944938,0.4535833991383302
2.0910730915289237,-1.0626938558437988,-0.2327085517396802,-0.6855587538693905,-0.11427479409411481,1.2523810915356048
-0.9431328196564598,-0.20733269611345734,0.07581078548963907,0.22669093024859924,0.3823915882048847,0.30149270119597504
-0.4429889881423857,-1.0626938558437988,-0.3406621284599401,-0.422147343386051,0.13145521807489544,1.04277370992534
2.0863098169430754,-1.0626938558437988,-2.608834708640836,-1.375165294010686,-1.9297763763932627,-3.3612092799471167
1.6099823583582427,-0.20733269611345734,-0.5785062016187952,-0.4116185870760772,-0.13663492822009354,-0.9647406025696801
-0.9526593688281565,1.0410084257512708,0.9627727270265486,0.5082839779018504,0.5548396384128148,0.3228687732983733
1.0050464859555053,-1.0626938558437988,-1.0517400700670898,-0.9961881925946345,-0.4022101454292381,-0.33788629217275934
2.534057628012818,-1.0626938558437988,-0.5271348168769304,-0.6661425107273722,-0.07131256734998571,0.6807101901385361
-0.7097323649498919,-0.56233965282819,-0.8896311346677397,-0.7968050745379561,-0.9074042316811012,-0.9973910394728771
1.8529093622365074,-1.0626938558437988,-0.7974056904186162,-0.26458935020759283,-0.6581841478671907,0.15594045253742958
1.509953592055428,0.06803209247917626,-0.6130776417698185,-0.7605550393694699,-1.2679812202347571,-1.4344250948915227
-0.18100888592072778,-0.56233965282819,-0.17354954148743998,-0.2542002164926365,-1.4730773776884334,0.38956771859682787
0.4191637118961612,0.2930215069021515,1.310840494780607,1.455934935812574,0.47316214414747326,1.975620227180131
1.6337987312874842,-1.0626938558437988,-1.543170235275919,-0.9776028943147181,-0.4022101454292381,-1.2920685740682956
1.8862522843374456,-1.0626938558437988,-2.429550531297109,-2.8058721464916907,-1.4730773776884334,-3.013103287363395
-0.9193164467272182,2.469334454385051,1.9506258976046844,1.8025285870150352,2.431045316686287,0.5109752354560182
-0.447752262728234,1.7154571887753904,1.6800473365913469,1.6221323114078547,1.5226896391793603,0.8836207378997636
-0.5096748323442623,0.6480284636168839,0.6821784480624768,0.9851137609426126,0.3823915882048847,0.28211777622670337
0.1905265317754416,-0.56233965282819,-0.6072610574980438,-0.5099338225192531,-0.7023080742274255,-0.45088248168593476
-0.19053543509242443,2.4335631004027682,2.140186247576844,2.362298648830861,1.2463142050457239,0.9203096499669723
-0.7668916599800718,0.7933757099177606,0.8562523966412926,0.6967363542307935,0.767457451346147,0.4310605309325057
-0.8002345820810101,0.4832473463317343,0.5693140085387698,0.8960537821841518,0.28024671793106676,0.28075666098745883
-0.6478097953338636,1.6487368696481015,1.6106947312800044,1.4780154210675966,1.540303859116289,0.829848726324966
-0.8526306025253416,-0.56233965282819,-0.8235921902095648,-0.9595222371300127,-1.033205652306678,-0.86963971608213
-0.9621859179998531,2.602872755993192,1.9797790605959822,1.8674659372858669,1.7951600777299817,0.4106501915855465
0.9240708179960837,-1.0626938558437988,-1.1689610943777204,-1.3533295684623587,-0.7023080742274255,-0.5654877549672133
-0.8383407787677967,0.7933757099177606,0.9073385365401729,0.8130214521908499,0.9775298061844006,0.5300162944537219
-0.9383695450706115,-0.56233965282819,-0.39144330573674163,-0.4382593381350067,-0.28542642807626484,-0.0327915995739267
1.3051327848639498,-1.0626938558437988,-0.9906148262423059,-0.38600273805015006,-0.15962500745068847,-0.21920284788445657
-0.7097323649498919,0.4832473463317343,1.176497557579549,1.130819878509007,0.2239420603335628,1.4576086998230362
1.743354046761996,-1.0626938558437988,-1.666957832542905,-1.6287331084317012,-1.5988787983140098,-1.532419981842351
0.7668827566630889,0.06803209247917626,-0.09073866434564114,-0.5346007152542148,-1.3641032303859306,-0.4259437520409071
-0.8955000737979766,0.2930215069021515,-0.2573994104855111,-0.17645255281948025,-0.8510995740835968,-1.061254060756405
-0.042873922931126345,-0.56233965282819,-0.008521902219884274,0.49636841212728633,-0.15962500745068847,0.7095781178345977
1.0717323301573818,-0.56233965282819,0.11147634765974519,-0.16915461715558652,-1.5988787983140098,0.9423243579900645
-0.9526593688281565,0.2930215069021515,0.3693111482142118,0.4910033884301524,-0.34173108567376953,0.15031812938238578
-0.8955000737979766,1.8389627090776848,1.556172336590849,1.468619699613112,0.8111872246716694,0.4950624953461297
-0.8383407787677967,1.0410084257512708,1.1489632646127508,1.3703467682683206,1.0388352901548052,0.6835141393933519
-0.3620133201829641,-0.20733269611345734,0.10338183041146871,0.07934352611533858,-0.030499371057727126,0.35491808898207095
-0.5620708527885938,-0.56233965282819,-0.2017062999596995,-0.18013173325269888,-0.030499371057727126,0.3349778959259562
-0.6287566969904703,-0.20733269611345734,0.28825226520250447,0.5003640039010635,0.5834774484363009,0.7132443558971185
1.0336261334705952,-0.56233965282819,-0.35033737897212747,-0.2521416987344658,-0.20764437720954537,0.04687022131035914
2.2101549561751317,-1.0626938558437988,-0.6067449961754996,-0.7968050745379561,-0.46753250629934595,0.5261355874318793
2.0148606981553505,-1.0626938558437988,-1.249345415975237,-0.9776028943147181,-1.1819971521628492,-0.7215654661877882
1.062205780985685,-1.0626938558437988,-0.7903886604677886,-0.9135778166702664,-0.8510995740835968,0.16956502450029393
-0.09526994337545792,-1.0626938558437988,-1.532324399083967,-0.835142563917442,-1.1819971521628492,-1.2710098246073134
-0.4286991643848407,-1.0626938558437988,-0.7461015007788762,-0.7015099348130508,-1.4730773776884334,0.25555490888738946
0.8145155025215722,-0.56233965282819,-0.7832925060085232,-0.7474543552727965,-0.6581841478671907,-0.791660287705291
-0.5858872257178355,0.2930215069021515,0.9326263029823109,0.9306878031511023,0.3070062904338656,1.2419879381202736
1.8624359114082039,-0.56233965282819,-0.6841018415408873,-0.7561594460868257,-0.7489547038097792,-0.5996677468060206
0.21910617929053156,-0.20733269611345734,0.3730756037307734,-0.20264418569278436,-0.34173108567376953,0.8777027379872078
0.13813051133111,-1.0626938558437988,-0.9864505137461204,-1.2537519061681288,-0.9074042316811012,-0.21111723678150787
0.8716747975517521,0.06803209247917626,0.32076254722649694,0.41550748703595203,0.3455690788011746,0.3706867113237666
-0.6287566969904703,0.06803209247917626,-0.2601240432926762,0.08432246493141068,-0.050650860148185636,-0.7534008970912469
0.943123916339477,-0.56233965282819,-0.2678317075505466,-0.4492213957791754,-0.37141049614817273,0.20678782675786803
-0.638283246162167,-1.0626938558437988,-1.024951509166366,-1.6126858267642297,-1.1042151012961297,-0.28587245179711124
-0.9478960942423081,2.2372732423661383,1.5918607483264935,1.6342171571163586,1.3479690759998015,0.09004393872108969
-0.7240221887074368,0.7933757099177606,0.1464134269442084,-0.14948814199014665,0.2525798703570481,-0.9414716869810995
-0.609703598647077,-1.0626938558437988,-1.1441979628337482,-1.3218624565315267,0.19426264985915923,-0.5174065767321203
-0.6763894428489536,0.2930215069021515,0.5067157043191309,0.6892790538546771,1.691029231542118,0.41644267381865985
-0.8907367992121282,0.06803209247917626,-0.4696089050785636,-0.6398770795028121,-0.46753250629934595,-1.157853710862575
-0.9478960942423081,-1.0626938558437988,-1.6488226148297176,-0.6253206537153407,-1.3641032303859306,-1.497207850708951
0.3953473389669196,-1.0626938558437988,-1.3047514250917065,-1.2355061082598258,-1.1042151012961297,-0.8291441944634773
0.8716747975517521,-1.0626938558437988,-1.1781179673790911,-0.7220017043764688,-0.96788329143657,-0.5832671396978244
-0.9478960942423081,1.338608506062076,0.6544290364544526,1.0871716121912676,0.7523441704941772,-0.642671117513791
-0.7716549345659202,-0.20733269611345734,-0.1871857291931988,-0.1252698379986525,0.2937361794744193,-0.20789174192040782
-0.7954713074951617,-0.56233965282819,-0.09993779967796274,-0.063655754233975,-0.09251100185985872,0.5322989847512967
-0.609703598647077,-0.56233965282819,-0.4333518536946637,0.010983048946794886,-0.15962500745068847,-0.11399984153968697
1.7147743992469058,-0.56233965282819,-0.5128546124320441,-0.6585317997233179,-1.1042151012961297,-0.2680292329661138
2.481661607568486,-1.0626938558437988,-1.9346109936529754,-0.7875558985699295,-2.495449522400594,-2.0521070546048352
0.957413740097022,-0.56233965282819,-0.6507317319893415,-0.7694342371079721,-0.7489547038097792,-0.5350592151945855
-0.8812102500404316,2.1025185529775836,1.3637033487211276,1.490590515934698,1.3141948559183994,-0.19172086540973998
1.1955774693894383,-0.56233965282819,0.27973155260024746,0.1724695109435012,0.6552682223705544,1.2687308317525439
-0.8955000737979766,0.6480284636168839,1.3359639183106493,1.0871716121912676,1.0600337246646783,1.549294745560484
0.07620794171508179,-1.0626938558437988,-1.773973015195411,-1.3016812162180795,-1.4730773776884334,-1.7402053365273733
-0.08098011961791295,0.4832473463317343,0.5179612136696792,0.409446649163021,0.5834774484363009,0.18131660604117228
-0.8097611312527068,0.9233932522095181,0.952921786629872,0.731882122775951,0.744681261211917,0.4522810592085293
-0.6335199715763187,-1.0626938558437988,-0.2527673124535694,-0.3168459502924501,-0.25866685557346636,1.2134341252624985
-0.09526994337545792,-0.20733269611345734,0.21668143603973028,-0.20073880538146346,-0.09251100185985872,0.5745031210893756
2.0148606981553505,-1.0626938558437988,-0.7991705676950442,-0.5346007152542148,-0.6163240061555176,0.15251368970089904
-0.8955000737979766,-0.56233965282819,-0.40681414597247884,-0.1619357934632743,-0.2327569383712667,-0.06257751424165765
0.15718360967450332,-1.0626938558437988,-1.271623325067327,-1.0905175163931806,-1.5988787983140098,-0.7648212279180812
-0.8192876804244034,0.2930215069021515,0.8047608064619344,0.7050882227565355,0.515022285859146,0.9940620885537954
0.2905552980782564,0.06803209247917626,0.57786612563566,0.5346545200041434,0.7291361465854255,0.8689658076602524
-0.9478960942423081,0.4832473463317343,0.5072039527317342,0.5897013915604473,0.504756819153868,0.16048857599387525
-0.7192589141215886,0.06803209247917626,-0.05367565245803076,-0.29676613865401374,-0.5022651455660757,-0.35425149264633593
1.6242721821157877,-1.0626938558437988,-0.9856462248507941,-1.5667414063044838,-0.96788329143657,-0.20955559431880014
0.20481635553298658,0.06803209247917626,0.1074331765245594,-0.04382132234664335,0.04547115000298754,-0.04246574526987189
-0.5811239511319871,-0.56233965282819,-0.05628119486371302,0.02196770979561213,0.04547115000298754,0.6169570509570675
0.3381880439367397,0.2930215069021515,0.46246713281035523,0.5359145581558502,0.5450659426428811,0.33072870332992466
-0.9621859179998531,1.6487368696481015,1.176586618412261,1.157581848247103,0.5834774484363009,-0.010739725319652234
-0.5906505003036837,-1.0626938558437988,-0.7251649699520866,-0.7096311325914295,-0.5765066536018487,0.29620619196602005
-0.8240509550102517,0.6480284636168839,0.7080523592854235,0.6528017310753643,0.5644976664279658,0.3322237268764459
-0.6144668732329254,-0.56233965282819,-0.5540005686442824,0.023328139205412306,0.26653053216275097,-0.3477308463769059
0.9717035638545669,-1.0626938558437988,-1.5258125840178705,-1.244566519650268,-1.7476702981701815,-1.2583661999400946
1.3289491577931916,0.6480284636168839,0.5604641827820063,0.32948752854958346,0.08095908209781587,0.046479620128086645
1.3480022561365848,-0.56233965282819,-0.557974373416522,-0.4064159827665343,-0.5022651455660757,-0.35542771816574936
-0.88597352462628,0.4832473463317343,0.8667725749439844,0.5850404453973687,0.8182530163643801,0.8570810796377639
0.09526104005847509,0.4832473463317343,0.4606086033677974,0.6512155533556224,0.4402948630471784,0.07028166903536481
0.9717035638545669,-1.0626938558437988,-0.4477523531415714,-0.3541104945295067,-0.4022101454292381,0.8348426503575933
1.119365076015865,0.06803209247917626,1.0681179684256394,1.01947987374582,0.3200640704847356,1.81978994990232
-0.814524405838555,0.06803209247917626,0.200901758587768,0.4486085562472647,0.37030108791939076,0.13851554959929366
-0.85739387711119,1.5033896233472255,0.727267628569106,0.8229116829590685,0.9174958480720942,-0.7030742331276091
-0.8192876804244034,0.06803209247917626,0.5026605431593153,0.3085665421073067,0.48383018942336337,0.7231809415238801
0.9288340925819321,-1.0626938558437988,-1.1509858155435915,-0.7784334276328698,-0.9074042316811012,-0.5305861681499504
-0.462042086485779,-0.56233965282819,-0.3322529959762536,-0.02602258005974685,-0.11427479409411481,0.08191976380048889
-0.9431328196564598,-0.20733269611345734,0.15068523344536425,0.32948752854958346,0.14761602027680515,0.4465887936998467
0.20481635553298658,-0.56233965282819,0.03825226650958037,0.10507723259418585,0.11496791303105958,0.800295497939775
-0.11908631630469955,-0.56233965282819,-0.03575443811507129,0.37187541908115856,0.3200640704847356,0.6567643341491414
2.5388209025986663,-1.0626938558437988,-1.232046409265838,-0.924770180373965,-0.8510995740835968,-0.6879769588777287
1.1717610964601965,-1.0626938558437988,-0.18525564815505896,0.5452896069083921,-0.28542642807626484,1.3445177225983358
-0.15719251299148615,0.06803209247917626,-0.3489549644794811,-0.11682954802229412,-0.3130932756502835,-0.9249863080620195
-0.7621283853942235,-0.20733269611345734,-0.19170925252444831,0.042087970303650996,-0.09251100185985872,-0.2166488997258543
1.509953592055428,-1.0626938558437988,-0.7625755278538056,-1.1590736539023403,-0.5765066536018487,0.22356821808324392
-0.6239934224046221,0.6480284636168839,0.5694773057342393,0.7736868126906926,0.42903821778723844,0.0639249552274181
1.8290929893072656,-1.0626938558437988,-1.3502558178138009,-1.3641579365491812,-1.4730773776884334,-0.9174975116950068
-0.6859159920206502,1.5782019406724268,2.1814135445068175,1.8381972364878347,0.8792344423053089,2.0220589037620633
-0.8907367992121282,-0.56233965282819,0.23666899707378425,0.29243286018483255,0.3823915882048847,1.1851855333040742
-0.2953274759810876,0.7933757099177606,0.3835872107112529,0.20221295381688867,0.3455690788011746,-0.4835163476495065
-0.8812102500404316,1.338608506062076,1.4497742947447416,1.4113104958930267,1.84663324104067,0.8963927345509972
-0.8621571516970383,2.319572086010156,2.1510412311030986,2.3207350775625883,-0.5022651455660757,1.0758098944097132
-0.9193164467272182,0.06803209247917626,-0.00114205481189983,0.5803466464792485,1.0755788392911698,-0.25261114925408906
0.7859358550064822,0.4832473463317343,-0.1724860162946071,-0.3541104945295067,0.13145521807489544,-1.1530585877698893
-0.06669029586036797,-1.0626938558437988,-2.245331994321524,-1.244566519650268,-2.164551944321342,-2.6554165265107605
-0.8907367992121282,0.6480284636168839,0.5554607240321291,0.4930203408993193,-0.5765066536018487,0.03679547784857372
1.6052190837723943,0.06803209247917626,0.04581457667590625,-0.1727935877653639,0.14761602027680515,-0.1617396767304393
0.9097809942385388,-1.0626938558437988,-1.275443402341913,-1.7153393835085484,-0.3130932756502835,-0.7722384568733547
2.505477980497728,-1.0626938558437988,-1.2115440985856563,-1.028364981041055,-2.495449522400594,-0.6481687766090759
1.743354046761996,-1.0626938558437988,-1.509783419598717,-1.9581661591936625,-1.2679812202347571,-1.2272432739067545
0.7573562074913923,-1.0626938558437988,-1.3545129165256284,-1.375165294010686,-1.1819971521628492,-0.9257632805685561
-0.8764469754545833,-0.56233965282819,-1.0108021788885002,-0.19129283190488833,0.008369586453112622,-1.2316752390473973
-0.6430465207480154,-0.56233965282819,-0.31582314492518976,-0.4603669273182571,0.17900811520458537,0.11376399722539254
-0.8955000737979766,1.338608506062076,-0.011198080700367053,0.3277689986552042,-0.3130932756502835,-1.9234237274009665
-0.8526306025253416,-0.20733269611345734,0.31410601569446905,0.41475289209459154,0.9832972778391466,0.7633675299042412
-0.88597352462628,1.8389627090776848,1.612289060885839,1.5051388289357,1.473770496625378,0.603753867999653
-0.8335775041819483,-0.20733269611345734,0.479095553095232,0.410207277417613,-1.9297763763932627,1.0832942973340922
-0.9574226434140048,1.8389627090776848,1.6217260326425915,1.1918261972899087,-0.5022651455660757,0.6220341365817459
2.2673142512053115,-1.0626938558437988,-1.1851465896943398,-1.0621757938743313,-0.6163240061555176,-0.5969142199019789
-0.7049690903640435,-0.56233965282819,-0.7681348728584,-0.6362080346042313,0.6111442960103195,-0.7623266725018876
1.1384181743592583,-0.56233965282819,-0.26428988961807165,-0.3100851819238715,-0.5385419552887978,0.2136534900153393
-0.8049978566668584,0.4832473463317343,0.7216728877986414,0.4486085562472647,0.7523441704941772,0.5758886500214756
0.9907566621979602,-0.56233965282819,0.003987113072561785,-0.021646244717921134,0.06340800044125627,0.7338384128633628
-0.9526593688281565,1.2471573932472422,0.9218997470516044,1.0808148969041762,0.6379038685131184,-0.013064617488093098
0.7764093058347856,-0.20733269611345734,-0.2020349706776395,-0.4301546137815194,-0.7984300843785986,-0.23663801001060997
-0.7621283853942235,-0.20733269611345734,-0.046586893093326046,-0.14948814199014665,-0.4342179279324365,0.0643707712210168
-0.6192301478187737,0.6480284636168839,0.5716498466471513,0.7652656227154263,-0.5022651455660757,0.06813011428084982
-0.9431328196564598,0.2930215069021515,0.1165166221384624,0.5251274624560567,-0.7984300843785986,-0.3389121365017247
1.5766394362573044,-1.0626938558437988,-0.7309205308326316,-0.6040657655038771,-0.6581841478671907,0.2850309434701255
-0.9478960942423081,3.0493308255227594,3.729261978107629,3.5963811014172733,1.1991775761436305,3.281499980397563
-0.6763894428489536,-0.56233965282819,-0.7219347631254666,-0.11682954802229412,0.2937361794744193,-0.6729063687393918
-0.7430752870508301,1.5782019406724268,1.2499399426619426,1.3172236932317414,2.0883627851866917,0.2165976963461701
0.8954911704809938,-1.0626938558437988,-1.2446032769575215,-0.8014782864493728,-1.2679812202347571,-0.7123579218624069
-0.9621859179998531,0.06803209247917626,0.2650203689180059,0.3539203372826639,0.17900811520458537,0.2627024054928905
-0.6049403240612288,-0.56233965282819,-0.5295881507599757,-0.23790753925010832,-0.96788329143657,-0.30044415249759904
-0.6239934224046221,0.06803209247917626,-0.6601902920232879,-0.5409128948793259,-0.96788329143657,-1.5251565827320943
1.0240995842988985,-0.56233965282819,-1.1532895580148572,-1.0833182034157367,-1.033205652306678,-1.5069447554431366
0.2524491013914698,0.06803209247917626,0.5689417059046069,0.41248396327444825,-1.9297763763932627,0.8516646926263158
-0.638283246162167,0.2930215069021515,0.21649029469555514,0.22065526991769635,1.02802594216148,-0.14550137911494487
2.4768983329826377,-1.0626938558437988,-1.5856016066361969,-1.9069154958023462,-1.9297763763932627,-1.3744551787475225
1.7100111246610574,-0.56233965282819,-1.1022157870801432,-0.6253206537153407,-0.25866685557346636,-1.4083073930591798
-0.32390712349617756,0.06803209247917626,-0.20798760904970276,-0.7784334276328698,-1.3641032303859306,-0.6526460850415482
0.18099998260374495,-1.0626938558437988,-1.48670254532239,-1.8826971918108517,-0.5765066536018487,-1.1824284398890443
0.1143141384018684,-0.56233965282819,0.5999266462831613,0.38305436205380405,-1.7476702981701815,1.890045223562179
0.8430951500366621,0.6480284636168839,0.0924959460936508,0.20221295381688867,0.16346300057809388,-0.8581270828317757
-0.9240797213130665,2.1025185529775836,1.681465609195945,1.7595504519253025,1.48937506081245,0.42316531978523675
-0.9240797213130665,2.149091072663711,1.7658863329172603,2.0980387942969583,1.0547855146642786,0.5313667332451162
1.0098097605413536,0.06803209247917626,0.17287531559841895,0.25415585216086667,0.5644976664279658,0.08424184426787398
1.9767545014685637,-0.56233965282819,-0.20110412211595136,-0.057489691990578906,0.14761602027680515,0.33614535485845176
-0.9621859179998531,2.723361098011723,2.8424004681768027,2.5658960822417707,1.8305123446524405,1.9414973241708293
-0.7907080329093135,-0.20733269611345734,-0.3632404673977281,-0.4248057499683392,0.767457451346147,-0.5485903737911043
0.9383606417536287,0.06803209247917626,-0.3604289574375332,-0.11682954802229412,0.3455690788011746,-0.9471413183278112
-0.7478385616366785,-1.0626938558437988,-0.2093920765198854,-0.3352175971975365,-0.34173108567376953,1.2976533786397764
-0.5620708527885938,1.4237474552251266,1.6997983051858165,1.2857251746951786,1.3442846731615765,1.276492523800774
-0.8764469754545833,1.951224185270838,1.3905559708582589,1.4500592785970627,2.076405152322192,0.04017484769457289
-0.9526593688281565,0.9233932522095181,0.8630730263161811,0.626958036647232,-0.37141049614817273,0.27828313607006777
-0.9240797213130665,1.338608506062076,1.1462397147741883,0.9844722098674673,1.5991216585678043,0.30839943140174375
-0.8764469754545833,2.396723788497221,2.022874693814896,1.9221701954201278,2.076405152322192,0.7364023563342255
0.07620794171508179,0.06803209247917626,0.3900582418154345,0.37348394634751925,0.6638137857153177,0.5049522189478185
-0.5954137748895321,-0.56233965282819,-0.2446703911242156,0.6057624965154362,-0.34173108567376953,0.2516860357047099
0.3048451218358014,-0.20733269611345734,0.6531676002417411,0.4377566599761337,-1.3641032303859306,1.4209254963811213
-0.8526306025253416,1.4237474552251266,1.4765199692024795,1.261612716680938,1.5226896391793603,0.8436925661954219
0.7906991295923306,0.2930215069021515,0.8971697960340571,0.9345040311565915,0.8726794364411976,1.1732333003874706
-0.8955000737979766,1.4237474552251266,1.010704104520035,1.0693306465509682,1.282952999180018,-0.058291774061122674
-0.843104053353645,-0.20733269611345734,-0.10432257831371158,-0.017298481954126452,0.9174958480720942,-0.04744836729203418
0.28102874890655977,-1.0626938558437988,-0.796760466167852,-0.6699807344047598,-0.09251100185985872,0.1571932481358985
-0.88597352462628,1.951224185270838,1.6265968159868867,1.8820486203521296,1.0059680090545104,0.49709834603162695
-0.5334912052735039,0.06803209247917626,0.24779985534657398,0.4704905767634228,0.767457451346147,0.2293465509289648
0.9621770146828703,-1.0626938558437988,-1.2933767904655875,-1.272511737266367,-0.7023080742274255,-0.8070587068567774
0.4715597323404928,1.4237474552251266,0.4773695502476489,0.2617993216057619,1.4217309520249959,-1.0882201381119136
-0.843104053353645,0.6480284636168839,0.623530849908961,0.685267415430731,1.0334485125604722,0.16856205798019772
0.7668827566630889,0.06803209247917626,0.32952140604701874,0.5415554104067991,1.0755788392911698,0.3876561483176283
-0.7478385616366785,0.06803209247917626,0.13072407639259864,0.23366408259744864,1.3368655871337631,0.0026258774602407053
-0.7859447583234651,1.8963695854816123,1.5334013511634774,1.6600794617774097,1.3944114523355609,0.3821973452016459
-0.7192589141215886,-0.20733269611345734,-0.11945500871604636,0.49503120291391534,0.47316214414747326,-0.0767522062537167
2.1196527390440134,-1.0626938558437988,-1.1886652658415449,-0.8863932273087582,-0.030499371057727126,-0.6037462352585552
-0.814524405838555,0.06803209247917626,1.1723756660863196,1.085519179669705,1.262801510089559,2.0220725823866226
1.5575863379139112,-1.0626938558437988,-0.8830107042199189,-0.9536028206920435,-0.96788329143657,-0.010273982785065453
-0.7192589141215886,-0.20733269611345734,-0.2204004647232376,-0.20839325706434073,0.04547115000298754,-0.272188863287677
-0.5906505003036837,1.4237474552251266,1.4260666155985502,1.4605042117472276,1.1722709464564516,0.7459275924295145
1.4432677478535514,0.2930215069021515,0.8850820600191628,0.5314939542019443,0.825258156736599,1.1497946621939714
-0.7144956395357402,-0.56233965282819,-0.0345171928912052,0.13216565184006762,-2.495449522400594,0.6591637516674373
0.4525066339970995,-1.0626938558437988,-3.7986061879165867,-3.178537068282631,-2.495449522400594,-5.671321571379502
-0.12384959089054788,-0.56233965282819,-0.07826284992599526,-0.1252698379986525,-0.18328155780244723,0.57432983443775
0.914544268824387,-1.0626938558437988,-0.9808071221522419,-0.9654947432132038,-0.25866685557346636,-0.20015978107386154
2.010097423569502,-1.0626938558437988,-1.1770297703770025,-1.1671456310912816,-1.033205652306678,-0.5811542488496128
-0.7430752870508301,1.4237474552251266,0.8454558079505518,1.1240880252731695,0.16346300057809388,-0.3778183374938195
-0.8288142295961001,1.4237474552251266,1.1426684200800503,1.3710655270693384,0.8390905869097138,0.19707203296642517
-0.9145531721413699,0.6480284636168839,0.282716151379068,0.34893829436107626,1.2587108055720466,-0.4907356091621176
-0.5525443036168971,1.6487368696481015,1.530909040989875,1.7670244918227718,1.0225671001190004,0.675259547289296
-0.9431328196564598,2.723361098011723,2.2017148517607223,2.147626291724473,1.8099028190320714,0.6993903926872288
-0.7859447583234651,-0.56233965282819,-0.033768896502694774,0.14019591237099097,-0.15962500745068847,0.6606149420654696
-0.8812102500404316,1.4237474552251266,1.0358867593945273,1.0012679077253737,0.2239420603335628,-0.009573151817303586
1.848146087650659,-0.56233965282819,1.133230556017456,0.9296432069141706,0.19426264985915923,2.925164320012519
-0.7526018362225269,0.2930215069021515,-0.24652018119641617,-0.5252432315743947,0.4623527961541478,-1.0402658224128514
-0.8192876804244034,-1.0626938558437988,0.5095949459617813,0.5193451109490018,-0.4342179279324365,2.6936699977524947
0.8097522279357239,-1.0626938558437988,-1.0456042930607325,-1.4331087772000919,-1.1819971521628492,-0.3259727994333782
-0.6906792666064986,-1.0626938558437988,-0.9904206081420541,-0.607561468882761,-0.15962500745068847,-0.21882574553461437
0.8049889533498755,2.2791086149554682,3.1400907081339184,3.2632161671794506,-0.07131256734998571,3.0422807250817976
-0.4239358897989924,0.6480284636168839,0.862108360896483,0.955278780477353,1.3405835609562786,0.6306497330059175
0.05715484337168849,0.6480284636168839,0.2941457786654848,0.26841613935349573,0.3455690788011746,-0.4686450602816142
0.5525354002999143,-0.56233965282819,-0.8534591891062301,-0.6398770795028121,-0.9074042316811012,-0.9274222507698213
-0.6573363445055603,-1.0626938558437988,-0.6274030034781327,-0.560216564280142,-0.5022651455660757,0.48602509779788433
-0.9288429958989148,-0.20733269611345734,-0.0751632119025917,0.16920247267614247,-0.030499371057727126,0.009023010969490467
1.0812588793290785,-1.0626938558437988,-0.977333878525215,-0.6855587538693905,-0.7023080742274255,-0.19341597948364528
-0.5049115577584139,-1.0626938558437988,-0.739193042579912,-0.21613671599358233,-0.9074042316811012,0.26896867319277423
-0.8716837008687349,-0.20733269611345734,0.23341076215865017,0.010983048946794886,0.16346300057809388,0.6069312119060303
-0.019057550001884718,-0.56233965282819,0.07029868466243594,0.027392831160614653,0.04547115000298754,0.8624524213265797
-0.9478960942423081,1.338608506062076,0.8431337504527698,0.6490947554978512,1.3026188626432278,-0.2780627292613548
0.4334535356537062,-0.56233965282819,-0.4763342506222801,-0.2772741140081302,0.17900811520458537,-0.19727890194604586
0.3334247693508914,-0.56233965282819,0.1952919785504144,0.08432246493141068,-0.7023080742274255,1.1049141618711105
-0.8192876804244034,1.5033896233472255,1.6146970650697323,1.8039363740895948,1.3026188626432278,1.0141651135058223
-0.7383120124649818,0.9233932522095181,0.48179899012324495,0.32862881796702975,0.767457451346147,-0.4593127655079879
0.2715021997348631,0.06803209247917626,0.17693646164329438,-0.3123311535789865,0.48383018942336337,0.09210598251643669
-0.6906792666064986,0.9233932522095181,0.5154299226990784,0.5327599811317353,1.2749520150692093,-0.39431247824046545
-0.8097611312527068,1.0410084257512708,1.0958290860554738,1.0556290752126585,1.6045084361621371,0.580572656808622
1.0479159572281402,-0.20733269611345734,1.0479354334088407,0.24933374590237986,0.2092372689416153,2.186874179666849
-0.6954425411923469,-0.20733269611345734,-0.5319290873628866,-0.41686215719554537,0.19426264985915923,-0.8747446530962114
-0.6430465207480154,0.7933757099177606,0.4233667478598666,0.32862881796702975,0.6111442960103195,-0.40663133970669413
-0.9193164467272182,1.5782019406724268,0.8508857269150969,0.4697958140874714,0.9298611428523024,-0.555065993837537
-0.681152717434802,-0.56233965282819,-0.2840725133902918,-0.05442793963387882,0.744681261211917,0.17530642392614124
-0.5858872257178355,0.2930215069021515,0.28286815667516607,-0.003007590940460633,0.8857372164920676,-0.017035265882344615
-0.6144668732329254,-0.56233965282819,-0.9224285324232279,-0.590263614144485,-0.7489547038097792,-1.0608207378022474
-0.9574226434140048,3.004452232394052,2.636827259475045,2.4734451804173285,1.577211783124976,1.2144564461364495
-0.49062173400086895,-0.20733269611345734,-0.27931685344442336,-0.19505515809607082,0.4513983519132168,-0.386216790890758
0.8049889533498755,-0.56233965282819,-0.24760431658251483,-0.5971289323153811,-0.11427479409411481,0.24599849414354713
-0.9193164467272182,2.602872755993192,1.744992551052581,1.4261894296011717,2.1260576558092343,-0.043730453195919256
1.1146018014300167,-1.0626938558437988,-0.5842633501573901,-0.7055581537508618,-0.4022101454292381,0.5697869336800523
-0.8716837008687349,0.2930215069021515,0.013592517638490616,0.030088907573990888,0.9658711244403901,-0.5379231114112547
0.985993387612112,-1.0626938558437988,-0.35992512579181657,-0.27301895598708265,-0.13663492822009354,1.0053718326057683
0.9097809942385388,-1.0626938558437988,-2.0448560328910794,-1.244566519650268,-2.495449522400594,-2.2661636399655976
0.9288340925819321,0.06803209247917626,0.10907172362081208,-0.00018584958082413873,0.7212511205834883,-0.03929362438681969
-0.3810664185263574,0.2930215069021515,0.574329090424671,0.4753337251252206,1.7171654747478504,0.5474392653603375
-0.9288429958989148,-1.0626938558437988,-1.7267303442345263,-1.7732828666979545,-1.5988787983140098,-1.64847690231304
-0.9478960942423081,0.4832473463317343,0.4131497363483201,0.4274661467058586,0.6020258341916891,-0.021579042196360823
-0.8288142295961001,1.5033896233472255,1.0973072414014413,0.9098371384216298,1.8161405093422023,0.01211469160542552
0.3762942406235263,0.2930215069021515,-0.2470678757746343,-0.2500895246466226,0.6201619992829226,-1.041322484199681
-0.6954425411923469,-1.0626938558437988,-0.9286456583035289,-0.7784334276328698,-0.7489547038097792,-0.0988808036610148
-0.9621859179998531,1.5033896233472255,0.6195786950539244,0.8017164909530455,1.431744499036189,-0.9108511646411729
0.7716460312489373,-0.20733269611345734,0.6230124251380571,0.6280551208566406,1.6125225153835834,1.3624304299568766
-0.5430177544452005,-1.0626938558437988,-0.7648511511100593,-0.6181600474695478,-0.6581841478671907,0.21914976853514972
0.9050177196526904,0.2930215069021515,0.524812621746349,0.4274661467058586,1.566032240594793,0.45150168619521047
1.6719049279742708,-0.20733269611345734,-0.029347061816002894,-0.5537196350451633,0.9832972778391466,0.09776413035262006
1.090785428500775,-0.56233965282819,-0.4794877188941797,-0.7096311325914295,0.5351737749496048,-0.2033883793306881
-0.9145531721413699,-1.0626938558437988,0.20603711360217308,0.06927255966515855,1.0225671001190004,2.1042688464310864
-0.19053543509242443,0.06803209247917626,0.4356772582145971,0.02874223377937529,0.4402948630471784,0.5933565210830641
2.2673142512053115,-0.56233965282819,-0.2963176401411797,-0.1637331763749217,0.11496791303105958,0.1515710804967643
-0.6573363445055603,-1.0626938558437988,-0.7041145391485559,-0.43554678870424046,-0.4342179279324365,0.33707862821637025
-0.85739387711119,-0.20733269611345734,-0.3555686199824598,-0.43284524356104437,0.28024671793106676,-0.5337498416533478
-0.13813941464809285,0.2930215069021515,0.16000122206682305,0.5744324871410011,1.3180173165015092,-0.2547979371118143
-0.47633191024332394,0.06803209247917626,-0.10105298272799043,-0.18755164248920142,0.394305578520509,-0.44589261678300557
-0.28580092680939095,0.4832473463317343,0.6443820177506894,0.7384154754624774,0.7599357958664912,0.4261516010907792
-0.49538500858671725,-0.56233965282819,-0.806876586725192,-0.5834683514626465,-0.5385419552887978,-0.8372970129016716
-0.85739387711119,0.9233932522095181,0.4940565595947482,0.5581968215373281,0.804059722226726,-0.43562350654147786
-0.052400472102823,-0.56233965282819,-0.02858678832119723,-0.15835551621292215,-0.15962500745068847,0.6706647862546798
-0.9431328196564598,-0.56233965282819,-0.3420554334093201,0.006816633075436405,-0.37141049614817273,0.06292135481895786
0.752592932905544,0.06803209247917626,0.7308875234743861,0.572052037905626,0.688926346877039,1.1656649000705457
-0.9288429958989148,1.0410084257512708,0.4616529586921261,0.7692678849663444,1.441636666729465,-0.6463137868243253
-0.9002633483838249,2.5379090568113685,1.9001110233575134,1.5491715577793086,1.4383525824485295,0.33260108486286644
1.1955774693894383,-0.56233965282819,-0.5586536924558765,-0.45756300753582285,0.37030108791939076,-0.35674348252597576
-0.47633191024332394,0.06803209247917626,-0.5391715137444357,-0.36133584531518775,-0.3130932756502835,-1.292001435132328
-0.9526593688281565,1.338608506062076,0.7804786778508036,0.7233867989461816,0.7599357958664912,-0.3991729590560181
-0.9145531721413699,1.148382666632493,0.9759068527265683,1.0127470685914424,1.144446870514254,0.21400683485515987
1.24797348983377,-0.56233965282819,-1.1382258077689043,-0.41423521112826645,-0.7023080742274255,-1.4778564122815818
-0.5096748323442623,-1.0626938558437988,-0.41090517935362225,-0.2858668779323768,-0.37141049614817273,0.9063867330279077
0.8526216992083588,-1.0626938558437988,-1.4828728382602003,-2.344284669151271,-1.3641032303859306,-1.1749925133173842
2.30065717330625,-1.0626938558437988,-1.1429996057724534,-0.6738412087784594,-1.033205652306678,-0.5150797942994912
0.1143141384018684,0.6480284636168839,0.6841176408028693,0.6012129999853217,1.02802594216148,0.285872944047145
-0.8907367992121282,-0.20733269611345734,-0.17733182836180778,-0.1269708094585718,-0.15962500745068847,-0.1888148722900036
-0.7811814837376168,0.2930215069021515,0.5347851593358821,0.672060133504509,0.11496791303105958,0.47082223056024597
-0.7240221887074368,-1.0626938558437988,-0.6838681425251429,-0.7261768275480125,-0.5022651455660757,0.3763899165701916
0.9050177196526904,0.2930215069021515,-0.5839299664630847,-0.8810869843771884,-1.1042151012961297,-1.6901048644971608
-0.5239646561018072,-0.56233965282819,-1.3923020429841853,-1.375165294010686,-1.2679812202347571,-1.9679872604225104
-0.2191150826075144,-0.56233965282819,-0.388322775703563,-0.5221530637810872,-0.4022101454292381,-0.02674442495715044
-0.7811814837376168,0.06803209247917626,0.23356739470502147,0.2608486719589562,0.3580287687977862,0.20177995060777387
1.7243009484186025,-1.0626938558437988,-1.6348838428393861,-1.5100322700199111,-1.4730773776884334,-1.4701437219554703
-0.0905066687896096,0.2930215069021515,-0.5382144361619191,-0.6435664516236445,-0.6163240061555176,-1.6022084122984885
-0.9621859179998531,0.4832473463317343,0.7360528026320052,0.41248396327444825,0.5928043367258662,0.6037509416692688
0.11907741298771672,-0.56233965282819,0.018975259702665156,0.31648913347782376,0.02713119071853385,0.7629074181282417
-0.3572500455971158,0.4832473463317343,0.37002564702156204,0.032774112681987426,0.26653053216275097,-0.10503271351657192
-0.7764182091517684,0.06803209247917626,-0.08202594072080988,0.08803239076339725,0.008369586453112622,-0.40909167176018113
-0.8192876804244034,1.148382666632493,0.9360331219108721,0.7962041452222675,0.8726794364411976,0.13682304253139038
-0.02858409917358137,0.06803209247917626,0.20413284716944105,0.04996889026434246,0.19426264985915923,0.14477296196636238
-0.9240797213130665,2.7794628179710767,2.337856762553898,2.1128822286060274,0.9298611428523024,0.8975592103634356
1.9053053826808388,-0.56233965282819,-1.3311426135161606,-0.924770180373965,-1.1819971521628492,-1.8501104930769225
-0.7907080329093135,1.2471573932472422,1.1061591110135298,1.3286139891537667,1.2123053741124798,0.34358730873377485
-0.4858584594150206,-0.20733269611345734,0.26693890176391283,0.25511609740943464,0.06340800044125627,0.6719257672660663
-0.7621283853942235,2.504098029378443,2.260753223936389,2.441508144623308,1.6412519852985017,1.0709687691484489
1.7147743992469058,-0.56233965282819,-0.25777787966972177,-0.3445970475269106,-0.37141049614817273,0.22627688653716543
1.9767545014685637,-1.0626938558437988,-0.8993903946661856,-0.6895108720833907,-0.5765066536018487,-0.04207750546894436
-0.7287854632932852,-0.20733269611345734,-0.02826736483136705,0.06033376821195405,0.09814063970798567,0.09985555406856504
-0.7621283853942235,-0.56233965282819,-0.2571275072463064,-0.4090122042401139,-0.09251100185985872,0.22753763011072398
-0.7144956395357402,0.06803209247917626,0.3471776383079471,0.33376455008868217,0.47316214414747326,0.42186472297189465
-0.07621684503206462,-1.0626938558437988,-1.414736012565752,-1.7534028840076028,-1.2679812202347571,-1.0426950752986586
0.6239845190876392,-1.0626938558437988,-0.7038743273644563,-0.4248057499683392,-0.6163240061555176,0.3375450339124736
-0.9478960942423081,-0.20733269611345734,-0.6822767366480953,-0.36864045198634376,-0.7023080742274255,-1.1651384083991858
-0.9193164467272182,-0.56233965282819,-1.3054495663475387,-1.4093230357210431,-1.1819971521628492,-1.8005693449458393
1.0193363097130501,-0.56233965282819,0.3458055751778798,0.4970360111450992,0.4402948630471784,1.396927864640519
-0.8526306025253416,-0.56233965282819,-0.712682771579353,-0.7015099348130508,-0.6163240061555176,-0.6549970142810936
-0.8955000737979766,-0.20733269611345734,-0.6490490513035118,-0.6738412087784594,-0.7489547038097792,-1.1009872538952126
1.1431814489451066,-1.0626938558437988,-0.6606633751677368,-0.6855587538693905,-1.033205652306678,0.42144530680765496
0.7906991295923306,1.0410084257512708,1.156436089722043,0.7337553447270077,0.47316214414747326,0.697993196592769
-0.2762743776376943,0.6480284636168839,0.5756405503360162,0.9257989403425628,0.5928043367258662,0.07585460151517501
1.19081419480359,-0.20733269611345734,0.4431184530791638,0.18644434103711024,-0.13663492822009354,1.0135240671209327
-0.681152717434802,0.2930215069021515,0.05651741572162159,0.17680077801389027,-0.050650860148185636,-0.454939082061213
1.6385620058733326,0.06803209247917626,-0.203109663664558,0.05517149457388534,-0.15962500745068847,-0.6432176377575666
-0.8192876804244034,-0.20733269611345734,-0.035327263725396,0.20221295381688867,0.02713119071853385,0.08618033205803664
1.1003119776724717,-0.56233965282819,-0.5528995870245342,-0.33989080910895314,-0.7023080742274255,-0.3455983343684718
0.9478871909253254,-1.0626938558437988,-1.3786584504822976,-0.7303782923648792,-0.7984300843785986,-0.9726453043421075
-0.2953274759810876,-0.20733269611345734,-1.0447668333133706,-1.3641579365491812,-1.1042151012961297,-1.8636938491381803
2.3197102716496434,-1.0626938558437988,-1.7637889274734315,-1.3863576577143846,-1.4730773776884334,-1.7204314668109033
0.9097809942385388,-0.20733269611345734,-0.5980841086067881,-0.9536028206920435,0.09814063970798567,-1.0025603559666458
-0.85739387711119,0.06803209247917626,-0.05042955989244326,0.14019591237099097,0.804059722226726,-0.3479718161200459
1.2670265881771632,-1.0626938558437988,-0.48370294920443985,-0.35171936102869567,-0.3130932756502835,0.7650394021744144
-0.8621571516970383,0.4832473463317343,0.8486896373363471,0.6490947554978512,0.9237019148051182,0.8220319814376611
-0.6001770494753804,0.4832473463317343,0.23695085180806927,0.5496198681038164,-0.96788329143657,-0.3624477304414499
-0.9431328196564598,1.2471573932472422,2.048303672739675,1.931446981760322,1.4546424215457208,2.1700847374164645
0.8383318754508139,-1.0626938558437988,-1.0373072542726012,-1.1919657697052988,-0.2327569383712667,-0.3098629063817975
-0.6478097953338636,1.148382666632493,1.146525075392875,0.9924475143459979,1.0908333739457432,0.5444075760619272
0.957413740097022,-1.0626938558437988,-1.3512646268660287,-0.6362080346042313,-0.20764437720954537,-0.9194562594308983
-0.9097898975555215,0.4832473463317343,-0.02464267983892403,-0.020193834186897963,0.789615206340894,-0.8678647950127545
-0.5668341273744422,-1.0626938558437988,-2.996308621884827,-2.3936353884164303,-1.9297763763932627,-4.113545560641311
-0.8192876804244034,0.7933757099177606,0.5293165756472451,0.4318958523820913,0.9174958480720942,-0.20176539732442275
-0.6478097953338636,-1.0626938558437988,-0.5136107618734485,0.15930407461245516,-2.495449522400594,0.7069690862692195
-0.6478097953338636,-0.20733269611345734,-0.1576028852173039,-0.07144449757821417,-0.050650860148185636,-0.15061796172969955
-0.07621684503206462,1.778754411939859,0.6850804440387176,0.5095948640820392,1.0806954318664779,-1.116117507342211
-0.7859447583234651,0.06803209247917626,0.14629799116234302,0.06417938023388478,0.3455690788011746,0.03277957402338704
-0.8955000737979766,0.06803209247917626,-0.17907108119285492,-0.18383135368206674,0.8594093254817513,-0.596749999796157
1.2051040185611348,-1.0626938558437988,-1.3620232744250318,-1.5100322700199111,-1.2679812202347571,-0.940345719632425
-0.8002345820810101,-0.20733269611345734,-0.20768937042788688,-0.0730132379137952,0.6552682223705544,-0.24758375758689646
0.943123916339477,-0.20733269611345734,-0.5099214750753505,-0.7829790423098484,0.04547115000298754,-0.8322121578014363
-0.03811064834527802,0.4832473463317343,0.7707377603214463,0.8163345434251007,1.100846920956937,0.6709606040315261
1.3051327848639498,-0.20733269611345734,-0.8144871141059848,-0.44098298186834195,-0.7023080742274255,-1.4202150682789854
-0.9574226434140048,1.148382666632493,0.4942713242993058,0.2145644046102343,1.6861859304274787,-0.7172183377870235
-0.9621859179998531,0.6480284636168839,-0.10815576007486609,-0.16734256171234138,0.8459198639383987,-1.2450365749697367
0.781172580420634,-0.56233965282819,-0.9108763580905749,-0.924770180373965,0.525160227938412,-1.038480286429507
1.424214649510158,-0.20733269611345734,0.2911409841853963,0.042087970303650996,1.2079528633020173,0.7188446384990402
-0.6573363445055603,0.2930215069021515,0.16766460692703866,-0.07616184881254086,0.9480647342122167,-0.23997237862845489
1.6766682025601192,-1.0626938558437988,-1.5453173103263658,-2.1409218781080845,-0.6581841478671907,-1.296237428803059
0.4572699085829478,-0.56233965282819,-0.8034638674278279,-1.2355061082598258,-0.09251100185985872,-0.8306934909937034
-0.843104053353645,0.2930215069021515,0.007767286724809087,0.2570324439534671,1.355288352348226,-0.5491830143619029
-0.9288429958989148,0.7933757099177606,0.4805987018623007,0.3596860006977856,0.7132891662841367,-0.29598218131121357
-0.88597352462628,-0.20733269611345734,0.009326338032775425,0.37748834785753493,0.504756819153868,0.17268082120304046
2.505477980497728,-1.0626938558437988,-1.057005320028146,-1.5970161634592985,-0.46753250629934595,-0.34810953156315344
-0.41440934062729573,-1.0626938558437988,0.4853496656099541,0.19068594750771578,0.02713119071853385,2.646594302019668
-0.8288142295961001,-0.20733269611345734,0.12617958513248417,0.2777561236583529,1.0225671001190004,0.39909712927837454
-0.9478960942423081,1.8963695854816123,1.2186017105544487,1.1367187767702491,1.9857231626440028,-0.22691657504939203
-0.9431328196564598,1.6487368696481015,1.2234749093887067,0.9306878031511023,1.1397158784677761,0.07998215239174537
-0.5763606765461388,0.6480284636168839,0.3468168197151798,0.14813049092439512,1.1813387491085796,-0.36682538842575807
-0.8288142295961001,0.9233932522095181,0.3770977078898276,-0.030427866011204202,0.7749104149489473,-0.661581392821766
2.4721350583967894,-1.0626938558437988,-0.9030841140335784,-1.3533295684623587,-0.5765066536018487,-0.04924939239038055
-0.6239934224046221,-1.0626938558437988,-0.6083900218443785,-0.05290232621863415,-0.6581841478671907,0.5229415337135027
-0.9478960942423081,0.7933757099177606,0.39568684675172416,0.4170141165575605,1.6438142914615126,-0.46013247645445515
2.0624934440138336,-0.56233965282819,-0.8954880212531809,-0.7137291760748854,-0.25866685557346636,-1.008718997080436
-0.8288142295961001,1.5033896233472255,1.184363660763788,0.8478016553559333,0.9174958480720942,0.18058567855038699
0.4144004373103129,-0.20733269611345734,-0.527340373544915,-0.48033206184869626,-0.6581841478671907,-0.8658768772205704
-0.7954713074951617,-1.0626938558437988,-1.1336013029429097,-0.9536028206920435,-0.4022101454292381,-0.4968316388651815
-0.9240797213130665,1.148382666632493,0.4120003723173542,-0.6040657655038771,0.2092372689416153,-0.8759870161795428
-0.8526306025253416,0.06803209247917626,0.021446241369054608,0.21149795269379704,1.1813387491085796,-0.2089002186447559
0.3524778676942847,-0.56233965282819,0.5446700720224794,0.34391869799785846,0.06340800044125627,1.7828123761873707
-0.7335487378791335,1.5782019406724268,0.9441486509458182,0.9818998069990272,1.540303859116289,-0.3748816057689456
-0.22387835719336271,2.054119200532493,1.2541905422680393,1.0628004773257413,1.3804009135099473,-0.3459821783540965
0.9907566621979602,-1.0626938558437988,-0.6552311816154681,-1.1671456310912816,-0.46753250629934595,0.43199269116937666
-0.6763894428489536,-0.20733269611345734,-0.5529705678699803,-0.35891867400613964,0.504756819153868,-0.9154043104675434
1.762407145105389,-1.0626938558437988,-0.261644789227865,-0.3445970475269106,0.8660713530288568,1.196197228454643
-0.9097898975555215,2.396723788497221,1.9716926035826825,1.7124238751622995,1.8912820878811551,0.6372505479495957
-0.8669204262828867,-0.20733269611345734,-0.03915460329799679,-0.007262748961508164,0.40604813855664385,0.07876680027634264
1.6052190837723943,-1.0626938558437988,-1.408501744429695,-0.8917420911219391,-0.6581841478671907,-1.0305903478782654
0.8002256787640273,0.2930215069021515,0.2103782145749286,-0.5800965469704935,0.3329162076360649,-0.15732861620522717
-0.41440934062729573,-0.20733269611345734,-0.3474145874828583,0.4943615900224071,-1.5988787983140098,-0.5179759288322959
-0.5858872257178355,2.2791086149554682,1.0861705564482578,1.1315922698167407,0.9480647342122167,-0.9361891320317397
-0.9478960942423081,0.6480284636168839,0.2846729030935054,0.4500422058095864,0.16346300057809388,-0.4869538210887433
-0.843104053353645,-0.20733269611345734,-0.6088689251977749,-0.22004247478227895,0.09814063970798567,-1.0233917647676507
-0.9431328196564598,2.0037438263628347,1.2721359553245677,1.3050405095796023,1.9548587928075676,-0.2514230465820811
-0.7144956395357402,-0.20733269611345734,-0.5470673782203044,-0.5160154169742984,0.825258156736599,-0.9039978076137729
-0.9621859179998531,0.9233932522095181,0.9193940133376477,0.7833064541730748,1.3180173165015092,0.38734582802078943
-0.7049690903640435,0.4832473463317343,0.6302893832859789,0.4550358122313088,0.904940310539697,0.39885358626774126
0.8526216992083588,-0.20733269611345734,-0.3639108262737211,-0.36376182236793736,0.2239420603335628,-0.549887097934658
-0.843104053353645,-0.56233965282819,-0.3404367963747325,-0.22004247478227895,0.8660713530288568,0.06605845366904821
1.4099248257526131,-1.0626938558437988,-1.0859822098429364,-0.8917420911219391,0.13145521807489544,-0.4043723269777632
-0.9240797213130665,0.9233932522095181,1.5118756715368735,1.5757125850331333,2.085389762435994,1.5357068411957298
1.3622920798941298,-0.20733269611345734,-0.5105071578419309,-0.48033206184869626,-0.07131256734998571,-0.833344140831393
-0.7192589141215886,0.7933757099177606,1.4502727078785034,1.5005710869647368,1.7447543726735448,1.5824983209548324
1.9481748539534738,-1.0626938558437988,-2.3658201837271573,-2.3936353884164303,-2.164551944321342,-2.8893616598130154
-0.9050266229696732,0.9233932522095181,0.5652425443620265,0.354747066084681,1.0806954318664779,-0.2980124642797872
0.04286501961414351,0.2930215069021515,0.28697154290809357,-0.7739186309194062,-0.4342179279324365,-0.009092451079849394
1.938648304781777,-1.0626938558437988,-1.5635076453729169,-1.8826971918108517,-1.3641032303859306,-1.331556578159279
-0.8621571516970383,2.4335631004027682,1.6577905332509455,1.6792335082779313,1.383926162371712,-0.0137747708266081
0.8573849737942072,0.2930215069021515,0.24227355689674565,0.04996889026434246,0.40604813855664385,-0.09560558103743359
0.15718360967450332,0.2930215069021515,0.06310957208438868,0.21761680092997684,0.14761602027680515,-0.4421930244424026
-0.30485402515278426,0.6480284636168839,-0.005863895589986829,0.9899057938386253,-0.5765066536018487,-1.0478824397187871
-0.9478960942423081,0.4832473463317343,0.27953365161546184,0.34307840771034576,0.2525798703570481,-0.28009651358745724
-0.6954425411923469,1.0410084257512708,1.0165114167108023,1.0904642268817892,0.789615206340894,0.4269357887271409
-0.32390712349617756,-0.20733269611345734,0.27469950583961994,0.6827478136186902,0.4513983519132168,0.6869704390903666
-0.447752262728234,0.2930215069021515,-0.06962421577482523,-0.2122537314380398,0.48383018942336337,-0.6987375225973259
-0.8240509550102517,-1.0626938558437988,-2.689363211896157,-2.5048817090849957,-2.495449522400594,-3.517566940574526
-0.9621859179998531,1.8389627090776848,1.4100252645282605,1.4358728701962098,0.5548396384128148,0.21209772247504877
-0.08574339420376127,0.4832473463317343,0.17905595753597064,0.2832978751780265,-0.18328155780244723,-0.47437920894858826
-0.8812102500404316,-1.0626938558437988,-0.7574812366725061,-0.9419195391891159,-0.7489547038097792,0.23345951643678922
0.1714734334320483,-0.56233965282819,-0.5399032212564301,-0.6699807344047598,-0.7984300843785986,-0.32042483956348883
1.10507525225832,-1.0626938558437988,-0.08564046487102871,0.05646581949932109,0.40604813855664385,1.5379349151652735
-0.5525443036168971,-1.0626938558437988,-1.4578437530152386,-1.496578681853243,-1.3641032303859306,-1.1263949477555573
-0.7811814837376168,0.7933757099177606,0.5973291772780991,0.7652656227154263,1.6837534581571358,-0.0701938230347476
-0.41440934062729573,-0.20733269611345734,-0.07078537816407364,0.013746247784800929,0.17900811520458537,0.017501824690150623
0.985993387612112,-1.0626938558437988,-0.907547236602835,-0.7261768275480125,-0.7984300843785986,-0.05791518618776199
-0.07621684503206462,-1.0626938558437988,-1.5009197390723592,-1.7153393835085484,-1.3641032303859306,-1.2100331644967242
2.5245310788411213,-0.56233965282819,-1.0443833193383523,-1.496578681853243,-1.4730773776884334,-1.296574163158246
0.1143141384018684,-1.0626938558437988,-1.0679754269600128,-0.3213915649694287,-0.37141049614817273,-0.369409570522786
-0.9288429958989148,0.6480284636168839,0.6549559600507721,0.9539361792877018,-1.2679812202347571,0.22940539192504275
-0.06669029586036797,-1.0626938558437988,-0.7337130959560043,-0.23189910783232578,-0.5385419552887978,0.27960877700496906
-0.9478960942423081,-0.56233965282819,-0.5012253693779146,-0.24600405192767646,-0.2327569383712667,-0.2455009479197264
-0.7811814837376168,-0.20733269611345734,-0.2163100568788561,0.3637739813960877,0.008369586453112622,-0.26427112664493113
2.0148606981553505,-1.0626938558437988,-1.8155933291380395,-2.3936353884164303,-2.164551944321342,-1.8210171566851978
-0.7859447583234651,-1.0626938558437988,-0.6516456574021114,-1.244566519650268,-0.030499371057727126,0.43895450165213074
0.8573849737942072,-0.56233965282819,-0.1137155153142302,-0.628930039052761,0.2092372689416153,0.5055828565778376
0.8716747975517521,-1.0626938558437988,-1.4007832473262658,-1.3641579365491812,-1.4730773776884334,-1.0156037766411814
1.5242434158129727,-0.56233965282819,-0.6349905357474903,-1.2630657637897924,-1.5988787983140098,-0.5045794907459038
1.0479159572281402,-0.20733269611345734,0.04061952175534349,0.14360802896239472,0.04547115000298754,0.2333073976156289
0.3048451218358014,-1.0626938558437988,-0.9061621812204708,-1.1125945646346709,-2.164551944321342,-0.05522590213712914
0.914544268824387,0.06803209247917626,-0.4132595541145011,-0.7968050745379561,-0.4022101454292381,-1.049125722110042
-0.6001770494753804,-0.20733269611345734,-0.09467097747999367,-0.3352175971975365,0.3580287687977862,-0.028757276551334886
-0.9478960942423081,0.9233932522095181,0.8608523816950581,0.7467224018613591,0.5450659426428811,0.27398344112886813
0.2476858268056215,-0.20733269611345734,0.3529316578199799,0.4923487019472822,0.6290811464485883,0.8386444839251228
-0.6763894428489536,-1.0626938558437988,-0.599028753058347,-0.6325590941621396,-0.5022651455660757,0.5411177822307204
-0.9050266229696732,1.148382666632493,1.005905834732517,1.0576448647524992,1.0388352901548052,0.2720843559523554
-0.5477810290310489,0.9233932522095181,1.7970505746400944,1.586975385838147,2.249426604164468,2.0888915464623747
-0.88597352462628,2.0037438263628347,1.8362458692553647,1.2526624832304227,0.9174958480720942,0.8405564224607505
-0.8240509550102517,1.148382666632493,1.251084201932857,1.1191251980970573,0.3580287687977862,0.746978640664938
-0.9526593688281565,1.148382666632493,0.7692241908107961,0.23366408259744864,1.0600337246646783,-0.1859169996971498
-0.9431328196564598,-0.56233965282819,-0.6016613236926934,-0.7261768275480125,-0.5765066536018487,-0.4400381675293556
-0.9336062704847632,0.4832473463317343,0.18740858757305515,0.6383882553543099,-1.3641032303859306,-0.4582329632656356
0.07620794171508179,-0.56233965282819,-0.6789988146365401,-0.5700823738310379,-2.495449522400594,-0.5897882236948893
1.0383894080564435,-1.0626938558437988,0.12580250414910926,0.34475792931812554,0.4623527961541478,1.948481822851879
-0.9145531721413699,1.338608506062076,1.3337134102796528,0.9802869944778346,1.3141948559183994,0.6714992712777627
1.2432102152479216,-0.56233965282819,0.5825879190763318,-0.3352175971975365,-0.6163240061555176,1.8563966279758577
-0.8240509550102517,0.9233932522095181,0.644289512679425,0.44284289283214306,-0.20764437720954537,-0.14513945715725732
0.40487388813861624,-0.20733269611345734,-0.1608265205975381,-0.18013173325269888,-1.3641032303859306,-0.15685939573012142
-0.25245800470845264,0.2930215069021515,-0.5658792683243199,-1.0025003722197456,-2.164551944321342,-1.655405555644178
-0.85739387711119,-0.56233965282819,-0.42982202548255405,-0.31458472582948055,-0.5385419552887978,-0.10716028540920819
0.9193075434102354,-0.56233965282819,-0.5581530801328018,-0.29020519923351995,-0.37141049614817273,-0.3557738532107543
-0.9621859179998531,1.778754411939859,1.4740165599589432,1.3844005734624065,0.767457451346147,0.40826350317796967
-0.5573075782027455,0.6480284636168839,0.7835554260976408,0.6554369935745002,0.3455690788011746,0.47846438601737284
0.9478871909253254,0.06803209247917626,-0.04062797990190332,0.030088907573990888,0.6201619992829226,-0.3290097070949786
-0.7478385616366785,0.06803209247917626,0.7100147160113042,0.6383882553543099,0.11496791303105958,1.1251888226323832
1.27655313734886,-0.56233965282819,-0.24835132722283124,0.2531942202760789,-0.8510995740835968,0.24455038751835514
-0.9431328196564598,0.7933757099177606,0.4541684597262644,0.12753307688316448,0.7291361465854255,-0.3470855940294816
-0.7240221887074368,0.6480284636168839,0.17891961139095747,0.2777561236583529,0.3329162076360649,-0.6912712746429517
1.0764956047432301,-1.0626938558437988,-1.7217637239594203,-1.9581661591936625,-2.495449522400594,-1.6388334953695622
1.657615104216726,-1.0626938558437988,-0.9339573113555947,-0.22594440379323072,-1.1042151012961297,-0.10919414132050476
-0.8812102500404316,-1.0626938558437988,-1.0892742355063711,-0.9191504848762425,-1.033205652306678,-0.4107642678515193
-0.8240509550102517,-0.20733269611345734,-0.19289864452408537,0.34391869799785846,-0.34173108567376953,-0.2189514351393592
2.4864248821543344,-1.0626938558437988,-0.6447686922043416,-0.41949950703676864,-0.15962500745068847,0.4523071177703043
-0.9288429958989148,-0.20733269611345734,-0.29529553682578985,-0.44098298186834195,0.3329162076360649,-0.41713704024067705
-0.8288142295961001,-0.20733269611345734,0.5394377790486429,0.9529274490299459,1.190306903561004,1.2003247439031002
1.7814602434487825,-1.0626938558437988,-0.33501018168866176,-0.28155663657745467,-0.010833507594516798,1.053747776739246
-0.9526593688281565,2.2791086149554682,1.9388678176157372,1.9903832262349586,0.8526924658156667,0.7124727750658626
-0.7716549345659202,0.4832473463317343,0.6984467514164645,-0.02310182991929702,-0.37141049614817273,0.5308885263206413
-0.9145531721413699,1.148382666632493,1.0288419322081044,1.080537136748118,1.7077579487582542,0.31649287856103453
1.614745632944091,-0.56233965282819,0.0480408327150703,0.39870561042711977,0.3455690788011746,0.8192809986749096
1.1384181743592583,0.4832473463317343,0.21817800145987765,0.4936913031369333,-0.13663492822009354,-0.3987464882043109
-0.8192876804244034,-0.56233965282819,-0.8821176364126375,-0.6398770795028121,-0.7489547038097792,-0.9828584716291708
1.0193363097130501,-0.20733269611345734,-0.06566098441348774,0.07684002705969808,0.11496791303105958,0.027426708435023647
-0.7526018362225269,-0.20733269611345734,-1.6037876803567261,-1.272511737266367,-2.164551944321342,-2.933700308681496
-0.6763894428489536,0.2930215069021515,0.3145319214117787,0.4177661549937763,-0.2327569383712667,0.04425895529601601
-0.08574339420376127,-0.20733269611345734,-1.1655361621850457,-0.9837405411215069,-1.7476702981701815,-2.0957662754986033
-0.5906505003036837,0.9233932522095181,0.2931807091596549,0.20738726084778314,0.8921885848117497,-0.8235850304858165
1.8005133417921757,-0.20733269611345734,0.435494700693065,0.3956046503907107,0.5740427324604442,0.9987398997388144
-0.43822571355653733,0.6480284636168839,0.6489651128548863,0.6554369935745002,-0.6163240061555176,0.21780571598649928
-0.6620996190914087,-1.0626938558437988,-1.2957359962740003,-0.7784334276328698,-1.033205652306678,-0.8116394439402975
-0.9097898975555215,0.4832473463317343,0.8386614554105483,0.8096917954315755,-0.15962500745068847,0.8025956074880927
1.643325280459181,0.7933757099177606,0.8918829264978907,0.8390758251979545,1.1947542924559202,0.5000764697652013
-0.5573075782027455,0.06803209247917626,0.30537689043516475,0.40715953770654084,-0.18328155780244723,0.3408795873589668
-0.8907367992121282,0.2930215069021515,0.27394197462051934,0.2560749600149777,0.13145521807489544,-0.03431295949486274
0.20481635553298658,0.06803209247917626,-0.2586656886043827,-0.2439706764104422,-0.28542642807626484,-0.7505830604068714
0.8573849737942072,-1.0626938558437988,-1.161144531965886,-1.2090418326132162,-0.96788329143657,-0.5503107758423488
-0.5477810290310489,-1.0626938558437988,0.2687376091771343,0.2186311651238153,0.47316214414747326,2.226010868348431
-0.8240509550102517,-0.56233965282819,-0.11939631316369048,0.08308121580317947,0.3070062904338656,0.494567515827109
1.9100686572666872,-1.0626938558437988,0.5840930428706247,0.25126678053834484,0.04547115000298754,2.8383187579179356
-0.30961729973863256,-0.56233965282819,-0.462882399718831,-0.607561468882761,-0.7984300843785986,-0.1712168602842044
-0.8383407787677967,0.4832473463317343,0.46298157327352035,0.6751312994298294,0.6466322281051479,0.07487524065966476
-0.9526593688281565,0.2930215069021515,0.12256134160330714,0.4923487019472822,0.4623527961541478,-0.32722070463638914
-0.814524405838555,0.7933757099177606,0.7897824171142439,0.8183968862456048,1.1584774827331974,0.3023314228242315
-0.8478673279394934,1.2471573932472422,1.902393414479344,1.6600794617774097,0.6379038685131184,1.8870148548040302
-0.4286991643848407,0.2930215069021515,-0.0410934146048699,-0.31458472582948055,0.04547115000298754,-0.6436122425262321
-0.2191150826075144,0.2930215069021515,0.5656549159326495,0.8265829753697349,0.48383018942336337,0.5306321521713151
-0.5620708527885938,0.4832473463317343,0.6989332325827049,0.6114060045666464,0.8111872246716694,0.5318310410364606
-0.4048827914555991,0.6480284636168839,0.6262755152703127,0.5428024706298429,0.6020258341916891,0.17387580887848475
-0.9526593688281565,1.778754411939859,1.7677775951167292,1.4656658791227797,1.6386816088665368,0.977373695592029
-0.5096748323442623,1.148382666632493,1.2144224921269997,1.0904642268817892,1.2379439384135897,0.6759436564704306
-0.042873922931126345,0.06803209247917626,-0.15619187654413455,0.04735226621215322,0.7599357958664912,-0.5525172767491104
-0.8335775041819483,-1.0626938558437988,-0.571154836751717,-0.41949950703676864,0.4402948630471784,0.5952389960872677
-0.34296022183957087,-1.0626938558437988,-0.4096361015533346,-0.8971342660446601,-0.9074042316811012,0.9088508299375203
-0.8335775041819483,0.2930215069021515,0.3181125974804385,0.3539203372826639,0.3455690788011746,0.051190873984962054
1.1574712727026517,-1.0626938558437988,-0.9620773419195409,-1.1510983494238103,-0.4342179279324365,-0.16379322137306226
2.5483474517703626,-1.0626938558437988,-1.3917401272441208,-1.9069154958023462,-1.2679812202347571,-0.9980452595489921
1.8719624605799006,-1.0626938558437988,-0.7911513235078023,-0.8602749791911071,0.11496791303105958,0.1680842046171099
-0.5763606765461388,-0.20733269611345734,0.21674308383329605,0.15038025645775963,0.16346300057809388,0.5746226167481336
-0.8240509550102517,0.9233932522095181,1.2474754730556914,1.2535200879394148,1.7195005087943882,1.023042665174256
0.30008184724995307,-1.0626938558437988,-0.9577631596915315,-0.5190771693309986,-1.5988787983140098,-0.15541661665022063
-0.6144668732329254,1.148382666632493,1.3005037095833931,0.7802607058049237,0.2525798703570481,0.8427443662786374
0.5287190273706727,0.4832473463317343,0.011487070835189147,0.206355610812647,0.5450659426428811,-0.7981150929104605
-0.8669204262828867,1.338608506062076,1.036126817371473,0.9257989403425628,1.0334485125604722,0.09525162042027649
-0.6859159920206502,-0.20733269611345734,-0.01709843544748223,-0.2666867691524734,0.19426264985915923,0.12149072292127285
2.0720199931855303,-0.56233965282819,-1.0917251626360156,-1.1590736539023403,-1.4730773776884334,-1.3880426380667203
2.491188156740183,-1.0626938558437988,-0.9762538634310226,-1.0761958899139523,-0.7023080742274255,-0.19131897498531492
2.4864248821543344,-0.20733269611345734,-0.47666975739131906,-0.2542002164926365,-1.2679812202347571,-0.7679379030310723
-0.9097898975555215,2.8591049860931754,1.694285424506833,1.4777094573753342,1.448165452289874,-0.44083034611237215
-0.8335775041819483,1.4237474552251266,1.3391064164611945,1.279366331092016,1.2749520150692093,0.5774559699371244
-0.4239358897989924,-0.56233965282819,-0.5045551885267671,-0.4717021791170215,0.7212511205834883,-0.2519515904899899
-0.8335775041819483,1.338608506062076,1.0665217263102094,0.9379544531996886,0.9832972778391466,0.15407773992907878
2.010097423569502,-1.0626938558437988,-0.8458038032356884,-0.5314669214027508,-0.5765066536018487,0.06196856192789099
-0.8812102500404316,0.06803209247917626,0.36472771071559096,0.31561348579807835,0.989024275675226,0.4558693578785529
1.7147743992469058,-1.0626938558437988,-1.0613093260386943,-2.1067641363977274,-1.7476702981701815,-0.3564663776975214
-0.8812102500404316,1.0410084257512708,0.6820190552072334,0.3380142771117443,1.0495033354306953,-0.22044170854485193
-0.7954713074951617,0.4832473463317343,0.25449708886402317,0.05646581949932109,-0.2327569383712667,-0.3285172509741908
1.7862235180346306,-1.0626938558437988,-0.7639495327752485,-1.6970935856002451,-2.495449522400594,0.22090039009038756
-0.7954713074951617,-0.56233965282819,-0.6101923355545573,0.34055115623500004,-0.3130932756502835,-0.456559039516738
-0.5954137748895321,-1.0626938558437988,-1.4489791075306442,-1.9581661591936625,-2.164551944321342,-1.109182964740451
-0.8621571516970383,0.6480284636168839,0.06487364680401755,0.12403737350428069,-0.37141049614817273,-0.9114323287817735
-0.8478673279394934,0.4832473463317343,0.05866527242506276,-0.14247828816345753,1.1156405679037118,-0.7070070267291556
-0.8097611312527068,0.4832473463317343,1.2273704180484695,1.115708143219081,0.832203678170083,1.5562777056465549
-0.447752262728234,0.9233932522095181,1.1140604947002006,0.9451426644764508,-0.25866685557346636,0.7644649191080867
-0.8002345820810101,-0.20733269611345734,1.2676370614205075,1.2685616141459004,1.48937506081245,2.613257462123378
-0.3810664185263574,2.2372732423661383,1.5955578488469793,1.348415149572085,1.8525974125981521,0.09719771851239488
-0.9336062704847632,0.4832473463317343,0.6186494076434468,0.911629683150006,0.48383018942336337,0.3763074255462569
2.5483474517703626,-1.0626938558437988,-0.9981973217880664,-0.9477355583806234,-0.96788329143657,-0.23392535255455968
-0.8335775041819483,0.06803209247917626,0.5973766861373788,0.40486454417317586,0.6722707924062578,0.9067906294053703
0.8716747975517521,-1.0626938558437988,-1.3925831635920851,-1.7153393835085484,-1.7476702981701815,-0.9996821357588189
-0.9478960942423081,1.338608506062076,0.9148906665333297,0.6957468593020889,0.2092372689416153,-0.13930430579235634
-0.9526593688281565,1.778754411939859,1.5621629669145258,1.3755402782465147,1.4217309520249959,0.57897668185867
-0.7287854632932852,1.148382666632493,1.3383382401633772,1.3819315506385537,1.5197166164286622,0.9160690093556095
1.8576726368223555,-1.0626938558437988,-0.9527057075085138,-0.9419195391891159,-0.9074042316811012,-0.14559684650542554
0.5668252240574593,-0.56233965282819,-0.5655180865728722,-0.5314669214027508,-0.6581841478671907,-0.37003887039431743
-0.85739387711119,0.6480284636168839,0.7837534801482136,0.8501617167670441,0.7822959299924696,0.4788480417312526
-0.8955000737979766,1.148382666632493,1.0479118173902455,0.7944988178767739,1.0958555057486208,0.3534186535901285
0.8526216992083588,-0.20733269611345734,-0.2858408723619988,-0.8810869843771884,-1.1042151012961297,-0.3988416550948331
1.571876161671456,-1.0626938558437988,-0.2968666780222386,-0.26458935020759283,-0.030499371057727126,1.1278088701449638
-0.8812102500404316,-0.56233965282819,0.07558631145530569,0.3506031201394124,0.3580287687977862,0.8727085266448419
-0.9193164467272182,0.6480284636168839,0.7650709718189186,0.6063290043883892,0.2092372689416153,0.4426587412604319
0.28102874890655977,-1.0626938558437988,-2.5472397612592657,-3.3701131805764293,-2.495449522400594,-3.241613838709179
2.4721350583967894,-1.0626938558437988,-0.5266725264861766,-0.0015952256931262845,-0.20764437720954537,0.6816077933610825
1.0526792318139886,-1.0626938558437988,-0.4461722114101981,-0.7649798394662016,-0.6163240061555176,0.8379107225877941
-0.20958853343581774,-0.56233965282819,-0.19933332357278252,0.25511609740943464,0.525160227938412,0.3395784596359494
0.8859646213092971,-1.0626938558437988,-0.4346931635437292,-0.7474543552727965,0.16346300057809388,0.8601989435043121
-0.8097611312527068,1.0410084257512708,2.1164847743453463,1.8429003392688041,1.7823079405786524,2.5598981673603016
2.1958651324175866,-1.0626938558437988,-1.169167931090323,-1.7937746362613727,-1.1819971521628492,-0.5658893581661678
-0.8288142295961001,0.7933757099177606,0.28260353439643937,0.34055115623500004,0.8792344423053089,-0.6786042751210504
-0.18100888592072778,-0.20733269611345734,-0.4075694739567907,-0.825349299708357,-0.07131256734998571,-0.6343293853964843
-0.7430752870508301,-0.56233965282819,-0.4686599671605257,0.13791141625578585,0.04547115000298754,-0.18241063023222137
1.4289779240960063,-1.0626938558437988,-1.0811269061951732,-0.855172042615717,0.04547115000298754,-0.3949450572619336
1.7671704196912374,0.4832473463317343,0.7041148604972538,0.43848564742112206,0.8660713530288568,0.5418700769347202
-0.9383695450706115,0.7933757099177606,-0.06480738973350722,-0.5221530637810872,0.5740427324604442,-1.3485041992639955
-0.9288429958989148,0.6480284636168839,0.8354116557398495,0.4177661549937763,0.7212511205834883,0.5789245533510886
2.1196527390440134,-1.0626938558437988,-0.5882945373107968,-0.12357320022867532,0.09814063970798567,0.5619598045595776
0.40487388813861624,-1.0626938558437988,-1.4649519060816265,-1.2820936286869784,-1.1819971521628492,-1.140196448341234
0.547772125714066,-1.0626938558437988,-1.2474079966823144,-0.7431441139178743,-1.1042151012961297,-0.7178036882327782
-0.9526593688281565,-0.56233965282819,-0.2666212440335069,-0.2299082843331754,-0.13663492822009354,0.20913425257875676
0.14289378591695834,-1.0626938558437988,-0.7604957706165293,-0.9080513952065213,-0.6581841478671907,0.22760636561049175
0.9526504655111736,-1.0626938558437988,-0.7435146676052062,-0.9899352831368446,-0.96788329143657,0.26057761720950995
-0.4001195168697507,0.06803209247917626,-0.31158188416861854,-0.16553542365761845,-0.46753250629934595,-0.8528098750555853
-0.19529870967827276,-0.20733269611345734,0.07963861813180054,0.23860057640014626,-0.09251100185985872,0.3089097831496778
-0.08574339420376127,-1.0626938558437988,-0.792383111349694,-0.8602749791911071,-0.2327569383712667,0.16569251152011005
-0.7287854632932852,-1.0626938558437988,-0.9694297639007304,-0.3445970475269106,-0.15962500745068847,-0.1780690051570902
-0.24293145553675602,0.9233932522095181,0.6066074201210783,0.7351568113217757,1.5827446439278807,-0.21802299232004402
1.0764956047432301,0.2930215069021515,0.201254480732554,-0.2180867319243038,-0.34173108567376953,-0.1749829516284597
0.6287477936734875,-1.0626938558437988,-1.247085594181979,-1.2090418326132162,-0.8510995740835968,-0.7171776974506939
1.509953592055428,-1.0626938558437988,-2.3908684610986204,-2.90852570323601,-2.164551944321342,-2.9379964896462614
-0.9431328196564598,0.2930215069021515,0.75222206597851,0.48762816597659886,0.504756819153868,0.8922100817432076
1.1860509202177416,-0.56233965282819,0.2416006622376777,0.47395355890166385,0.3200640704847356,1.1947532131913352
-0.8907367992121282,1.2471573932472422,2.0485496316881524,2.0388830978999204,-0.5022651455660757,2.170561943032528
-0.45727881189993064,-0.20733269611345734,-0.2449260569002572,-0.7875558985699295,-0.2327569383712667,-0.31965975837891497
-0.8907367992121282,1.0410084257512708,0.4918420553928795,0.8466184806926044,0.688926346877039,-0.5880082440597991
2.18633858324589,-1.0626938558437988,-0.9657286273570908,-0.4064159827665343,-0.8510995740835968,-0.17088271672215782
1.014573035127202,0.4832473463317343,0.16562406331754692,0.24252359195466117,0.8857372164920676,-0.5003423157020394
0.34771459310843633,0.6480284636168839,1.177273999251797,0.968229210354503,1.3944114523355609,1.2415509642475668
-0.8907367992121282,2.1025185529775836,2.260579510847822,2.021935363165098,1.920961498355558,1.5454949440673194
0.2095796301188349,-1.0626938558437988,-0.4773412351762745,-0.3100851819238715,-0.7489547038097792,0.7773915841076952
1.0240995842988985,0.06803209247917626,-0.13480877077597522,-0.0730132379137952,0.9658711244403901,-0.5111716738368465
0.1714734334320483,0.06803209247917626,0.2732749225961205,-0.2542002164926365,0.504756819153868,0.27869200794902405
1.0193363097130501,-0.56233965282819,0.004276053966004056,-0.2709015298327039,0.5450659426428811,0.734398797622798
-0.9621859179998531,-0.56233965282819,0.08512502962875301,0.015123559474317977,0.008369586453112622,0.891210422327717
1.4766106699544896,0.06803209247917626,0.9244505182962103,1.1326207332867932,1.125356085534786,1.5410820026684038
-0.462042086485779,1.338608506062076,1.3820609189342024,1.0200885849074859,1.1058079930281992,0.7651743517379805
-0.85739387711119,0.9233932522095181,0.9426514901523648,0.6776798290022321,0.6971283640822278,0.43238916871733823
-0.7192589141215886,-1.0626938558437988,-1.412941077000701,-1.1590736539023403,-1.1819971521628492,-1.0392099499755352
1.1812876456318933,-1.0626938558437988,-1.3145363424970666,-2.1409218781080845,-1.4730773776884334,-0.8481430176513833
0.8288053262791172,0.4832473463317343,0.31898091611040363,-0.1151542516305691,0.3455690788011746,-0.20379247314692361
2.534057628012818,-1.0626938558437988,-0.9650406613403222,-1.5970161634592985,-1.7476702981701815,-0.16954693184320593
-0.03811064834527802,0.06803209247917626,0.6066326782179292,0.1333187776078455,-1.1819971521628492,0.9247356137161495
-0.8526306025253416,-1.0626938558437988,-1.024001875666851,-1.0025003722197456,-0.8510995740835968,-0.28402860190005313
-0.609703598647077,-1.0626938558437988,-0.7106083648135071,0.024685795056898694,-0.46753250629934595,0.32446993255646545
-0.8812102500404316,0.6480284636168839,0.01369844506681894,0.49032971111979495,0.02713119071853385,-1.010156128764673
1.3765819036516747,-1.0626938558437988,-0.28485792042760416,-0.1252698379986525,-0.050650860148185636,1.1511255986154463
-0.9288429958989148,1.778754411939859,1.2892428572957058,0.9902240399447996,0.504756819153868,0.05060221029221652
-0.814524405838555,0.2930215069021515,0.5933420222472029,0.5902817227209174,0.4623527961541478,0.5842802359804408
-0.8621571516970383,0.2930215069021515,0.63601258806881,0.6977243810655934,0.8182530163643801,0.6669691064622914
-0.8192876804244034,1.6487368696481015,1.7870403486298967,1.9149085901328564,1.325608941873823,1.1716430262695205
1.147944723530955,-1.0626938558437988,-0.016622604525984276,0.08556140475760443,0.17900811520458537,1.6719430085585578
-0.8288142295961001,1.0410084257512708,0.4889976242580299,0.4996997345547159,0.5351737749496048,-0.5935023644529226
-0.8621571516970383,0.06803209247917626,-0.16312898473663767,0.07809295304453445,-0.34173108567376953,-0.5659295247627185
-0.8097611312527068,0.6480284636168839,0.7534558698247256,0.7692678849663444,0.6379038685131184,0.42016060559690743
0.38582078979522294,0.4832473463317343,0.5216971215684617,0.34055115623500004,0.49436057865734623,0.18855021055138377
-0.7811814837376168,-0.56233965282819,-1.0496656526426007,-1.1919657697052988,-1.033205652306678,-1.3067815204549496
0.8430951500366621,-0.20733269611345734,-0.00725457499707193,-0.063655754233975,0.3455690788011746,0.1405597618116931
1.4099248257526131,-1.0626938558437988,-0.5691379936099442,-0.5069137268009826,-0.5385419552887978,0.5991549868576437
-0.6906792666064986,-0.20733269611345734,0.20232419867337137,0.23366408259744864,0.3455690788011746,0.5466740858673307
0.8145155025215722,-0.56233965282819,-1.1538970197105134,-0.7517926765739397,-1.2679812202347571,-1.508117704349388
0.40963716272446454,-0.56233965282819,-0.5980274689020245,-0.49201534335162384,-0.4022101454292381,-0.4330008127888268
-0.5906505003036837,-0.20733269611345734,0.06414420325579073,0.6286029859344332,-0.050650860148185636,0.2788871933506628
-0.9431328196564598,0.7933757099177606,1.0613023874896506,0.575619528390241,-0.11427479409411481,0.8283419916818646
0.07144466712923346,-1.0626938558437988,-1.9415111572122852,-1.6126858267642297,-1.7476702981701815,-2.0655047136754314
-0.7573651108083751,0.06803209247917626,0.3635193831572051,0.4033301426544669,0.008369586453112622,0.45352807410010415
-0.004767726244339742,-0.20733269611345734,0.021688043625042664,0.13216565184006762,-0.09251100185985872,0.1966293727635018
1.438504473267703,-1.0626938558437988,-1.444737953099117,-1.6287331084317012,-0.28542642807626484,-1.1009481539782209
2.5150045296694246,-1.0626938558437988,-0.5119985914883473,-1.028364981041055,-0.2327569383712667,0.7100993467329958
-0.11908631630469955,0.4832473463317343,0.39486680368027727,0.18644434103711024,0.47316214414747326,-0.056962146126403004
-0.7002058157781953,1.148382666632493,0.6820645995843831,0.893483329722511,1.2209413683778862,-0.35444012602092023
-0.6954425411923469,-0.20733269611345734,-0.7548771390706969,-0.37602607258281523,-0.3130932756502835,-1.305244580196267
1.0479159572281402,-0.56233965282819,-0.7285450803668833,-1.4331087772000919,-1.7476702981701815,-0.6857017290848275
-0.9288429958989148,0.4832473463317343,0.9754156680085362,0.6715468926586836,0.008369586453112622,1.0676880792292207
1.743354046761996,-0.56233965282819,-1.0780539436124874,-1.2355061082598258,-0.8510995740835968,-1.361631698728515
1.8529093622365074,-0.20733269611345734,-0.9727074570184908,-0.9135778166702664,-0.07131256734998571,-1.7250450092225553
-0.7430752870508301,-0.56233965282819,-1.3100038780134156,-0.5700823738310379,-2.495449522400594,-1.8093518157868576
0.1143141384018684,-0.56233965282819,-0.455922327725391,-0.06831806007740142,-0.5385419552887978,-0.15773178896481108
-0.9145531721413699,1.338608506062076,1.2056555194160417,1.126944426458789,0.9540434704213301,0.4234506191085818
-0.462042086485779,0.2930215069021515,0.0619057246516393,0.16041119035290075,0.7132891662841367,-0.4445207219830849
-0.6859159920206502,0.6480284636168839,0.493694263781487,1.0291531073193065,1.0857801451534175,-0.08273496575109035
-0.8335775041819483,1.5033896233472255,1.1594393309727133,1.0261452884547266,1.5077150200969043,0.13234550726654423
1.5861659854290011,-1.0626938558437988,-1.7775904606666282,-1.5521049937336002,-0.5765066536018487,-1.747229126719194
-0.7954713074951617,0.9233932522095181,0.7055179313520281,0.839474944157756,-0.3130932756502835,-0.026683474179034845
0.3381880439367397,-0.20733269611345734,-0.05455207926324751,-0.0777417545702005,0.2525798703570481,0.04894294047553116
2.152995661144952,-1.0626938558437988,-0.32122424301576213,0.019238484809509904,-0.2327569383712667,1.0805151576455228
1.0717323301573818,-1.0626938558437988,-0.7141206666706346,-0.7431441139178743,0.5644976664279658,0.31765029380002957
-0.8240509550102517,-1.0626938558437988,0.10583400846326042,-0.6005883165339115,-0.28542642807626484,1.909710119101362
-0.8526306025253416,-0.20733269611345734,-0.17102488890021014,-0.18568890011521133,0.6111442960103195,-0.17660442429981002
1.805276616378024,-1.0626938558437988,-1.3564367632615586,-0.4717021791170215,-1.2679812202347571,-0.9294987054538537
0.8764380721376005,0.06803209247917626,-0.652662477610328,-0.16734256171234138,-0.4022101454292381,-1.5106624377967106
-0.7097323649498919,0.06803209247917626,0.1937030273692673,0.5016905580538663,1.0547855146642786,0.1245745537235243
1.0383894080564435,-1.0626938558437988,-1.2308746032344033,-1.4211097144704317,-1.2679812202347571,-0.6857017290848275
-0.7954713074951617,1.0410084257512708,1.3452620617824058,1.514326226989284,1.2463142050457239,1.063950278487062
-0.13337614006224452,0.9233932522095181,1.3374502642080133,1.1478600702668984,0.7822959299924696,1.1974718697442823
-0.7097323649498919,-0.20733269611345734,0.0959607874996151,1.0279516095382608,-0.34173108567376953,0.340537672520406
-0.7144956395357402,-1.0626938558437988,-1.0570762541870433,-1.2090418326132162,-1.3641032303859306,-0.3482472604255492
2.138705837387407,-1.0626938558437988,-0.7963884813847957,-0.4688502263019278,0.2239420603335628,0.1579155100446202
0.914544268824387,-1.0626938558437988,-1.497014704378919,-1.0218040416205616,-0.5385419552887978,-1.2024509785047743
2.1244160136298618,-0.20733269611345734,-0.28017033861643065,0.2832978751780265,-0.11427479409411481,-0.387868422352292
0.9050177196526904,-1.0626938558437988,-0.9055858516795537,-0.4437178110282634,0.09814063970798567,-0.05410687551766568
-0.8383407787677967,1.338608506062076,1.0626054307334996,1.0056346772382598,1.3331305973534788,0.14649772416844076
0.23815927763392486,-0.20733269611345734,-0.07092264570662904,0.286966920076608,-0.28542642807626484,0.017235968444569594
-0.7764182091517684,1.338608506062076,1.2481977546171845,0.9886312863405081,0.9174958480720942,0.5058434283182082
-0.681152717434802,0.4832473463317343,0.13820599109069087,-0.36619666955760927,0.515022285859146,-0.5533331625136556
1.2432102152479216,-1.0626938558437988,-1.1242449927345681,-1.0025003722197456,-1.033205652306678,-0.4786650181390725
1.6719049279742708,-1.0626938558437988,-1.898575070133276,-2.0432942317445764,-0.9074042316811012,-1.9821381309030754
0.14765706050280666,-0.56233965282819,-1.0365827252947,-1.0761958899139523,-0.34173108567376953,-1.2814999806533542
-0.9478960942423081,1.7154571887753904,1.085023147308198,0.9818998069990272,1.441636666729465,-0.26826783624683453
-0.814524405838555,-0.56233965282819,-0.8845482290049603,-0.6110756193305663,0.02713119071853385,-0.987559773655481
-0.8526306025253416,1.8963695854816123,1.1838413457672339,1.1508665311950967,1.84663324104067,-0.29411445238192974
-0.9336062704847632,0.2930215069021515,0.07922918869064009,0.27403583485121824,0.8182530163643801,-0.4110234275234913
-0.6573363445055603,0.4832473463317343,0.4289287998949455,0.3963812451895051,0.6552682223705544,0.008960609100440895
0.5096659290272794,-0.20733269611345734,-0.3276286783997129,-0.7388615913485498,0.3200640704847356,-0.47969756440665756
1.4194513749243096,-1.0626938558437988,-1.5670722485443538,-1.3116953893575352,-1.2679812202347571,-1.3384777674328932
1.805276616378024,-1.0626938558437988,-1.377555895473941,-1.6970935856002451,-1.5988787983140098,-0.9705045353615507
0.5049026544414311,-0.20733269611345734,0.01614677220679631,0.39326941726301823,0.16346300057809388,0.1858940573212714
-0.8764469754545833,1.2471573932472422,0.5552206821634014,0.8446418393942237,0.26653053216275097,-0.7217672728215822
-0.8907367992121282,1.338608506062076,0.8506767378488277,1.0687653409444435,1.262801510089559,-0.26347929236622447
-0.5096748323442623,-0.56233965282819,-0.7343047683425983,-0.6217307260753171,-0.050650860148185636,-0.6968502631770217
0.2905552980782564,1.7154571887753904,1.7260427369647466,1.3792759710280929,0.9832972778391466,0.9727608181539825
-0.9097898975555215,2.1025185529775836,1.5190651898797563,1.3663796676601578,2.026741536521882,0.10879862692148928
-0.9526593688281565,-0.56233965282819,-0.5379362496988208,-0.5634889539830537,-0.25866685557346636,-0.3166147921291021
-0.8002345820810101,-0.20733269611345734,-0.32396580638338823,-0.3056158365269802,0.23838657621939405,-0.4726108614879535
-0.09526994337545792,-1.0626938558437988,-1.2810183665004347,-1.4211097144704317,-0.8510995740835968,-0.7830630508825636
-0.8478673279394934,0.7933757099177606,0.4212752093396811,0.3870017948601305,0.17900811520458537,-0.41067429296723457
-0.9050266229696732,1.2471573932472422,0.5744535544517111,0.3539203372826639,0.8726794364411976,-0.6846382948306804
-0.9145531721413699,0.06803209247917626,0.09215221082592646,-0.08730072201743677,0.48383018942336337,-0.0720476853513748
-0.9526593688281565,2.396723788497221,1.5460532542528747,1.343192142683933,1.9890815782581184,-0.1865525539874706
0.5239557527848244,0.06803209247917626,0.22261263654187624,0.057757633608582215,-0.6581841478671907,0.18056278162744827
1.8719624605799006,-1.0626938558437988,-1.3805919491092913,-0.9776028943147181,-1.3641032303859306,-0.9763994697608354
0.8669115229659038,1.2471573932472422,0.8288336388755799,0.39793172310644465,0.825258156736599,-0.19308683179648178
-0.45251553731408234,0.2930215069021515,0.868330770169533,0.7503813669154754,0.04547115000298754,1.1173140641087251
-0.9621859179998531,3.324695614115393,2.2838932137496752,1.8775309876893367,1.7424905880249835,0.15880823200561073
-0.7144956395357402,0.2930215069021515,0.5344465659589921,0.731882122775951,0.7749104149489473,0.4701662387157941
0.009522097513205234,-0.56233965282819,-0.6229155065059188,-0.2858668779323768,-0.4342179279324365,-0.48119735858346896
1.6385620058733326,-0.56233965282819,-2.2489699919236514,-1.6970935856002451,-1.4730773776884334,-3.607233198461164
-0.8955000737979766,-1.0626938558437988,-0.8281359960637029,-0.9961881925946345,0.19426264985915923,0.09627314833090848
-0.3953562422839024,-0.56233965282819,-0.40663995075625925,-0.35651024474623383,0.5740427324604442,-0.062239962309814836
1.0764956047432301,-1.0626938558437988,-1.8502917062347926,-1.1835891817168884,-0.34173108567376953,-1.8883890418078426
-0.9478960942423081,-0.56233965282819,-0.6029906918581625,-0.6895108720833907,0.2239420603335628,-0.44261261067043867
0.7621194820772407,-0.20733269611345734,-0.06675213624051812,-0.14948814199014665,0.3580287687977862,0.02531335991519757
-0.4096460660414474,-0.56233965282819,-0.6687115775975713,-0.5971289323153811,0.5834774484363009,-0.5698713986899111
-0.8812102500404316,-1.0626938558437988,-1.1556006141702182,-1.581706754404157,-0.6581841478671907,-0.5395464628078331
-0.9431328196564598,-0.20733269611345734,-0.4531784869253334,-0.1151542516305691,0.9112422248085066,-0.722522434707225
-0.7716549345659202,0.06803209247917626,-0.08264881765374338,0.14019591237099097,1.100846920956937,-0.4102964609849761
-0.45727881189993064,0.2930215069021515,-0.40898054910851867,-0.30339236212578197,-0.5765066536018487,-1.3534600656668099
1.1098385268441684,-0.56233965282819,-1.1102604843945312,-0.6146084125735326,-0.8510995740835968,-1.4238463277836009
0.9240708179960837,-0.56233965282819,-0.5387537251413899,-0.6110756193305663,0.08095908209781587,-0.31819825482139386
-0.2619845538801493,0.4832473463317343,0.3678900607986309,0.38621417801551366,1.1768174420176516,-0.10916506562085351
0.9907566621979602,-1.0626938558437988,-1.4360305313420854,-1.9853507485551702,-1.4730773776884334,-1.0840414434224688
1.4623208461969446,-1.0626938558437988,-0.9980010704016038,-1.0621757938743313,0.02713119071853385,-0.2335443022873657
-0.7192589141215886,1.148382666632493,0.7597428457578783,0.19699812713282683,-0.96788329143657,-0.20425322451910558
0.02381192127075021,-1.0626938558437988,-1.9003803080208606,-1.6970935856002451,-0.46753250629934595,-1.9856432596657914
1.0526792318139886,-1.0626938558437988,-0.8593824260584235,-0.5160154169742984,0.4176241318318146,0.035603714534995466
-0.30485402515278426,-0.56233965282819,-0.33816088012521645,-0.1286761368040654,0.7523441704941772,0.07046945427818138
-0.9574226434140048,0.2930215069021515,-0.40492924770059413,-0.44098298186834195,0.6638137857153177,-1.3456561484827114
-0.3620133201829641,-0.56233965282819,-0.7378649372542687,-0.7261768275480125,-0.09251100185985872,-0.7037412394512014
-0.45251553731408234,1.148382666632493,0.4967722420698394,0.7205307689880549,-0.37141049614817273,-0.7123903233604616
0.8716747975517521,-1.0626938558437988,-0.41942271306955387,-0.2709015298327039,0.7822959299924696,0.8898487173899459
1.2670265881771632,-0.56233965282819,-0.27318903942864525,-0.0777417545702005,0.06340800044125627,0.1964029715245322
2.5388209025986663,-1.0626938558437988,-1.0568634724429136,-0.9477355583806234,0.08095908209781587,-0.34783411409361165
-0.7668916599800718,0.06803209247917626,0.6528121096326664,0.8819790988448007,0.4176241318318146,1.0142706130863721
1.0526792318139886,-1.0626938558437988,-1.3246082268315178,-0.8400937388776598,-0.96788329143657,-0.8676990283678817
-0.8002345820810101,-0.56233965282819,-0.3081254378643609,-0.36864045198634376,0.48383018942336337,0.1286840805269622
0.8573849737942072,-1.0626938558437988,-1.478113864206718,-1.2537519061681288,-0.46753250629934595,-1.165752281350948
0.9478871909253254,-1.0626938558437988,-0.4038151051272746,-0.6146084125735326,0.14761602027680515,0.920153130947804
0.11907741298771672,-0.56233965282819,0.14247147804480398,-0.062108877894998,0.3823915882048847,1.0024482570443751
0.18099998260374495,-0.56233965282819,-0.8514241293983149,-0.5868573153390715,-0.7023080742274255,-0.9234853712129734
-0.6906792666064986,-1.0626938558437988,-1.1177394127997096,-1.5100322700199111,-1.2679812202347571,-0.46603349987511067
1.119365076015865,-1.0626938558437988,-1.448614610249337,-1.2265673168066213,-1.4730773776884334,-1.1084752408922927
0.8145155025215722,0.4832473463317343,-0.0677811349167258,-0.3123311535789865,-2.164551944321342,-0.9511183603872896
-0.34772349642541917,0.2930215069021515,0.7050452882007265,1.0625150991493169,1.125356085534786,0.8007629470795351
0.8383318754508139,-1.0626938558437988,-1.1153147314112906,-0.6435664516236445,-0.7984300843785986,-0.46132563254448367
-0.681152717434802,0.7933757099177606,0.8423798332210125,0.9828656229253865,1.554697421682558,0.4041917525656567
2.024387247327047,-0.56233965282819,-0.5552278155858781,-0.835142563917442,-0.010833507594516798,-0.3501079148045192
-0.8621571516970383,-0.20733269611345734,-0.5894131020746844,-0.16553542365761845,0.6111442960103195,-0.9858107201065214
-0.843104053353645,1.8963695854816123,1.0728534716344658,0.9451426644764508,1.537394430571307,-0.5085740872071255
-0.9240797213130665,1.148382666632493,0.7537743120242786,0.8517304571026245,1.390931302743931,-0.21579544109431165
-0.814524405838555,0.9233932522095181,0.6157047527121289,0.6405433703889465,1.2749520150692093,-0.20042854943110044
-0.9478960942423081,0.7933757099177606,0.3854915445860103,0.5856248508447004,1.1991775761436305,-0.4798361341083463
0.5001393798555828,-1.0626938558437988,-0.3371179263536575,-1.244566519650268,-2.495449522400594,1.0496552875994225
1.2813164119347082,-0.56233965282819,-0.8500616800727195,-0.8501079120171156,-0.8510995740835968,-0.9208496526148794
-0.9288429958989148,1.6487368696481015,1.0582101646135869,1.0321474017728132,1.0225671001190004,-0.2396834803248705
2.2196815053468284,-0.56233965282819,-0.4557980889103507,-0.3078467597675524,-0.7023080742274255,-0.15749107497607145
-0.8288142295961001,-0.20733269611345734,-0.342148415292643,-0.3168459502924501,0.19426264985915923,-0.5077882150506449
2.510241255083576,-1.0626938558437988,-0.6914912960775649,-0.5190771693309986,-0.20764437720954537,0.36158846853779614
-0.88597352462628,-1.0626938558437988,-1.394103093675857,-1.3116953893575352,0.13145521807489544,-1.0026332984230784
-0.4858584594150206,0.2930215069021515,0.06238597843992297,0.3924891828861284,0.3070062904338656,-0.4435921298583704
-0.9097898975555215,0.4832473463317343,0.09149354103333468,0.44284289283214306,0.6722707924062578,-0.6435924389445596
0.8954911704809938,-0.56233965282819,-0.5811392441153266,-0.007262748961508164,-0.09251100185985872,-0.40029374467548196
-0.8669204262828867,-0.56233965282819,-0.7920133560947494,-0.5190771693309986,0.7599357958664912,-0.8085362809152142
-0.8955000737979766,0.2930215069021515,0.18893447157442006,0.1310105258531301,0.394305578520509,-0.19882083593856054
0.752592932905544,-1.0626938558437988,-0.9104412604713175,-0.7875558985699295,0.19426264985915923,-0.06353434938568117
1.5766394362573044,-1.0626938558437988,-1.4947464040189282,-1.2355061082598258,-1.5988787983140098,-1.1980467474120398
2.1244160136298618,-1.0626938558437988,0.6483384344897285,0.5030144749203322,-1.1819971521628492,2.9630604174990873
-0.9145531721413699,1.8963695854816123,1.7559554027852846,2.243700626209517,-0.7023080742274255,0.8132872057401449
0.914544268824387,1.148382666632493,1.1050373444624617,1.3638427885369022,-0.5022651455660757,0.46404842166466104
0.9050177196526904,-0.56233965282819,1.1926781973432048,1.5896969093797395,-1.5988787983140098,3.0405638130176125
-0.5144381069301106,-0.20733269611345734,-0.7306033558845195,-0.6362080346042313,-0.18328155780244723,-1.25840990631927
0.8764380721376005,-0.56233965282819,0.1144621326867906,-0.10684041125573866,-2.495449522400594,0.9481160327147689
-0.5954137748895321,0.4832473463317343,1.0215874810480068,1.1734759192928255,0.8792344423053089,1.157207761214453
-0.30485402515278426,-0.20733269611345734,-0.22317031020771083,-0.15835551621292215,-1.033205652306678,-0.2775503309054842
-0.8192876804244034,-1.0626938558437988,0.7114158458848606,0.7238616153402693,-0.4342179279324365,3.0855342756422774
-0.8478673279394934,1.6487368696481015,1.253414827986492,1.3631161873033373,1.2668718120059754,0.13792188503310743
-0.9574226434140048,2.7517307452119533,1.7422271730347627,1.5818914287554688,1.7993995357963473,-0.22306736260046575
1.0336261334705952,-1.0626938558437988,-1.4154320162568321,-1.5667414063044838,-0.13663492822009354,-1.0440464664772615
-0.7478385616366785,-0.20733269611345734,0.7916569654360355,0.5897013915604473,-1.2679812202347571,1.6895949812979867
2.4864248821543344,-1.0626938558437988,-1.2459812969395179,-1.375165294010686,-0.7023080742274255,-0.7150335456722726
2.2196815053468284,-1.0626938558437988,-2.454511667122108,-2.298340248691525,-1.9297763763932627,-3.0615689193623603
-0.49062173400086895,0.4832473463317343,0.7467897776551271,0.6102811226023894,0.5834774484363009,0.6245554760601859
-0.9288429958989148,0.4832473463317343,0.46736809975156574,0.34223705577973634,1.4183656118229988,0.08336675369140896
0.8240420516932688,0.2930215069021515,0.03784252450746964,0.19279666231596018,0.8182530163643801,-0.49104468488401437
-0.8955000737979766,1.2471573932472422,0.41569635779598063,0.7351568113217757,1.125356085534786,-0.9909377808739143
-0.8812102500404316,1.2471573932472422,0.6603719169843909,0.7621360367261912,0.789615206340894,-0.5187073651773153
0.36676769145182964,-0.20733269611345734,-0.2634428882498063,-0.010114701776601856,-0.050650860148185636,-0.3554969383939375
0.9764668384404153,-0.56233965282819,-0.7490459495675966,-0.825349299708357,0.5450659426428811,-0.7253822458300243
0.985993387612112,-0.56233965282819,-1.269245916667169,-1.375165294010686,-1.9297763763932627,-1.7307416178582287
2.238734603690222,-1.0626938558437988,-1.5401336059745778,-1.1277299880677918,-1.4730773776884334,-1.2861725219307691
-0.9002633483838249,0.2930215069021515,0.0953638229681022,-0.062108877894998,0.525160227938412,-0.3798219751159539
-0.85739387711119,0.06803209247917626,-0.527528851493884,-0.8971342660446601,-1.3641032303859306,-1.269555325490106
-0.3763031439405091,-1.0626938558437988,-1.1681343347146245,-2.2149903613480224,-2.495449522400594,-0.5638824822799398
1.5480597887422145,0.2930215069021515,-0.03184946951474692,0.3455961043368916,0.5450659426428811,-0.6257494724468855
-0.5573075782027455,-1.0626938558437988,-0.4158273232851934,-0.15302093523311297,-0.3130932756502835,0.8968296832964388
0.4715597323404928,-0.20733269611345734,-0.23356628932578732,0.12052322305647477,-0.5765066536018487,-0.2976728045072605
0.8621482483800554,-0.56233965282819,-0.4117378453329579,-0.5377493261529606,-0.15962500745068847,-0.07211849165179007
1.2813164119347082,-1.0626938558437988,-1.723888127622097,-1.5100322700199111,-2.495449522400594,-1.6429583303472008
-0.24769473012260435,0.06803209247917626,0.5937314382700822,0.6459008406727091,1.8721689463100573,0.899723526732173
-0.88597352462628,1.6487368696481015,1.8979396237049038,1.6667943896644386,2.147038087421455,1.3866573736916534
-0.5192013815159588,-0.20733269611345734,-0.772632317967542,-0.6699807344047598,-1.1042151012961297,-1.3394957310701352
-0.8240509550102517,1.7154571887753904,2.2624813998300857,1.997431661685945,1.6539838167309564,2.013001023146968
-0.2191150826075144,0.2930215069021515,0.2715388648141778,0.3758894756260871,1.2668718120059754,-0.038964353468495944
0.8430951500366621,0.06803209247917626,0.24553985589187427,0.06545633165966944,-0.2327569383712667,0.2249691100342094
0.7240132853904541,0.4832473463317343,0.2644894311580662,-0.02602258005974685,0.3070062904338656,-0.30919283789043156
-0.7478385616366785,-0.56233965282819,-0.4721772334701324,-0.5700823738310379,0.3455690788011746,-0.18922507702609107
-0.8955000737979766,1.0410084257512708,0.432200812355548,0.962946644511858,1.153827362787057,-0.703183411732635
-0.9478960942423081,2.149091072663711,1.2672585901550946,1.3211066777872833,2.03944364263271,-0.43329896348745933
-0.5573075782027455,-1.0626938558437988,-0.9742885397066348,-0.5190771693309986,-2.495449522400594,-0.1875030165668834
-0.8955000737979766,0.9233932522095181,0.7460274421967897,1.1761285498542113,1.6640281754327317,0.0517076124971148
-0.11432304171885123,0.2930215069021515,-0.0913408066715596,0.3269080677473204,0.4623527961541478,-0.7406896367078522
-0.9288429958989148,0.6480284636168839,0.5609180754771189,0.6080256421583663,0.8792344423053089,0.0473581351335361
-0.7954713074951617,1.2471573932472422,0.5963600510452378,-0.1390008391934919,0.06340800044125627,-0.6423411324924437
2.348289919164733,-1.0626938558437988,-2.2993635166806103,-2.2553621136017923,-1.5988787983140098,-2.760326491239878
-0.3524867710112675,0.06803209247917626,0.9521522554926108,1.013976288994908,-1.3641032303859306,1.5948182383650338
-0.7240221887074368,0.06803209247917626,0.9274871533332534,1.11702447091492,0.5740427324604442,1.5469724173370938
0.8716747975517521,-1.0626938558437988,-0.845909947194628,-0.4248057499683392,-0.3130932756502835,0.06176246817923508
0.5191924781989761,0.2930215069021515,0.05642522295017363,0.44717181358748137,0.4513983519132168,-0.45511733507912217
-0.8526306025253416,-0.56233965282819,-0.5984051502018963,-0.7517926765739397,-0.010833507594516798,-0.43373223791276677
0.4763230069263411,0.2930215069021515,-0.012387843685459695,-0.062108877894998,0.8921885848117497,-0.5881388085722619
-0.9145531721413699,-0.56233965282819,-0.8169057209607241,-0.45756300753582285,-0.11427479409411481,-0.8567025045744525
-0.88597352462628,0.4832473463317343,0.22934461779839163,0.18537970457614522,1.2209413683778862,-0.3771554402899655
-0.7335487378791335,0.2930215069021515,-0.0033406575350615926,-0.14422384608164443,0.16346300057809388,-0.5706530340401863
0.1714734334320483,0.6480284636168839,0.11370973199048716,0.10025163202523131,0.6971283640822278,-0.8171806724700348
0.914544268824387,-0.20733269611345734,0.03616174693102677,0.03678172737208044,-0.15962500745068847,0.2246706756880845
-0.9621859179998531,2.2372732423661383,1.903039350379795,1.8370385546003305,2.033117302095435,0.692546820328879
-0.9050266229696732,1.5033896233472255,1.6261460642525165,1.8844621665759742,1.820272638891703,1.0363567352480878
1.090785428500775,-0.56233965282819,0.1505434680738407,0.0434079508438493,0.8526924658156667,1.0181065826640612
0.16671015884619997,-1.0626938558437988,-1.2004465732340108,-0.7649798394662016,-0.18328155780244723,-0.6266213364780315
-0.85739387711119,1.4237474552251266,0.8345679140344104,1.058794010791749,1.2463142050457239,-0.3988603493441394
1.2051040185611348,-1.0626938558437988,0.08114779463435248,0.5931758166480182,-2.495449522400594,1.8617782876627709
-0.6192301478187737,0.06803209247917626,-0.4901533063986433,0.08926445395387377,-0.2327569383712667,-1.1974814834776044
-0.88597352462628,0.4832473463317343,-0.2107881680808707,-0.3445970475269106,0.9480647342122167,-1.226879912848074
-0.7716549345659202,2.2372732423661383,1.1656550351739559,0.9130602529042374,1.854575822882244,-0.7336250054684083
-0.7764182091517684,0.6480284636168839,0.20906489470079487,0.29695378701556785,0.3580287687977862,-0.6330451308325683
0.07620794171508179,-0.20733269611345734,-0.1352785235171538,-0.7388615913485498,-0.15962500745068847,-0.10739257801817169
-0.019057550001884718,0.06803209247917626,-0.20506572427794817,0.010983048946794886,0.49436057865734623,-0.646998488111874
-0.6287566969904703,0.06803209247917626,-0.47810939754629594,-0.4382593381350067,-0.010833507594516798,-1.1742510677071591
-0.8526306025253416,3.473954195872426,2.1852969366431543,1.8254302658773218,2.0203155675530526,-0.20451646453169534
0.8145155025215722,-1.0626938558437988,-3.1269983372931476,-3.640124545623051,-2.495449522400594,-4.367298422587828
-0.9145531721413699,-1.0626938558437988,-0.5884063164749489,0.18431336333228948,0.42903821778723844,0.5617427692502502
1.1003119776724717,-0.20733269611345734,-0.22238106942169625,-0.41686215719554537,-1.5988787983140098,-0.27602263877119937
-0.9240797213130665,2.602872755993192,2.712407819553786,3.0012040570497622,0.14761602027680515,1.8306650596072778
-0.6573363445055603,0.7933757099177606,0.021655807964454824,-0.021646244717921134,-0.7489547038097792,-1.1819936014148504
-0.9478960942423081,-0.56233965282819,-0.7684926932931314,-0.7178525946022402,0.16346300057809388,-0.7630191630596694
-0.8764469754545833,-0.20733269611345734,-0.39653571413955646,-0.9025704592087617,-0.7984300843785986,-0.6129903156578804
-0.8955000737979766,-1.0626938558437988,-0.8930490009241923,-0.5800965469704935,0.008369586453112622,-0.029764778291193478
-0.9288429958989148,0.6480284636168839,0.8488008928749115,0.9451426644764508,-0.20764437720954537,0.6048658529154691
-0.8716837008687349,-0.56233965282819,-0.11584427328655236,0.06673083915778662,0.42903821778723844,0.5014550788409862
-0.5954137748895321,1.148382666632493,0.8123563423582115,1.1233068756651297,-0.010833507594516798,-0.10249086271912362
-0.9621859179998531,3.1749332457404975,3.0416505215813543,2.4187372125489346,0.3329162076360649,1.8010175511562654
1.0383894080564435,-1.0626938558437988,-1.2838703736346808,-1.496578681853243,-0.96788329143657,-0.7886006325533611
-0.1857721605065761,-0.56233965282819,-0.3947486022165572,0.010983048946794886,-2.164551944321342,-0.0391967720362751
0.4953761052697344,-0.20733269611345734,-0.29220059914697943,-0.03190279455322656,0.37030108791939076,-0.4111482250557051
0.9907566621979602,-0.56233965282819,-0.6045510455510026,-0.45477084426498326,0.06340800044125627,-0.4456343628077763
0.07620794171508179,-1.0626938558437988,-1.0583897844153674,-0.4464639178661017,-1.7476702981701815,-0.3507976681117935
1.4527942970252479,-1.0626938558437988,-1.59149010632845,-1.3016812162180795,-1.9297763763932627,-1.3858885470490139
-0.7811814837376168,1.4237474552251266,1.6458954790749782,1.0570695472527891,-0.28542642807626484,1.1719881349751067
-0.8621571516970383,-0.20733269611345734,0.22799226687035595,0.2531942202760789,0.9298611428523024,0.5964278757340575
-0.41917261521314403,-0.20733269611345734,-0.2129985744973457,-0.27941193274460224,-0.25866685557346636,-0.25786104370177193
-0.36677659476881247,0.7933757099177606,1.210449014165307,1.0191753093844647,1.7101200165215855,1.1174459144002569
1.6099823583582427,-1.0626938558437988,-1.473385799490463,-1.7340992146067868,-1.033205652306678,-1.156572064304262
-0.9431328196564598,2.0037438263628347,1.2123795898379535,0.7462636144064261,0.744681261211917,-0.36692247551919444
-0.7954713074951617,-0.56233965282819,-0.6012819496813933,-0.6110756193305663,0.06340800044125627,-0.439303472786502
-0.9621859179998531,-0.20733269611345734,0.11892502417363213,0.2860515522836889,0.49436057865734623,0.38503845614656906
0.6192212445017908,1.338608506062076,1.1383012080462622,0.907319441795084,1.0600337246646783,0.2930294810983395
0.9955199367838086,-1.0626938558437988,-0.33435276106680206,-0.06831806007740142,-0.46753250629934595,1.0550242533447565
-0.19053543509242443,-0.20733269611345734,-0.7404087784163759,-0.7055581537508618,-1.3641032303859306,-1.2773300074377778
-0.08574339420376127,1.0410084257512708,1.5905171130247997,1.436361506611307,0.14761602027680515,1.5394952973739349
-0.8907367992121282,0.2930215069021515,0.2379035521272877,0.17680077801389027,0.2525798703570481,-0.10406283029469068
-0.9097898975555215,0.2930215069021515,0.3542342306818466,0.16810988840398797,0.40604813855664385,0.12112515147983156
-0.9526593688281565,1.5782019406724268,1.1440614473150206,1.1230462887064159,1.0908333739457432,0.011697015353020396
0.9621770146828703,-0.56233965282819,-0.3248992570895228,-0.29676613865401374,-1.1042151012961297,0.09617257607747039
-0.7573651108083751,0.4832473463317343,0.6862004900823953,1.7194855380020302,-1.4730773776884334,0.5071629206977499
-0.5906505003036837,-1.0626938558437988,-0.39612071314839525,-0.9419195391891159,-0.8510995740835968,0.9350928986217846
-0.8240509550102517,1.951224185270838,2.1708883524516485,1.944327447095566,1.6590214490389197,1.5520140037610535
1.6480885550450293,-1.0626938558437988,-1.2151489654256056,-1.2090418326132162,-0.7489547038097792,-0.6551681435808019
-0.7668916599800718,-0.20733269611345734,-0.1946755361611833,0.06545633165966944,-0.030499371057727126,-0.22239128609325612
-0.9145531721413699,1.7154571887753904,1.4153159219522362,1.2039385837249716,1.2789623122914688,0.37079943694825435
-0.7287854632932852,0.4832473463317343,0.06186759569750258,-0.0378353947209304,0.02713119071853385,-0.7008217253268574
0.8716747975517521,-0.20733269611345734,0.13840510067631134,0.3563974509802036,0.08095908209781587,0.4227896615110675
-0.8907367992121282,1.148382666632493,1.0273190772782161,1.340000928854186,1.02802594216148,0.3135442286687244
-0.7478385616366785,-0.20733269611345734,0.17817250075143062,0.34223705577973634,-0.050650860148185636,0.49986231849823826
-0.8764469754545833,-0.56233965282819,-0.10391068078747927,-0.09862908693972233,0.008369586453112622,0.5245951719182261
-0.9288429958989148,1.338608506062076,1.616592700149634,1.5947218473395224,1.441636666729465,1.2197548396497446
-0.6239934224046221,-1.0626938558437988,-1.567501176262808,-1.7340992146067868,-2.164551944321342,-1.3393105922331143
-0.9621859179998531,2.8065853450011797,2.6064197622365453,2.3989305819078957,1.8741005302709846,1.3864333039319627
-0.3572500455971158,0.2930215069021515,0.31871838576837225,0.6663926102361272,0.525160227938412,0.0523636443227964
-0.8097611312527068,0.06803209247917626,-0.24810612984925273,-0.02456060369978409,-0.25866685557346636,-0.730179039039971
0.5239557527848244,-1.0626938558437988,-0.5635347838337182,-0.31911487911259284,-0.010833507594516798,0.6100344237923844
-0.8812102500404316,0.9233932522095181,0.4947132875184761,0.5043357649658928,1.3180173165015092,-0.43435424699948455
-0.5477810290310489,-0.56233965282819,-0.3122700472623507,-0.29020519923351995,0.5351737749496048,0.12065075569900466
-0.9574226434140048,0.6480284636168839,0.7253359675190537,0.8493759586056776,0.7052487678224237,0.36569675405564606
0.9907566621979602,-1.0626938558437988,-0.7061924004401856,-0.5868573153390715,-0.7984300843785986,0.33304416194003356
-0.9574226434140048,0.2930215069021515,-0.359544079448281,-0.6472763774556309,-1.2679812202347571,-1.2582088681644235
1.5575863379139112,-1.0626938558437988,-0.6267349863366105,-0.33989080910895314,0.17900811520458537,0.48732214906898846
0.24292255221977319,0.2930215069021515,0.35290098096346,0.10507723259418585,0.13145521807489544,0.11854370136847434
2.1577589357308002,-1.0626938558437988,-0.7185851369581818,-0.1619357934632743,-1.2679812202347571,0.3089818832139262
-0.2191150826075144,0.06803209247917626,-0.7234134955639279,-0.34223977085484736,-1.7476702981701815,-1.646836326269173
2.519767804255273,-1.0626938558437988,-0.7945808640207075,-0.43554678870424046,-0.5385419552887978,0.16142525890288723
-0.7907080329093135,1.5033896233472255,1.2099797464169673,1.2592802100423357,1.2166347945713203,0.23017010205076097
-0.12384959089054788,-0.56233965282819,-1.4363290598699963,-0.5767417289709887,-1.4730773776884334,-2.0527969313528747
-0.7764182091517684,-0.56233965282819,-0.3494512578900602,-0.04231978853236449,-0.18328155780244723,0.04858758532222731
1.4003982765809164,2.833124546422069,2.04362161014477,2.1268249447005374,2.117512092464471,0.26501125127268377
-0.9574226434140048,1.338608506062076,1.2480108974705229,1.1042790107679437,1.5744312221982542,0.5054815101488592
-0.9288429958989148,2.9578797127079253,4.099773542141568,3.4483086793799096,1.0003590945874612,4.107397062588488
-0.9621859179998531,0.6480284636168839,0.49151246779503915,0.6219986676933204,0.5548396384128148,-0.0869565522435942
-0.8812102500404316,-0.56233965282819,-0.4269805825304936,-0.5099338225192531,-0.6163240061555176,-0.10165452644657581
-0.052400472102823,1.0410084257512708,0.41424089381518253,0.286966920076608,0.688926346877039,-0.7378561757803271
0.004758822927356909,-1.0626938558437988,-1.3745324514992308,-1.3016812162180795,-1.2679812202347571,-0.9646340844303458
0.7716460312489373,-0.56233965282819,0.07843945633323803,0.04866186341788205,0.28024671793106676,0.8782426393426672
-0.3620133201829641,1.4237474552251266,1.3983148342726748,1.1588180282280283,-0.25866685557346636,0.6921581000057424
-0.8955000737979766,-0.56233965282819,-0.3656648859125989,-0.34223977085484736,0.5351737749496048,0.017165064999605077
-0.7621283853942235,-0.56233965282819,-0.20865079932190767,0.08556140475760443,0.6020258341916891,0.3215145070339969
-0.5192013815159588,1.5782019406724268,0.6559682039138207,0.4677071663810269,0.6466322281051479,-0.9312335848446522
-0.85739387711119,-0.20733269611345734,-0.1266219705909071,0.32518285962050675,0.7369457166358959,-0.09063040689128561
-0.681152717434802,-0.56233965282819,-0.18859362363685986,-0.48614808104020374,-0.4022101454292381,0.360400132325534
-0.8907367992121282,0.6480284636168839,0.773213221844983,0.7598915790420296,1.3944114523355609,0.4584305690212671
-0.21435180802166606,-0.20733269611345734,0.02556202834613165,0.16810988840398797,-0.13663492822009354,0.2041346977090551
1.062205780985685,0.6480284636168839,0.7753712936777465,0.7585412643559875,0.7291361465854255,0.4626109008721805
-0.9193164467272182,-0.56233965282819,-0.09998542214578443,-0.28803250574176553,-0.010833507594516798,0.5322066397091427
0.914544268824387,-1.0626938558437988,-1.5547420253971713,-2.0742733041046493,-1.7476702981701815,-1.3145368673990903
-0.9193164467272182,-0.20733269611345734,-1.091353279202585,-0.6253206537153407,-1.2679812202347571,-1.9532618978083691
-0.8907367992121282,1.6487368696481015,1.2748831013855073,1.0544744499307777,1.110739088650213,0.17947207770253903
-0.7526018362225269,1.148382666632493,0.7989327319348031,1.1676514218312133,0.789615206340894,-0.12845681195274272
1.2956062356922533,-1.0626938558437988,-0.727754982973909,-0.7474543552727965,-0.6163240061555176,0.29117730951178267
-0.05716374668867132,0.06803209247917626,0.037653335000274235,0.10266880333428004,1.1947542924559202,-0.17753486758793394
0.9812301130262636,-0.56233965282819,-0.2665134785532005,-0.3710932354756463,-0.18328155780244723,0.20934315113556512
1.891015558923294,-1.0626938558437988,0.12983550526596704,-0.5700823738310379,-1.4730773776884334,1.9563124740430515
-0.5906505003036837,-1.0626938558437988,-1.092953727612643,-0.6472763774556309,-0.8510995740835968,-0.41790853050110055
0.9193075434102354,-0.56233965282819,-0.42230889924875864,-0.49496847441957964,-0.28542642807626484,-0.09260228295715894
1.9529381285393221,-0.56233965282819,0.19446615678844217,-0.49201534335162384,0.04547115000298754,1.103312108267471
0.9764668384404153,-0.56233965282819,0.271876121026518,0.059046946624102696,-0.030499371057727126,1.2534902828733991
2.0482036202562885,-1.0626938558437988,-0.5892638607630841,-0.38099572224762923,-0.6581841478671907,0.5600777237898608
-0.5954137748895321,-0.56233965282819,0.0053152926134284,0.13791141625578585,0.14761602027680515,0.7364143451418065
-0.9478960942423081,0.06803209247917626,0.2619737614312756,0.5384275044001178,0.40604813855664385,0.25680103883632016
1.352765530722433,-0.56233965282819,-0.08830694320414348,-0.4492213957791754,0.14761602027680515,0.5548526905591332
-0.6573363445055603,0.06803209247917626,-0.2850298412325788,-0.3834945242958852,-0.46753250629934595,-0.8015196570953969
1.7766969688629342,-0.56233965282819,-1.0384126869229038,-0.22004247478227895,-0.8510995740835968,-1.2850363409755938
0.27626547432071147,-1.0626938558437988,-0.5752053640384495,-0.6005883165339115,-0.4342179279324365,0.5873743153188576
2.5007147059118795,-1.0626938558437988,-1.2313250746628306,-1.6793344007676652,-1.2679812202347571,-0.6865763840936889
2.0863098169430754,-1.0626938558437988,-0.6949986192458484,-0.825349299708357,-0.6581841478671907,0.35477849662116423
-0.6859159920206502,-0.56233965282819,-0.6131932922276211,-0.06520623215091452,-0.3130932756502835,-0.4623704709831608
-0.9621859179998531,0.9233932522095181,0.8325098329828672,0.7824376608802501,0.6466322281051479,0.21910879235943068
-0.9621859179998531,1.6487368696481015,1.3568865892596556,1.3060313295280428,0.744681261211917,0.33821818248849594
0.21434290470468323,-0.20733269611345734,0.18042449616748776,-0.03190279455322656,-0.20764437720954537,0.5042271086274764
0.8669115229659038,-1.0626938558437988,-1.5667150017368165,-1.342674461717608,-1.2679812202347571,-1.3377841214214174
1.424214649510158,-1.0626938558437988,-2.006483952428304,-1.9069154958023462,-1.9297763763932627,-2.191658731864379
-0.9288429958989148,-0.20733269611345734,-0.059742783869678476,-0.16734256171234138,-0.07131256734998571,0.03888924706673214
0.7430663837338474,0.06803209247917626,0.34783181009909825,0.23761620081144885,0.2092372689416153,0.42313220095487963
0.8907278958951454,-0.56233965282819,-0.8098253861317827,-1.375165294010686,-1.3641032303859306,-0.8430027762197427
-0.6049403240612288,-1.0626938558437988,-0.8488083433219169,-0.12019283782039468,-0.7023080742274255,0.056134815612570874
0.4144004373103129,-0.56233965282819,0.3100555690549159,0.5539221532587079,0.37030108791939076,1.3275645139061927
-0.88597352462628,-0.20733269611345734,0.19045077264435095,-2.176926860848968,-1.9297763763932627,0.5236602059774487
0.08573449088677844,-0.56233965282819,-0.8064239836056433,-0.7178525946022402,-0.6581841478671907,-0.8364212439126585
-0.9240797213130665,0.06803209247917626,-0.17430864780376965,-0.15125219590779318,-0.4022101454292381,-0.5875432059763063
-0.9526593688281565,-0.56233965282819,-0.3264316721233937,0.019238484809509904,-0.11427479409411481,0.09320247064823212
0.01428537209905356,1.7154571887753904,1.7338835509975405,1.6239775050641556,1.4284202832688049,0.9879575187740922
-0.20006198426412108,0.2930215069021515,0.7439956156512284,0.6432274931864311,0.5548396384128148,0.8762632790282373
-0.6049403240612288,-1.0626938558437988,-0.7730163653545075,-0.8109242599259479,-0.8510995740835968,0.20329583177768037
0.28102874890655977,-0.56233965282819,-0.2682156410031532,-0.18197897428322476,0.515022285859146,0.20604359140360712
-0.6906792666064986,0.7933757099177606,1.4102358600786973,1.335090475782918,0.47316214414747326,1.5048479476116392
-0.8478673279394934,-0.56233965282819,-0.38656980822283105,-0.07458568248028918,-0.3130932756502835,-0.02334738367196206
-0.9526593688281565,3.154867351539688,3.8434517790267955,3.670638828959262,2.234677518824641,3.3801960758791956
-0.8288142295961001,1.7154571887753904,1.3325589200413426,1.6256950851436114,0.7212511205834883,0.21058558842256112
-0.6239934224046221,-0.20733269611345734,0.20362461880799784,-0.04683458524582811,-0.6581841478671907,0.5491946879231001
-0.3572500455971158,-0.56233965282819,-0.37613973488602986,-0.337550103836139,0.4402948630471784,-0.003134823071763391
-0.8192876804244034,0.9233932522095181,0.4394459528935576,0.07306704266372374,0.6290811464485883,-0.5411506304185497
-0.8955000737979766,0.4832473463317343,0.057216164508346386,0.06673083915778662,1.0334485125604722,-0.7098059382452194
0.5049026544414311,-1.0626938558437988,-1.2617369508690988,-1.015307112385583,-1.033205652306678,-0.7456254117879705
1.062205780985685,-0.56233965282819,-0.7104320922041077,-0.3785062615372402,0.42903821778723844,-0.6506402029435533
-0.88597352462628,1.5033896233472255,1.233823061308136,1.279366331092016,0.989024275675226,0.2763277569853413
-0.7097323649498919,-1.0626938558437988,-0.3424008545738266,-0.17097161682172055,-0.25866685557346636,1.0393977233286797
-0.8240509550102517,0.2930215069021515,0.27487596004121306,0.3555727698042264,0.3580287687977862,-0.032505149776936096
-0.9574226434140048,0.2930215069021515,0.14612140690512548,0.5212781455849669,0.28024671793106676,-0.28164832693139674
-0.9145531721413699,0.06803209247917626,-0.2137108877292243,0.4079227813024073,-0.4022101454292381,-0.6637080887194344
0.752592932905544,-0.20733269611345734,-0.35266522251515514,-0.17645255281948025,-0.09251100185985872,-0.5281333163477506
0.7478296583196956,-0.20733269611345734,0.20556777370168208,-0.22200397830500243,-0.6163240061555176,0.5529611160705385
-0.9431328196564598,1.2471573932472422,1.0939175814161093,0.7425818913338366,0.3823915882048847,0.3198842387457488
-0.7097323649498919,0.06803209247917626,0.05094959664163367,0.02196770979561213,0.06340800044125627,-0.15180111601077653
-0.9621859179998531,0.7933757099177606,1.0341178941619003,1.0047013484737137,1.1947542924559202,0.775659124125029
1.938648304781777,-0.56233965282819,0.253032376488368,0.34223705577973634,0.504756819153868,1.216931520339566
-0.9621859179998531,1.2471573932472422,0.8433266695089425,0.8679828956693805,1.7424905880249835,-0.16505803789683332
-0.06192702127451965,-0.20733269611345734,0.2684505738342352,-0.00018584958082413873,0.2092372689416153,0.674856268110017
0.8716747975517521,-1.0626938558437988,-1.8792268479531955,-1.8149170458027784,-1.7476702981701815,-1.9445707772943162
1.10507525225832,-1.0626938558437988,-2.3282665496216386,-1.9581661591936625,-2.495449522400594,-2.8164458829212027
-0.7097323649498919,0.2930215069021515,0.4689479505739792,0.39870561042711977,0.48383018942336337,0.3432819373401473
0.36676769145182964,-1.0626938558437988,-1.2141800524800752,-0.825349299708357,-0.9074042316811012,-0.6532868598689411
-0.12384959089054788,-0.20733269611345734,-0.6363225433001067,-0.5667775037006352,-0.7489547038097792,-1.076412442103944
-0.8240509550102517,-0.56233965282819,0.009785211527928757,0.2608486719589562,0.4623527961541478,0.7450835497510976
-0.843104053353645,-1.0626938558437988,-1.5847224256052874,-0.835142563917442,-1.1819971521628492,-1.3727481224419416
1.9767545014685637,0.06803209247917626,0.2148604734938002,0.2693560547734644,0.9298611428523024,0.16554888115847796
-0.8478673279394934,0.4832473463317343,0.4340188688462313,0.14587309905260742,-0.010833507594516798,0.018812650811972125
1.4623208461969446,-1.0626938558437988,-1.4425663716922539,-1.5667414063044838,-0.2327569383712667,-1.0967317166310304
0.3191349455933464,-0.20733269611345734,-0.6856759516036535,-0.2521416987344658,0.2525798703570481,-1.1717001724507945
1.6528518296308776,-1.0626938558437988,-1.4414228656659522,-1.342674461717608,-0.9074042316811012,-1.0945114353646694
0.8907278958951454,-0.20733269611345734,0.05515638692133391,-0.09375045732131596,0.525160227938412,0.2614726542513323
-0.7621283853942235,0.4832473463317343,0.3462700965913898,0.24447646715037394,1.282952999180018,-0.15099726199023056
0.8240420516932688,-0.56233965282819,-0.13453904984306234,-0.497934759789593,-0.5022651455660757,0.46520558580102966
0.14765706050280666,0.06803209247917626,-0.1311411478885149,0.030088907573990888,-0.5022651455660757,-0.5040795859118915
-0.8526306025253416,-0.56233965282819,-1.286004591542946,-0.5377493261529606,-1.5988787983140098,-1.7630677484780233
-0.02858409917358137,0.9233932522095181,0.7649519595431366,0.4773986258944051,1.448165452289874,0.08833390320355296
0.7430663837338474,-1.0626938558437988,-0.8020632670821389,-0.7968050745379561,-0.050650860148185636,0.14689709817391577
-0.681152717434802,1.2471573932472422,0.8420430574020117,0.9437794501529164,0.504756819153868,-0.16754056829877945
-0.34772349642541917,0.06803209247917626,1.059561360312877,1.0498358245441033,-2.164551944321342,1.803189238321742
-0.9621859179998531,0.2930215069021515,0.5831471154512774,0.8763403694350111,0.26653053216275097,0.5645255284515952
-0.8716837008687349,0.2930215069021515,0.12895975745472746,0.2978543009654979,1.3442846731615765,-0.3148447625708364
0.01428537209905356,-0.56233965282819,-0.7766990870541427,-0.6253206537153407,-0.9074042316811012,-0.778900705977636
-0.9002633483838249,0.06803209247917626,-0.3052912241763949,-0.27941193274460224,-0.3130932756502835,-0.8406591632069961
0.9050177196526904,-1.0626938558437988,-0.8844362994556169,-1.4331087772000919,-0.3130932756502835,-0.013041980786327017
1.4766106699544896,-1.0626938558437988,-1.2001443083403978,-0.3710932354756463,-0.96788329143657,-0.6260344457530754
-0.5144381069301106,0.7933757099177606,0.5617240844878095,0.8067646260393999,-0.09251100185985872,-0.13907813142303438
-0.8764469754545833,0.06803209247917626,-0.15977106840597943,-0.14247828816345753,1.100846920956937,-0.5594373762133987
-0.9002633483838249,0.6480284636168839,0.1803985762171518,0.36458857472640227,0.11496791303105958,-0.6884149232629806
1.7862235180346306,-0.56233965282819,-0.5834671866957422,-0.4064159827665343,-0.34173108567376953,-0.40480233685306544
-0.8526306025253416,-0.20733269611345734,-0.4775172008052544,-0.7784334276328698,-0.07131256734998571,-0.7695761395013511
1.8290929893072656,-1.0626938558437988,-1.373819650367718,-1.291815406667183,-0.25866685557346636,-0.9632500786074317
-0.9288429958989148,-0.56233965282819,-0.005027417387582837,0.03411266582512045,0.804059722226726,0.7163553605207804
-0.9336062704847632,0.9233932522095181,1.2435013459906885,1.2094554668995654,0.904940310539697,1.0153390274204632
2.0482036202562885,-1.0626938558437988,-0.6174271576278686,-0.35891867400613964,0.3070062904338656,0.5053946359970671
0.6144579699159426,-1.0626938558437988,-0.6787034697670553,-0.7220017043764688,-0.28542642807626484,0.386417870868564
0.8526216992083588,-1.0626938558437988,-1.573244494457195,-3.640124545623051,-2.495449522400594,-1.3504620697946186
-0.7287854632932852,0.2930215069021515,0.45222614605124845,0.4930203408993193,1.5688415164928424,0.3108926360489587
-0.6287566969904703,1.0410084257512708,-0.21430130018242763,-0.2439706764104422,-0.8510995740835968,-1.9471084723424643
-0.8288142295961001,-0.20733269611345734,-0.6055995013598936,-0.2837082699985413,-0.4342179279324365,-1.0170768799003322
0.1905265317754416,-1.0626938558437988,-1.1261924572590944,-1.2004490686889695,-1.2679812202347571,-0.4824463003546921
2.2101549561751317,-1.0626938558437988,-1.182739962621092,-1.244566519650268,-1.5988787983140098,-0.5922414076185747
-0.9288429958989148,2.694323868808026,1.6716053499133625,1.5122955089044228,1.8643965652519376,-0.29256614729414565
2.1053629152864684,-0.56233965282819,-0.6690445218586341,-0.6435664516236445,-0.5765066536018487,-0.5705160151588408
0.07144466712923346,0.6480284636168839,0.1300646937979923,0.0755847392902696,0.2525798703570481,-0.7856079123212182
-0.9431328196564598,0.06803209247917626,-0.10957308846112257,-0.15302093523311297,0.6111442960103195,-0.4623704709831608
0.23815927763392486,0.2930215069021515,-0.35013589308063775,-0.497934759789593,0.504756819153868,-1.2400762063051494
-0.9621859179998531,2.7517307452119533,2.1978493569029136,1.99897235637034,1.8036170844209216,0.6587215842125004
0.15718360967450332,0.2930215069021515,0.3651602071030737,0.16261991531136938,0.6379038685131184,0.1422806213876816
1.700484575489361,-1.0626938558437988,-1.3515834888094134,-1.4211097144704317,-1.3641032303859306,-0.920075375712902
-0.9336062704847632,0.4832473463317343,1.3111627082535087,1.0991657630455187,0.5740427324604442,1.7188102907798917
-0.447752262728234,0.6480284636168839,0.6238234029371589,1.1114783237453876,1.5827446439278807,0.16912844627763818
1.981517776054412,-1.0626938558437988,-1.201094706654278,-1.2820936286869784,-1.2679812202347571,-0.6278797806471242
2.024387247327047,-1.0626938558437988,-1.1619224221047006,-1.291815406667183,0.008369586453112622,-0.5518211613259153
-0.49062173400086895,0.6480284636168839,0.880883201525468,0.7128542578787644,-0.13663492822009354,0.6670285897738576
-0.681152717434802,1.7154571887753904,2.0084157572656265,1.9393734388188302,2.1620880231799373,1.5202070718543126
-0.9574226434140048,-0.20733269611345734,0.3756768884537346,0.3686466614130565,1.0958555057486208,0.8827466267733225
-0.6192301478187737,0.7933757099177606,0.7146829941296324,0.5174064488389101,0.6466322281051479,0.15692832626897596
2.553110726356211,-1.0626938558437988,-1.2887299497927946,-1.662036546029389,-0.9074042316811012,-0.7980361979619756
-0.9478960942423081,1.148382666632493,1.6179025923308195,1.64513526975883,1.6257068706720101,1.458066937189638
-0.5620708527885938,0.06803209247917626,0.7624045006613327,0.7075248517629802,0.4176241318318146,1.2267846519693308
-0.9097898975555215,-0.56233965282819,-0.594073600836452,-0.4832337220583408,0.394305578520509,-0.4253436143502448
-0.85739387711119,1.338608506062076,1.1893961787639198,1.7952547211977674,1.5226896391793603,0.3919639459088005
0.05239156878584016,0.2930215069021515,1.0045618958748916,1.0282521872750252,0.7749104149489473,1.38149293397652
0.8478584246225105,-1.0626938558437988,-0.5516054008460057,-0.875822688468686,-1.1042151012961297,0.6331970350577802
1.3051327848639498,-1.0626938558437988,-2.041968655811269,-2.44693822589559,-1.9297763763932627,-2.2605573824629963
-0.8812102500404316,-1.0626938558437988,-1.2262956473304296,-0.7875558985699295,-0.9074042316811012,-0.676811028223402
0.1714734334320483,-0.56233965282819,-0.5461350296842495,-0.3123311535789865,0.40604813855664385,-0.3324957643381851
-0.9574226434140048,1.4237474552251266,1.548309287905312,1.6782151800393168,1.9264081960540693,0.9828234109741701
-0.5954137748895321,0.06803209247917626,0.5192845921629138,0.2001319209842903,0.7369457166358959,0.7554042755802067
0.06668139254338513,0.4832473463317343,0.05327598485473394,0.17463866584024398,0.989024275675226,-0.7174161374401612
1.8433828130648107,-1.0626938558437988,-1.2304244103906745,-1.2537519061681288,-0.9074042316811012,-0.6848276149881898
2.5435841771845142,-1.0626938558437988,-1.671068299732447,-1.5970161634592985,-1.4730773776884334,-1.5404010445451404
0.8240420516932688,-1.0626938558437988,-0.7008239905940989,-0.3735550865770224,-0.5022651455660757,0.34346770107079233
-0.8097611312527068,0.06803209247917626,-0.4249832659785882,0.07432708081543056,0.9420418740895723,-1.0717513146885307
-0.7716549345659202,1.148382666632493,0.5586858582108948,0.684260718391705,1.6412519852985017,-0.5928367606307839
1.6052190837723943,0.2930215069021515,0.3971221088390933,0.42375208261948927,0.8111872246716694,0.2041719690865651
-0.9336062704847632,2.2372732423661383,1.639630732059466,1.6142015295951322,2.311557060511729,0.18248685882939666
-0.7144956395357402,1.7154571887753904,1.322781753719064,1.3367943486898555,1.3180173165015092,0.19166103946016802
-0.85739387711119,1.4237474552251266,1.1979484898923016,1.106152985774045,1.310354407219249,0.30408825184250404
-0.6954425411923469,-1.0626938558437988,-0.5947686780312065,-0.46318270303354536,0.6806410590383919,0.5493893300481317
-0.34772349642541917,0.4832473463317343,-0.14060689597753206,-0.14772874872236202,0.09814063970798567,-1.091595316217616
-0.13813941464809285,0.06803209247917626,-0.12802625267349324,-0.32826869973257417,-2.495449522400594,-0.49805619380356025
1.6957213009035126,-1.0626938558437988,-0.5968955992732207,-0.4248057499683392,-0.6581841478671907,0.5452596068284454
-0.9383695450706115,1.148382666632493,1.1053556872885002,0.889423893705245,1.2749520150692093,0.4646649892665403
0.5191924781989761,-1.0626938558437988,-1.0220049084026137,-0.8863932273087582,0.42903821778723844,-0.2801512030019799
-0.681152717434802,-1.0626938558437988,-1.721056964869819,-1.3641579365491812,-1.7476702981701815,-1.637461221039232
-0.8669204262828867,0.4832473463317343,0.9369826224859779,0.5684653328374198,0.3070062904338656,0.9931790517799922
1.8814890097515973,-0.56233965282819,0.1854548958584999,-0.1459739915423413,-0.6163240061555176,1.0858308086711657
-0.8097611312527068,0.6480284636168839,0.7228641814045337,0.3497712275084353,0.9174958480720942,0.36090954161494215
-0.8955000737979766,0.06803209247917626,0.42390028945869557,0.4704905767634228,0.6290811464485883,0.5705331148703454
-0.8812102500404316,0.7933757099177606,1.3975957370159247,1.3337622206762347,1.8874951026981892,1.4803337806539656
1.9053053826808388,-1.0626938558437988,-0.8990477437748946,-0.5634889539830537,-0.6581841478671907,-0.0414121995262236
1.3146593340356465,-1.0626938558437988,-0.7871745875204519,0.23860057640014626,-1.1042151012961297,0.17580560897431624
-0.5811239511319871,-1.0626938558437988,-1.7731188783076441,-1.1835891817168884,-1.5988787983140098,-1.738546907024426
-0.9383695450706115,1.0410084257512708,0.7499585979300417,0.9271994244854355,0.9112422248085066,-0.0890319527892524
-0.15719251299148615,-0.56233965282819,-0.40221199840024313,-0.7261768275480125,-0.4342179279324365,-0.05365951281438493
-0.9574226434140048,0.6480284636168839,0.09533469022084803,0.14925632376143316,0.37030108791939076,-0.8526482074331065
-0.8192876804244034,0.6480284636168839,0.6212392337806375,0.4282064802612597,0.5644976664279658,0.16412546785333812
-0.7954713074951617,0.9233932522095181,0.7206524286893647,0.38146881377025965,1.3026188626432278,0.002601997810312089
1.0526792318139886,-0.20733269611345734,0.2677382374150727,0.32518285962050675,0.2937361794744193,0.673475344081937
-0.8764469754545833,-1.0626938558437988,-0.8141059623065507,-0.6325590941621396,-0.5765066536018487,0.12351447491854681
-0.8192876804244034,-0.56233965282819,-0.34206871580839965,-0.3469626982011813,-0.13663492822009354,0.06289561210271737
2.114889464458165,-0.56233965282819,-0.02827599605604707,-0.059025863293461676,-2.164551944321342,0.6712675192975222
0.34771459310843633,0.4832473463317343,-0.25679663162508753,0.13216565184006762,0.28024671793106676,-1.315514973206949
-0.5525443036168971,0.4832473463317343,0.935564796188176,0.848982731570635,0.11496791303105958,0.9904304694542195
-0.3953562422839024,0.2930215069021515,0.5338287252482244,0.7576395310232209,0.6020258341916891,0.4689692339502436
0.8097522279357239,-0.56233965282819,-0.5007792384017111,-0.4890752504323799,-0.25866685557346636,-0.24463668224382687
-0.9621859179998531,1.8389627090776848,1.4036209517637805,1.3268890292943387,1.0857801451534175,0.19970171896185634
0.07620794171508179,1.2471573932472422,1.0864057947771333,0.6776798290022321,0.8792344423053089,0.30533983951101257
-0.6573363445055603,-0.20733269611345734,-0.7055137093650746,-1.1590736539023403,-0.96788329143657,-1.2099909286882244
-0.6763894428489536,0.2930215069021515,0.6753979069033791,0.4677071663810269,0.8111872246716694,0.7432998734656502
-0.30961729973863256,-0.20733269611345734,0.42864318014747277,0.2832978751780265,0.6020258341916891,0.9854534286536405
-0.8669204262828867,-1.0626938558437988,-1.2068233017513375,-0.7605550393694699,-1.2679812202347571,-0.6390026711995285
-0.9097898975555215,1.5782019406724268,1.3632759759942652,1.4358728701962098,1.2587108055720466,0.4360315534485575
-0.8478673279394934,1.2471573932472422,1.2479466075228454,1.1112130658392727,0.8390905869097138,0.618203122858704
-0.7907080329093135,0.06803209247917626,0.2336035358916825,0.7271758843579935,0.04547115000298754,0.20184995015130122
0.3524778676942847,-1.0626938558437988,-1.4566146065769823,-1.6126858267642297,-0.5022651455660757,-1.1240083833232726
-0.9145531721413699,0.9233932522095181,0.8899442007028927,0.6570131599067525,0.47316214414747326,0.3303149644070654
-0.6192301478187737,0.2930215069021515,0.4714981433934029,0.7224361492993758,0.3823915882048847,0.34822169090226285
1.0812588793290785,-1.0626938558437988,-1.4064927809485794,-1.3641579365491812,-1.3641032303859306,-1.0266896566013246
-0.843104053353645,-0.56233965282819,-0.28051201306522444,0.17680077801389027,-0.7023080742274255,0.18220804683916197
-0.88597352462628,1.4237474552251266,1.025744338337857,0.8721747433358151,1.0334485125604722,-0.029195516978743806
-0.2953274759810876,-0.56233965282819,-0.6827643980325632,-0.3986875018506874,0.47316214414747326,-0.5970784590898479
2.18633858324589,-0.56233965282819,-0.5464163675834448,-0.6253206537153407,-0.8510995740835968,-0.33304070601210306
-0.843104053353645,1.6487368696481015,1.2926156767516288,1.0524490259268722,1.0495033354306953,0.21379503650854206
-0.8764469754545833,0.06803209247917626,0.2082732693129331,0.5365436842909709,0.394305578520509,0.15279151860178958
1.381345178237523,-1.0626938558437988,-0.3210693685087372,0.2522311977445533,-0.6163240061555176,1.0808158687556308
-0.9478960942423081,0.2930215069021515,0.6178397482940278,0.7915039463006435,-0.25866685557346636,0.6317518324373615
-0.652573069919712,0.9233932522095181,1.096031750593846,1.0213043405431912,0.9775298061844006,0.7295293782567245
-0.9621859179998531,-0.56233965282819,-0.6711288806344405,-1.0761958899139523,-0.8510995740835968,-0.5745515423804531
-0.7621283853942235,1.0410084257512708,1.4172262102491227,1.3337622206762347,0.5740427324604442,1.2034641823341028
0.11907741298771672,-1.0626938558437988,-1.0519161401623023,-0.9654947432132038,-1.033205652306678,-0.3382281575630369
-0.8907367992121282,0.2930215069021515,0.603979402834846,0.49032971111979495,0.2092372689416153,0.6048929207832124
-0.7287854632932852,0.6480284636168839,1.3727983160580217,1.1742004125260213,1.1768174420176516,1.620737946029857
-0.9621859179998531,1.338608506062076,1.13602578966772,1.2904040970087187,1.2463142050457239,0.28862407219740355
-0.6144668732329254,-0.56233965282819,-0.3368013753390558,0.23465431321038643,-0.6163240061555176,0.07310435069788414
-0.9621859179998531,3.3421998126137114,2.7368677773989996,2.3522101550358108,1.7101200165215855,1.0158251776463183
-0.9478960942423081,1.0410084257512708,0.7479169276615881,0.8767177737888333,0.5740427324604442,-0.09298165807034928
-0.9574226434140048,3.0270955338045877,2.6850992918850993,2.523329864453462,1.7124752673410593,1.2816600264589426
0.2905552980782564,-0.56233965282819,-0.27523399626853867,-0.16553542365761845,-0.34173108567376953,0.19243898300001888
-0.7144956395357402,0.6480284636168839,1.0238387525283883,0.8733134098392265,0.4176241318318146,0.9440840691702718
-0.8526306025253416,-0.20733269611345734,-0.4111388140191735,-0.7388615913485498,-0.5765066536018487,-0.6412321429250947
1.876725735165749,0.2930215069021515,-0.13120079814639962,-0.03190279455322656,-0.96788329143657,-0.8176742790576301
-0.9193164467272182,1.148382666632493,1.1168388721317748,1.0477962212207699,0.5740427324604442,0.4869061125529991
0.8716747975517521,-0.20733269611345734,-0.04874978060491259,0.33461666788184785,-0.010833507594516798,0.06018141696901858
-0.7573651108083751,-1.0626938558437988,-0.9419376125239868,-0.7829790423098484,-0.7984300843785986,-0.12468904276969489
-0.88597352462628,1.2471573932472422,1.330843758483553,1.3278478918998817,0.8792344423053089,0.7788168752173845
-0.9336062704847632,0.9233932522095181,1.6360671280575514,1.348415149572085,1.5489704238464785,1.7765891770864866
1.0383894080564435,-1.0626938558437988,-0.5124684391498338,-0.5377493261529606,-0.37141049614817273,0.7091870699833787
0.9097809942385388,-1.0626938558437988,-0.7682302744449473,-0.9419195391891159,-0.6163240061555176,0.21258871501675275
0.8812013467234487,-0.56233965282819,-0.7381395189404716,-0.3011762869875189,-0.7023080742274255,-0.704272708699507
-0.8240509550102517,1.8389627090776848,1.508584467410076,1.2165144589328736,1.404763732917046,0.4029071680107808
0.738303109147999,0.06803209247917626,-0.23082507900693905,-0.26879081502445945,-0.09251100185985872,-0.6967841665907333
-0.3620133201829641,1.2471573932472422,0.8898023783702463,1.0642255366422952,0.6201619992829226,-0.07516179222801263
-0.3143805743244809,-1.0626938558437988,-1.070572330569603,-0.47456639843357457,-0.7489547038097792,-0.37445183204331917
-0.29056420139523925,-0.20733269611345734,0.480684502401641,0.7657115082121622,0.2092372689416153,1.0863758349587496
-0.3381969472537225,0.2930215069021515,0.5018526267018181,0.893483329722511,0.08095908209781587,0.4070218078279881
-0.7859447583234651,2.1939696657924173,1.5797991329256642,1.6794595921247797,1.2294869317226496,0.11792612157762956
0.15718360967450332,-1.0626938558437988,-0.6897332440945427,-1.0761958899139523,-0.6163240061555176,0.36500197908641724
0.27626547432071147,-1.0626938558437988,-1.2570070206054842,-1.0761958899139523,-1.2679812202347571,-0.7364415725130157
1.3051327848639498,-0.56233965282819,-0.4969899073337735,-0.5440915642296101,-0.7023080742274255,-0.23729576558876164
-0.88597352462628,1.4237474552251266,1.4782971031292076,1.3268890292943387,1.4769153708158385,0.8471364177602502
0.23815927763392486,-1.0626938558437988,-0.5376234169457865,-0.9715212998596722,-0.4342179279324365,0.6603450659436509
-0.8240509550102517,0.4832473463317343,0.9298240518355098,1.0093549660453947,0.8526924658156667,0.9793016125076245
-0.8002345820810101,0.06803209247917626,0.16232997791936807,0.42672498918417207,0.3329162076360649,0.06382205464137905
-0.16195578757733448,-0.56233965282819,0.007750857886958489,-0.2122537314380398,-0.34173108567376953,0.7411380058700594
-0.9526593688281565,1.148382666632493,0.6305547925782911,0.6741091503964621,0.4623527961541478,-0.45399282700722143
-0.9478960942423081,2.358750783077567,2.2863595767954594,1.8684027274664994,1.84663324104067,1.2918606077762926
-0.08574339420376127,0.7933757099177606,-0.26376487124649456,0.09660934419690845,-1.1819971521628492,-1.7309705710375118
-0.0714535704462163,0.06803209247917626,0.006920719064650303,-0.13209994879083617,0.2525798703570481,-0.237009286018302
-0.15719251299148615,0.2930215069021515,-0.1936457107162133,-0.3123311535789865,-0.09251100185985872,-0.9382323716340235
1.0526792318139886,-1.0626938558437988,-0.794209991054322,-0.7261768275480125,-0.5765066536018487,0.1621453620597796
-0.9145531721413699,-0.56233965282819,-0.5970652675655879,-0.43284524356104437,-0.5022651455660757,-0.43113739009108565
-0.7526018362225269,-1.0626938558437988,-0.37487420984665565,-0.5221530637810872,-0.28542642807626484,0.9763460378020792
0.8526216992083588,0.06803209247917626,0.22787692791659983,0.4916763849144105,0.2239420603335628,0.19075855854181142
0.5620619494716109,0.2930215069021515,0.3464351883538262,0.16810988840398797,0.40604813855664385,0.10602476380852176
-0.009531000830188067,-0.56233965282819,-0.42269459010473964,0.13216565184006762,-2.495449522400594,-0.09334963423805978
-0.85739387711119,2.054119200532493,2.1121299557957682,1.9481133013199152,1.6837534581571358,1.3152615144429776
1.0383894080564435,-1.0626938558437988,-0.6126537472152829,-0.21032069680207424,-0.37141049614817273,0.5146628982291372
0.13813051133111,-0.56233965282819,-0.5016386975394529,-0.36133584531518775,-0.5022651455660757,-0.24630166538668094
-0.7859447583234651,1.5033896233472255,1.3229409314995404,1.099705852259629,0.789615206340894,0.4488867366691348
-0.843104053353645,1.0410084257512708,0.8100516120613518,0.8071835816773113,0.5351737749496048,0.027238396453922356
2.172048759488345,-1.0626938558437988,-0.761086006759838,-0.9837405411215069,-1.033205652306678,0.22646033732417312
-0.5096748323442623,0.2930215069021515,1.012069840330673,1.0849674563866998,1.100846920956937,1.3960540603982874
-0.3620133201829641,0.6480284636168839,0.9821438098666417,0.4377566599761337,-1.4730773776884334,0.8632668027509623
-0.6287566969904703,-0.20733269611345734,0.12004528539821817,-0.3011762869875189,-0.07131256734998571,0.3872094019361112
-0.8907367992121282,1.148382666632493,0.995099017062089,1.012131606473238,0.8182530163643801,0.25116173748412335
0.914544268824387,0.6480284636168839,0.16048088942167082,-0.04082163274976683,0.17900811520458537,-0.7268796966900576
-0.8955000737979766,-1.0626938558437988,0.13898152474825617,0.20738726084778314,0.37030108791939076,1.9740707851067674
-0.9478960942423081,0.2930215069021515,1.1472517239656776,1.0071873241633422,1.2504673633348702,1.6582572787365053
1.8719624605799006,-1.0626938558437988,-0.5025157301556977,-0.4301546137815194,-0.46753250629934595,0.7285116846517342
-0.9526593688281565,1.8389627090776848,1.5886739825529115,1.6090707838266902,1.167698980199021,0.5580117904877633
-0.5906505003036837,0.4832473463317343,0.48624847077452066,0.26841613935349573,0.5450659426428811,0.11991743510800676
0.8097522279357239,0.7933757099177606,0.6588118149035709,0.5365436842909709,0.6201619992829226,0.048782608357746476
-0.7811814837376168,-0.56233965282819,-0.17105639307885395,-0.012978921093154927,-0.18328155780244723,0.39440153923237936
-0.7097323649498919,0.4832473463317343,0.3628287292136195,0.29965168387714536,0.48383018942336337,-0.11895855888795759
-0.9574226434140048,2.149091072663711,2.1491863352291882,2.075789006935552,1.811987351053055,1.2741431888665282
-0.9240797213130665,-0.20733269611345734,-0.6116527947632847,-0.45477084426498326,-0.4342179279324365,-1.0287686855839604
-0.9240797213130665,-0.56233965282819,-1.1974725695977482,-0.9776028943147181,-1.2679812202347571,-1.5922434026231795
-0.8764469754545833,1.338608506062076,1.1377117096391711,1.1785308972088382,1.1491505944436329,0.2918881568664407
-0.9097898975555215,1.7154571887753904,1.5846169053071069,1.0633708670518303,0.23838657621939405,0.6987098959738259
0.8859646213092971,0.4832473463317343,-0.5222358022665939,-0.5009143171741254,-1.5988787983140098,-1.8259062741480452
0.9717035638545669,-0.56233965282819,-1.5653590605284444,-0.9419195391891159,-1.4730773776884334,-2.3010986640266125
-0.4286991643848407,1.148382666632493,0.63562781466147,0.2155834254127432,0.17900811520458537,-0.44418968194478436
1.1669978218743482,-1.0626938558437988,-0.9735291914405197,-1.0552749034716755,-1.9297763763932627,-0.1860286327935406
-0.9478960942423081,0.6480284636168839,0.8051866975075629,1.3921012948695008,0.8594093254817513,0.52036831236673
1.3098960594497981,-0.56233965282819,-0.27453152911983825,-0.7015099348130508,-0.34173108567376953,0.1938006584155971
0.17623670801789662,0.06803209247917626,0.02318542757296561,0.2503009646119862,-0.20764437720954537,-0.20553450688980815
-0.4286991643848407,-1.0626938558437988,-1.8155933291380395,-2.3936353884164303,-2.495449522400594,-1.8210171566851978
1.5432965141563662,-1.0626938558437988,-0.6497378719430644,-0.9595222371300127,-0.7023080742274255,0.4426587412604319
-0.11908631630469955,-0.20733269611345734,0.1152279306510445,-0.0378353947209304,0.17900811520458537,0.3778739323438183
-0.9431328196564598,0.9233932522095181,0.48686974386419485,1.3782107669121482,0.7132891662841367,-0.4495131357657329
1.0383894080564435,-1.0626938558437988,-1.2435485587335497,-0.7739186309194062,-0.2327569383712667,-0.7103100348726481
0.7430663837338474,-1.0626938558437988,-1.7281556247781495,-0.5971289323153811,-2.495449522400594,-1.6512442892944188
1.2432102152479216,0.06803209247917626,-0.6028196370358676,-0.8863932273087582,0.3329162076360649,-1.4146635660264362
-0.9621859179998531,1.338608506062076,1.1828462785639577,1.4800007658561805,1.2035770145204503,0.37928040589656287
0.8240420516932688,-0.20733269611345734,-0.1336407011419189,-0.11181624983198435,0.2092372689416153,-0.10422121196508147
-0.9621859179998531,3.0711725515213413,1.7012468372662635,1.5717384536969883,1.7492631899022508,-0.6736291565304978
-0.8764469754545833,1.2471573932472422,1.2622061205682313,1.2729461821892751,1.8365950598370877,0.6458282098509516
-0.88597352462628,0.2930215069021515,0.2656085649949152,0.4753337251252206,0.8111872246716694,-0.05044267439389892
-0.8621571516970383,0.4832473463317343,-0.11625324060354918,0.07809295304453445,0.26653053216275097,-1.0446287136059422
-0.8097611312527068,-1.0626938558437988,-0.14974847078924633,-0.1134831592492632,-0.6163240061555176,1.4134600096640544
1.2051040185611348,-1.0626938558437988,-1.385309080418426,-0.8602749791911071,-0.7489547038097792,-0.9855584580265202
0.2857920234924081,0.06803209247917626,-1.6806113953715407,-1.6126858267642297,-1.033205652306678,-3.4705408357436744
-0.7240221887074368,0.2930215069021515,0.3979059727120304,0.23663036796746204,0.8921885848117497,0.20568994228623178
-0.20958853343581774,0.06803209247917626,-0.3733612513407981,-0.5868573153390715,0.42903821778723844,-0.9721098080488243
0.8478584246225105,-0.56233965282819,-0.7792614843116995,-0.7388615913485498,-0.5385419552887978,-0.7838595016779831
-0.8955000737979766,-0.56233965282819,-0.5461877722588759,-0.5767417289709887,-0.13663492822009354,-0.3325979248997724
-0.9288429958989148,0.6480284636168839,0.9634515576862227,1.0645101829233954,0.9420418740895723,0.8270382645167966
-0.9050266229696732,1.6487368696481015,1.5178876800141663,1.2641479861054292,1.6739504112446675,0.6500334104261247
-0.019057550001884718,0.2930215069021515,0.1938111860211429,-0.17097161682172055,-0.18328155780244723,-0.18938508914676577
-0.6954425411923469,0.06803209247917626,-0.5927229175481024,-0.1565725701291281,0.3329162076360649,-1.395210631599305
-0.9145531721413699,-0.20733269611345734,-0.6444869109225798,-0.9477355583806234,0.6552682223705544,-1.0921780589383896
1.481373944540338,-0.56233965282819,-0.3054048863166804,-0.4116185870760772,0.11496791303105958,0.13395725622781526
-0.5049115577584139,0.9233932522095181,0.9592623545470199,0.8055061753382782,1.557545919661766,0.46456205096803704
0.2476858268056215,-1.0626938558437988,-1.9845983948719175,-1.244566519650268,-1.9297763763932627,-2.149164777019676
0.8764380721376005,-0.56233965282819,-0.7079248343467721,-0.36376182236793736,0.4623527961541478,-0.6457866652604846
-0.8478673279394934,-0.20733269611345734,-0.21950196818223147,0.039440133954368684,0.9832972778391466,-0.2704496697014211
2.18633858324589,-1.0626938558437988,-1.080650479392032,-0.5252432315743947,-1.1042151012961297,-0.39402000616340316
-0.8669204262828867,-0.20733269611345734,-0.21641064036517182,-0.11682954802229412,0.4513983519132168,-0.264465826117095
2.2101549561751317,-0.20733269611345734,-0.6736170694912993,-0.7346064333275023,0.48383018942336337,-1.148421192286928
-0.20958853343581774,-0.56233965282819,-1.1170073087656844,-1.7340992146067868,-0.96788329143657,-1.4368776338681406
0.8573849737942072,-0.56233965282819,-0.1850200999229095,0.08679804385856377,-0.28542642807626484,0.3673284286947913
-0.6239934224046221,-0.20733269611345734,-0.6125767019905604,-0.04986154484161282,0.6290811464485883,-1.0305531476190428
1.6528518296308776,-1.0626938558437988,-1.485998922416576,-1.244566519650268,-0.6163240061555176,-1.1810622549101908
-0.7144956395357402,-0.20733269611345734,-0.5633907541938146,-0.48614808104020374,0.11496791303105958,-0.9355377321031955
-0.5620708527885938,-0.56233965282819,-0.863258537393697,-0.5868573153390715,0.2525798703570481,-0.9463787948274919
-0.2381681809509077,0.06803209247917626,0.5310519420274508,0.42598300586006144,0.6552682223705544,0.7782143412800739
-0.6144668732329254,-0.56233965282819,0.17748968595686643,-0.5346007152542148,-1.9297763763932627,1.0703789436785118
0.37153096603767793,-0.56233965282819,-0.5746932429514496,-0.573403727172404,-0.34173108567376953,-0.38780940226963884
-0.8383407787677967,1.8389627090776848,0.8401186217674285,0.7167035747498544,1.2166347945713203,-0.8892400114826261
-0.8240509550102517,-1.0626938558437988,-1.5305550229737643,-1.537783367254372,-1.1042151012961297,-1.2675743266385486
1.2575000390054667,-0.56233965282819,-0.6293516106443234,-0.7649798394662016,0.06340800044125627,-0.49366038519905125
-0.8478673279394934,-1.0626938558437988,-0.777495848035445,-0.4890752504323799,0.13145521807489544,0.19459827247260156
2.3054204478920983,-0.56233965282819,-1.2936221846378444,-1.537783367254372,-1.3641032303859306,-1.777759846519383
-0.1095597671330029,-0.56233965282819,-0.6814717502840812,-0.29020519923351995,0.02713119071853385,-0.5945758827332385
-0.7764182091517684,0.6480284636168839,0.25076505663613263,-0.20455503338695258,1.02802594216148,-0.5524803313981232
-0.8621571516970383,0.7933757099177606,0.5903483285665928,0.5539221532587079,1.3516369196682732,-0.08370044970047162
1.805276616378024,-1.0626938558437988,-1.1563725995241265,-0.8156979718699264,0.02713119071853385,-0.5410453833030149
-0.8621571516970383,1.8389627090776848,1.4295142149184656,1.3651124361369384,1.9755641869472276,0.24982205075971514
-0.7907080329093135,0.9233932522095181,0.22124158315428458,0.29152498006535044,0.16346300057809388,-0.9623754235985715
1.1812876456318933,-0.20733269611345734,-0.0935844036615341,0.36702639306021645,0.37030108791939076,-0.026652999775573602
-0.5763606765461388,1.0410084257512708,1.259590162798613,1.1612835251742342,1.5489704238464785,0.8978909719710833
0.900254445066842,-1.0626938558437988,-1.1300638756235475,-1.0416840243109131,-0.34173108567376953,-0.48996321541340926
0.8240420516932688,-0.20733269611345734,-0.59955828988267,-0.590263614144485,0.5450659426428811,-1.0054079048037854
-0.6144668732329254,-0.56233965282819,0.04133369073982538,0.5779872818695397,-1.1042151012961297,0.806272072153364
-0.9145531721413699,-1.0626938558437988,-0.34342479517272173,0.286966920076608,0.02713119071853385,1.0374095955206033
0.914544268824387,-0.20733269611345734,-0.5038083822459954,-0.39104768615204105,0.6020258341916891,-0.8203967809062328
1.6480885550450293,0.06803209247917626,-0.87479133499954,-0.7921644288277092,-0.28542642807626484,-1.937769236594625
-0.8907367992121282,1.8389627090776848,1.7781979843414606,1.229079548015775,0.28024671793106676,0.9252098296183361
2.2196815053468284,-0.56233965282819,-0.6199326515663279,-0.9191504848762425,0.16346300057809388,-0.47542118647400355
-0.9478960942423081,2.8591049860931754,1.736152597892603,1.6063013168447278,2.0718754801428565,-0.3599414860979372
-0.9050266229696732,0.6480284636168839,0.02943942655693018,-0.04082163274976683,1.0958555057486208,-0.9797944554031374
-0.9002633483838249,0.2930215069021515,0.4815847980315969,0.30945149900099067,1.5882402461263323,0.3677600623352473
0.8192787771074206,-0.56233965282819,0.44255361439124863,0.7393436009987726,0.7968694215944938,1.5846534108832466
0.9050177196526904,-1.0626938558437988,-0.2847474213466475,0.1724695109435012,-0.9074042316811012,1.1513401484593082
-0.7907080329093135,0.4832473463317343,-1.6018360389595891,-1.1753166534153046,-0.010833507594516798,-3.867561829026284
-0.9478960942423081,0.4832473463317343,-0.07667448168392677,-0.19317133798692393,0.8182530163643801,-0.9682780101394519
2.5483474517703626,-1.0626938558437988,-1.4135196050491967,-1.1277299880677918,0.008369586453112622,-1.0403332453133778
-0.6239934224046221,1.2471573932472422,1.402708858839147,0.8159213073184518,0.37030108791939076,0.918085922433756
0.8145155025215722,-1.0626938558437988,-1.1461194468553335,-0.9595222371300127,-0.050650860148185636,-0.5211374140680072
0.9669402892687187,-1.0626938558437988,-0.6990649722057771,-0.7096311325914295,-1.4730773776884334,0.34688308803417073
1.0336261334705952,0.2930215069021515,0.6576386992469538,0.7109212232427995,1.0441867443633894,0.7088806735819362
1.0383894080564435,-0.56233965282819,-0.48517274755966666,-0.41686215719554537,0.6020258341916891,-0.2144023128475681
-0.7240221887074368,-1.0626938558437988,-0.7821975519713882,-0.09699890261401678,-0.9074042316811012,0.1854692386688074
1.8862522843374456,0.06803209247917626,-0.16086794207782523,0.059046946624102696,-0.4342179279324365,-0.5615580704585121
0.8145155025215722,-1.0626938558437988,-1.3655909268570947,-1.1432174294631183,-0.18328155780244723,-0.9472728294837084
-0.9431328196564598,0.4832473463317343,0.7260559649859937,0.8042453419584843,1.4149863364251443,0.5843811077866388
-0.9574226434140048,-0.20733269611345734,-0.571864785929613,-1.0833182034157367,-0.6581841478671907,-0.9519098354145306
-0.8097611312527068,-1.0626938558437988,-2.3161671829145587,-2.3936353884164303,-2.164551944321342,-2.792953223838815
-0.7287854632932852,-1.0626938558437988,-1.2550491303490157,-0.5440915642296101,0.3070062904338656,-0.7326400472407029
2.4768983329826377,-1.0626938558437988,-0.6907832767592045,-0.7921644288277092,-0.3130932756502835,0.3629631897833512
1.0098097605413536,-0.56233965282819,-0.1737076233717759,0.20117325030437053,0.2092372689416153,0.38926122361932475
-0.9526593688281565,-0.20733269611345734,-0.6827219797238303,-0.21032069680207424,0.06340800044125627,-1.1659979052023286
-0.7430752870508301,-1.0626938558437988,-1.5031419262328498,-1.1125945646346709,-0.46753250629934595,-1.2143478601863853
-0.7668916599800718,0.7933757099177606,0.41108051675128215,0.05127335682151185,0.7822959299924696,-0.43037993535251123
-0.8383407787677967,1.338608506062076,1.350547120297904,1.3310977359832472,0.9832972778391466,0.704113706941036
-0.7668916599800718,-1.0626938558437988,-0.735694813375679,-0.40382984373183745,0.14761602027680515,0.27576098787144315
1.147944723530955,-1.0626938558437988,-1.1652480479339342,-0.8654173210722571,0.04547115000298754,-0.5582783417497512
-0.9574226434140048,4.692107986744865,3.1731709097478666,2.8954762235703817,3.1883242558048215,0.3051656443095001
1.9005421080949905,-1.0626938558437988,-0.5158164788223788,-1.1051539289640642,-0.6581841478671907,0.7026863698619926
0.4763230069263411,-0.56233965282819,-0.730580705818241,-0.41949950703676864,0.26653053216275097,-0.6896419459908123
1.6766682025601192,0.06803209247917626,-0.2796947020068225,-0.5868573153390715,0.008369586453112622,-0.7912126938626839
-0.5620708527885938,-1.0626938558437988,0.6125978443660589,-3.640124545623051,-2.495449522400594,2.893664926023703
1.4909004937120345,-0.56233965282819,-1.3856432122197826,-1.8367527713511054,-1.1819971521628492,-1.9551568087327358
-0.5811239511319871,2.319572086010156,1.0200657165939755,0.7248102336837228,0.744681261211917,-1.111107405447717
0.07144466712923346,0.7933757099177606,0.1413852277011907,-0.49496847441957964,-0.4342179279324365,-0.9511711116030009
0.8049889533498755,4.313595075453875,2.9609144178044553,2.5274864866610103,0.7052487678224237,0.3289120174782647
1.0431526826422919,0.4832473463317343,0.41631053509497373,0.4529002787138672,1.2035770145204503,-0.01546163107535111
-0.9097898975555215,0.2930215069021515,-0.20808704908212483,-0.15835551621292215,0.5450659426428811,-0.9661047441975873
0.9717035638545669,-0.20733269611345734,0.4366167051259068,0.18644434103711024,0.5644976664279658,1.0009157060988318
-0.08574339420376127,0.4832473463317343,0.14461870874794758,0.16701550859401357,0.804059722226726,-0.540940144023758
0.8097522279357239,-1.0626938558437988,-1.0404899084924573,-0.5800965469704935,-0.7023080742274255,-0.3160424868816966
-0.9574226434140048,0.06803209247917626,0.35047341507499785,0.38463614418586034,-0.96788329143657,0.428250416422389
-0.9478960942423081,2.054119200532493,2.5042731321443776,2.4902132950113245,-0.5385419552887978,2.075816353084272
-0.9383695450706115,2.319572086010156,1.9354834860050267,1.6194167452316448,1.1491505944436329,0.6581109877573874
0.48584955609803776,-1.0626938558437988,-1.320521986491717,-1.015307112385583,-0.46753250629934595,-0.859765005575146
0.7906991295923306,0.06803209247917626,-0.14506199430658048,0.257988553183747,0.8985893536433969,-0.5309975679745241
-0.9526593688281565,1.7154571887753904,1.2802006025056116,1.5061659327531645,1.6714811390355313,0.10925099734470606
0.576351773229156,0.06803209247917626,0.26156812773328747,-0.04683458524582811,0.6201619992829226,0.2560153190847808
-0.6859159920206502,1.2471573932472422,1.3181286680917537,1.5256706452030175,1.0547855146642786,0.7541788104519611
-0.9050266229696732,0.2930215069021515,0.0006352857891230727,0.5089397435525729,0.6466322281051479,-0.5629682919508876
-0.8192876804244034,2.833124546422069,2.4761923488892843,2.2039310531596956,1.811987351053055,1.1029523342525018
-0.28580092680939095,-0.20733269611345734,0.18849883098773232,0.08308121580317947,-0.5765066536018487,0.5198768829172846
-0.8240509550102517,1.5033896233472255,0.4300977509388908,0.2001319209842903,0.8459198639383987,-1.2759132443316912
0.8716747975517521,-1.0626938558437988,-0.9800409473096607,-1.1354286861188791,-0.6581841478671907,-0.19867214252136373
-0.45727881189993064,0.6480284636168839,-0.053532662513530865,0.026040688636179206,0.4402948630471784,-1.139783020039389
-0.9574226434140048,1.338608506062076,0.8332476067120133,0.8517304571026245,1.325608941873823,-0.2971753900135439
0.009522097513205234,0.2930215069021515,0.14492493961768482,0.2276915765142575,0.3455690788011746,-0.28396279458345935
0.8526216992083588,-1.0626938558437988,-0.9527364394053038,-0.6547588153273436,-0.7984300843785986,-0.14565651689906858
-0.5858872257178355,1.7154571887753904,1.4316548939304565,1.4476624075109905,0.3580287687977862,0.4024370982351727
-0.08574339420376127,0.4832473463317343,-0.18028252689501018,-0.5039072658727841,-0.09251100185985872,-1.1680874330959543
2.3101837224779467,-1.0626938558437988,-1.202392707245023,-1.0416840243109131,-0.4022101454292381,-0.6304000353104748
0.9383606417536287,-0.20733269611345734,0.9919051459251663,0.9461632469972759,-1.9297763763932627,2.078144434743004
-0.15719251299148615,-1.0626938558437988,-0.9474085215323065,-1.0416840243109131,-0.96788329143657,-0.13531159875256393
-0.7573651108083751,-0.20733269611345734,0.33013360436049577,0.5082839779018504,0.5450659426428811,0.7944418593882588
-0.13813941464809285,-1.0626938558437988,-1.1545455380653051,-1.5521049937336002,-1.4730773776884334,-0.537497880940801
0.7716460312489373,-0.20733269611345734,-0.04352200936565629,-0.008687198626552447,0.02713119071853385,0.07030727758305474
0.48108628151218946,-1.0626938558437988,-1.3655367408579546,-1.7732828666979545,-1.2679812202347571,-0.9471676195801116
0.8383318754508139,-0.56233965282819,-0.7990212575099024,-0.855172042615717,0.09814063970798567,-0.8220969989891259
-0.9526593688281565,0.6480284636168839,0.08796317716344285,0.005422014839029171,1.0600337246646783,-0.8668752197762877
-0.9478960942423081,1.8389627090776848,0.8186124888197238,1.1720245639101354,1.6098598903707215,-0.9307096477707872
-0.9097898975555215,-1.0626938558437988,-1.2505473599158388,-0.9654947432132038,0.14761602027680515,-0.7238992130620087
-0.814524405838555,0.4832473463317343,0.4257160376853313,0.27216786738658805,0.9658711244403901,0.0027422849766261916
-0.3524867710112675,-1.0626938558437988,-1.4957176674119883,-1.8149170458027784,-1.1042151012961297,-1.1999325948555273
-0.8669204262828867,2.1025185529775836,0.5269976416252498,0.7846075225735835,1.0059680090545104,-1.8036013311159855
0.04286501961414351,0.6480284636168839,-0.11622402103162191,-0.10519002636021549,0.6806410590383919,-1.2605781897419193
0.5715884986433076,-0.56233965282819,-0.29099849308486603,-0.10684041125573866,0.6020258341916891,0.16188136683125096
-0.19529870967827276,-1.0626938558437988,-1.0584253181475936,-0.12188087412222688,-0.15962500745068847,-0.3508666619589364
-0.7002058157781953,-0.20733269611345734,-0.9278730327285786,-0.9715212998596722,-0.34173108567376953,-1.6387190882749825
0.10478758923017174,-1.0626938558437988,-1.5230491499313532,-0.7649798394662016,-0.7984300843785986,-1.2530005955689825
-0.6239934224046221,1.7154571887753904,0.7037960338126725,0.45645570608373226,1.325608941873823,-1.0042511568278376
-0.7573651108083751,-1.0626938558437988,-1.6068004598463415,-0.8705996815805336,-0.7984300843785986,-1.4156157984278972
-0.85739387711119,-1.0626938558437988,-0.8924546654944375,-0.32826869973257417,-2.164551944321342,-0.028610790651192205
-0.14290268923394117,0.9233932522095181,0.6361165459797856,0.4017921974801437,1.310354407219249,-0.1609485833691477
-0.5620708527885938,0.06803209247917626,-0.7803035243910836,-0.41949950703676864,0.11496791303105958,-1.7562447034023563
-0.20958853343581774,-1.0626938558437988,-1.2588765864616114,-0.6777241933340014,-0.28542642807626484,-0.7400716032702757
-0.06192702127451965,-0.56233965282819,-1.4902308976169922,-1.2355061082598258,-1.7476702981701815,-2.156571479291759
-0.8288142295961001,-0.20733269611345734,-0.8818945405466228,-1.662036546029389,-0.5022651455660757,-1.550145638835649
1.6385620058733326,-1.0626938558437988,-1.0151755380543324,0.07180461581266978,-0.4342179279324365,-0.26689099912323816
0.9097809942385388,-1.0626938558437988,-0.6046653491948741,-0.7968050745379561,0.04547115000298754,0.530173520879996
-0.8669204262828867,-1.0626938558437988,-1.1442779234890472,-1.375165294010686,-0.18328155780244723,-0.5175618318343435
-0.6287566969904703,1.338608506062076,0.662981377666239,0.6730854300342167,0.9112422248085066,-0.6261569632501714
0.2095796301188349,-1.0626938558437988,-1.8006653595891862,-1.9069154958023462,-0.96788329143657,-1.7920323587289326
2.0863098169430754,-1.0626938558437988,-0.7985237779544866,0.5289546566942573,-0.9074042316811012,0.15376952492275525
0.8145155025215722,0.2930215069021515,0.19330206394623492,0.23267237732929333,1.1722709464564516,-0.19037017805504117
2.5435841771845142,-1.0626938558437988,-1.5041900132384938,-1.7153393835085484,-1.2679812202347571,-1.2163828717128864
2.491188156740183,-1.0626938558437988,-0.8773914977244395,-0.9025704592087617,-0.4022101454292381,0.0006365140787572872
-0.9240797213130665,-1.0626938558437988,-0.6335420130127781,-0.497934759789593,-0.050650860148185636,0.47410532864033333
0.5096659290272794,0.4832473463317343,-0.61723329296491,-0.5221530637810872,0.11496791303105958,-2.0080837120293906
-0.6859159920206502,1.4237474552251266,0.9930243832663371,0.8618381695847908,1.3589235202407326,-0.09249144581463005
-0.9478960942423081,-1.0626938558437988,-0.7105642926594081,-0.021646244717921134,0.4402948630471784,0.3245555049766043
1.657615104216726,-1.0626938558437988,-0.9844254050848101,-0.6253206537153407,-0.34173108567376953,-0.20718519731723475
2.029150521912895,-0.56233965282819,-2.163877103499232,-1.097795511944651,-0.7984300843785986,-3.4458288588239956
-0.7526018362225269,-0.20733269611345734,-0.6981762224784877,-0.6253206537153407,0.49436057865734623,-1.1958288602662677
1.4194513749243096,-0.20733269611345734,-0.5760841249691736,-0.19505515809607082,-0.15962500745068847,-0.9600613817010901
-0.5477810290310489,-0.56233965282819,0.540114137890721,0.7471808734557128,-0.09251100185985872,1.773971161973988
-0.9478960942423081,3.0270955338045877,2.3964415490978404,2.167743221521858,2.3036172384711153,0.7222274378219534
-0.6620996190914087,1.0410084257512708,0.7316050927461883,0.4930203408993193,1.3804009135099473,-0.12453618924189087
1.6195089075299394,-1.0626938558437988,-1.188240426725251,-1.496578681853243,-1.2679812202347571,-0.6029213490669406
0.3762942406235263,-0.20733269611345734,-0.4117963138125771,-0.8061845248673303,-2.164551944321342,-0.6425036690284311
-0.9097898975555215,0.7933757099177606,0.9556679583255836,0.624758431131303,-0.34173108567376953,0.6236468576334404
0.8097522279357239,-1.0626938558437988,-0.9279324363603477,-1.244566519650268,-2.495449522400594,-0.09749598077177817
-0.3334336726678742,0.2930215069021515,0.12179620017546892,0.12753307688316448,-0.34173108567376953,-0.3287006283761229
2.4721350583967894,-1.0626938558437988,-0.7929751106816761,-0.9776028943147181,-1.1042151012961297,0.16454305974962036
-0.7526018362225269,-0.20733269611345734,-0.6848459288442211,-0.5009143171741254,-0.34173108567376953,-1.170097932586177
-0.9145531721413699,1.2471573932472422,0.915344145840242,-0.055957056182887786,-1.4730773776884334,-0.02574820940438981
-0.7954713074951617,1.338608506062076,1.1534850992401897,1.386685069577611,-0.050650860148185636,0.3224278232032819
-0.32867039808202586,1.4237474552251266,0.9872611921548968,0.9327720926914121,1.5226896391793603,-0.10363909483365985
-0.8288142295961001,-0.20733269611345734,0.30471072872841176,0.34139463952002497,0.5644976664279658,0.7451523928965447
2.04344034567044,-1.0626938558437988,-1.4743918797129452,-1.3321871589209533,-0.96788329143657,-1.1585255136250825
-0.7192589141215886,-0.20733269611345734,0.13132740854151254,0.18962807601520332,-0.11427479409411481,0.40907330128962605
-0.30961729973863256,0.6480284636168839,-0.1774377614816716,-0.4382593381350067,0.2937361794744193,-1.378446346040238
-0.9431328196564598,-1.0626938558437988,-0.60649665262366,-0.40382984373183745,0.394305578520509,0.5266177821235454
-0.9240797213130665,0.6480284636168839,1.157897804787612,0.8729340706295977,-0.6163240061555176,1.2039810034061262
1.0336261334705952,-1.0626938558437988,-1.3085494083884845,-1.4453280184619266,-0.28542642807626484,-0.8365185247860389
-0.2048252588499694,-1.0626938558437988,-1.579469521476766,-1.6287331084317012,-0.96788329143657,-1.3625488542594497
-0.7335487378791335,1.5782019406724268,2.579078423541507,3.458030112326638,-1.033205652306678,2.79367432111226
-0.34296022183957087,0.06803209247917626,0.35825492022904476,0.5672654587029031,-1.5988787983140098,0.4433276215779142
-0.9288429958989148,-1.0626938558437988,-1.7567068059228494,-1.662036546029389,-2.164551944321342,-1.706680510153767
1.0479159572281402,-1.0626938558437988,-1.7803632876019968,-1.1432174294631183,-0.4342179279324365,-1.7526129686560583
2.3530531937505814,-0.20733269611345734,-0.6452922898514809,-0.4382593381350067,0.37030108791939076,-1.0937332151389734
0.14289378591695834,-0.56233965282819,-1.2825154855446073,-1.2177469234272453,-0.6581841478671907,-1.7563379476184546
-0.7907080329093135,-1.0626938558437988,-1.162045322885281,-0.6855587538693905,-1.1819971521628492,-0.5520597908516608
-0.26674782846599765,-1.0626938558437988,-0.6489073161626494,-0.7875558985699295,-2.495449522400594,0.4442713846549643
-0.9621859179998531,3.9795043025783015,3.5643445392459,3.230871493993596,0.26653053216275097,1.8832260696664287
-0.6239934224046221,0.6480284636168839,0.20831068831839553,0.22166501986778853,0.9359742339267227,-0.6345020460719837
-0.7764182091517684,0.06803209247917626,0.30961618330914414,0.33376455008868217,-0.4342179279324365,0.34909236490008555
0.8335686008649655,0.06803209247917626,-0.07638857425589286,0.006816633075436405,0.5740427324604442,-0.3981875120884384
1.6052190837723943,-1.0626938558437988,-1.2375702161048456,-1.0416840243109131,-0.5765066536018487,-0.6987022236000409
-0.9431328196564598,1.778754411939859,1.0685657435688782,1.2689804380367466,1.9772661559530627,-0.37613289421490054
-0.019057550001884718,0.4832473463317343,0.059055807829455846,0.24350074541611585,-0.7489547038097792,-0.7062527134996528
0.21910617929053156,-1.0626938558437988,-3.024859803029527,-3.640124545623051,-2.495449522400594,-4.16898178150066
-0.652573069919712,-1.0626938558437988,-1.4935825959291458,-0.33057695148728955,-0.2327569383712667,-1.1957870467721226
-0.4096460660414474,-0.56233965282819,0.07718604743035577,-0.337550103836139,-0.13663492822009354,0.8758114575299408
1.8529093622365074,-1.0626938558437988,-1.326505898444718,-1.496578681853243,-2.164551944321342,-0.8713836304911607
-0.15242923840563782,-0.20733269611345734,-1.3562227512638076,-1.3641579365491812,-0.09251100185985872,-2.4612858944065925
-0.8669204262828867,3.7771204800423117,0.862631469750554,0.7648194384679166,1.9890815782581184,-3.082030437909648
-0.29056420139523925,0.06803209247917626,-0.19804618876927385,0.19490070818794625,1.011538637117644,-0.633430284694778
1.27655313734886,0.06803209247917626,-0.2244574795251601,-0.21613671599358233,0.688926346877039,-0.6844781206551448
-0.814524405838555,-0.56233965282819,-0.4629451239551416,-0.31458472582948055,0.5644976664279658,-0.17133838662172265
-0.7859447583234651,2.2791086149554682,1.513049433989238,1.4825880869937407,2.144271664967269,-0.11182144246559426
-0.7859447583234651,1.0410084257512708,0.5874089619606809,1.4079206694616233,0.5450659426428811,-0.4033551578145707
0.8049889533498755,-0.56233965282819,-0.9920406778121528,-0.9595222371300127,0.28024671793106676,-1.1954107809774839
0.8145155025215722,0.06803209247917626,-0.28661588225720186,-0.19505515809607082,0.7523441704941772,-0.8045836588321312
-0.17624561133487945,1.8389627090776848,0.7193246168978326,0.5082839779018504,0.804059722226726,-1.1220484498300498
0.038101745028295185,-1.0626938558437988,-0.32146952839182164,0.05517149457388534,-0.34173108567376953,1.0800389008415787
1.643325280459181,-1.0626938558437988,-1.2250883764700253,-1.342674461717608,-0.5385419552887978,-0.6744669383689319
0.18576325718959327,-1.0626938558437988,-1.3556345424790077,-1.6970935856002451,-0.25866685557346636,-0.9279410785292773
-0.7192589141215886,-1.0626938558437988,-0.693834811156066,-0.6547588153273436,-0.7984300843785986,0.3570381972610814
-0.8478673279394934,0.4832473463317343,0.49895090451512025,0.6142099243490813,1.537394430571307,0.1445097514582419
-0.8955000737979766,2.054119200532493,1.4800775178408145,1.0173449922510254,1.4250824714890833,0.0908509093901218
0.8049889533498755,-1.0626938558437988,-0.7274391839707063,-1.0761958899139523,0.23838657621939405,0.29179047865529306
-0.8288142295961001,-0.56233965282819,0.3968863036783555,0.9427552049402398,0.6552682223705544,1.496040553999855
0.7716460312489373,0.06803209247917626,0.20437115306917536,0.672060133504509,0.3200640704847356,0.14523447437010328
-0.7954713074951617,0.06803209247917626,-0.1299987949063717,-0.1390008391934919,0.825258156736599,-0.5018705864113966
-0.17624561133487945,0.06803209247917626,0.10562578653536993,0.32604602236545815,-0.010833507594516798,-0.04596471066307346
0.9907566621979602,-1.0626938558437988,-0.9428162629687499,-0.3961311456807502,-0.7023080742274255,-0.12639506886602997
2.276840800377008,-1.0626938558437988,-1.3398253305604104,-0.924770180373965,-0.9074042316811012,-0.8972452218818792
0.914544268824387,-1.0626938558437988,-1.182697812028734,-0.9776028943147181,-0.46753250629934595,-0.5921595661866749
-0.2762743776376943,0.2930215069021515,0.19946390853167686,0.4571645193113715,1.3026188626432278,-0.17844760199889273
-0.8621571516970383,-1.0626938558437988,-0.23792776056622927,-0.6738412087784594,-0.5765066536018487,1.2422472476237447
-0.7002058157781953,-1.0626938558437988,-2.689363211896157,-2.5048817090849957,-2.495449522400594,-3.517566940574526
-0.08574339420376127,0.2930215069021515,0.07085629618346372,0.4862732723973183,0.9717212845639751,-0.4272139742962554
-0.9097898975555215,1.4237474552251266,-0.4227836247141962,-0.6181600474695478,0.8182530163643801,-2.8098621671118846
0.8383318754508139,-1.0626938558437988,-1.0461980771632675,-0.3011762869875189,-0.37141049614817273,-0.32712571659235906
0.16194688426035164,0.4832473463317343,0.40462306224375083,0.33120163493869975,-0.030499371057727126,-0.038081142633669754
0.10478758923017174,-0.20733269611345734,-0.7775924844095556,-1.0761958899139523,-0.09251100185985872,-1.3490633141641715
0.8859646213092971,-1.0626938558437988,-0.9022521084117211,-0.855172042615717,0.13145521807489544,-0.047633933920353
1.9719912268827153,-1.0626938558437988,-0.9837516188495525,-0.9776028943147181,0.2937361794744193,-0.20587694452165248
-0.3858296931122058,1.148382666632493,0.6928046851156567,1.0179556570939055,1.369732868234058,-0.33367880245439074
0.3762942406235263,-0.20733269611345734,-0.4140216030198133,-0.3885204346766959,-0.3130932756502835,-0.6468070785758054
0.8430951500366621,-0.20733269611345734,-0.4335626825184696,0.14474152704796953,0.3329162076360649,-0.6845946091644696
-0.6144668732329254,0.7933757099177606,0.5868678614131811,1.0454575710050993,0.9359742339267227,-0.09043432692298659
0.8430951500366621,-0.20733269611345734,-0.22890098487599003,0.11462477913923834,0.2525798703570481,-0.28864274447856464
-0.7907080329093135,-0.20733269611345734,-0.36720316281744875,-0.3328932319599213,0.8857372164920676,-0.5562556400009995
1.7195376738327541,-1.0626938558437988,-1.4165935032285772,-0.9715212998596722,-1.4730773776884334,-1.0463016603329758
-0.9097898975555215,0.4832473463317343,0.03906319065374506,0.409446649163021,0.8526924658156667,-0.744865406581295
0.8240420516932688,0.06803209247917626,-0.9270715577872631,-1.2537519061681288,0.17900811520458537,-2.0380951896671156
0.8240420516932688,-1.0626938558437988,-0.6592039772918502,-0.3078467597675524,-0.46753250629934595,0.424278937492119
0.7573562074913923,-1.0626938558437988,-1.2432736659849473,-1.2177469234272453,-0.20764437720954537,-0.7097762911004756
-0.9478960942423081,-0.56233965282819,-0.9822138738493976,-1.1277299880677918,0.17900811520458537,-1.1764147054592435
-0.85739387711119,0.06803209247917626,0.07391554800439594,-0.1185090696300739,0.2525798703570481,-0.10734902024593865
0.9050177196526904,-1.0626938558437988,-1.0191375188228504,-0.43284524356104437,0.08095908209781587,-0.27458375410282787
-0.6335199715763187,2.0037438263628347,2.267699288103068,1.8684878248999406,0.49436057865734623,1.677014374061123
0.152420335088655,0.7933757099177606,0.6513205438712358,0.21354382208940978,1.0059680090545104,0.03428429536838156
0.25721237597731816,-1.0626938558437988,-1.1697887940747456,-1.3641579365491812,-0.8510995740835968,-0.5670948528654386
0.8097522279357239,-0.56233965282819,-0.5501720737858706,-0.8810869843771884,0.3329162076360649,-0.34031532891754795
2.4768983329826377,-1.0626938558437988,-1.4705636308702912,-1.3321871589209533,-0.9074042316811012,-1.1510924183961901
-0.22864163177921104,-0.56233965282819,-1.119824158469114,-0.3352175971975365,-0.2327569383712667,-1.4423181140127956
-0.8335775041819483,-1.0626938558437988,-1.223838503061251,-1.3016812162180795,-0.28542642807626484,-0.672040129545021
-0.9478960942423081,-1.0626938558437988,-1.4415431501680613,-0.7303782923648792,0.08095908209781587,-1.094744985009817
-0.814524405838555,0.6480284636168839,0.5839329919560472,0.624207392651789,0.8182530163643801,0.09190603831995317
-0.5811239511319871,0.06803209247917626,-0.1754699242238024,-0.11015350248998944,-2.495449522400594,-0.5897882236948893
-0.45251553731408234,0.06803209247917626,-0.7831951100415437,-0.6181600474695478,0.02713119071853385,-1.7618034676586474
-0.7192589141215886,-1.0626938558437988,-2.257591537788318,-2.7169495909422117,-1.5988787983140098,-2.67922019178876
1.6242721821157877,-1.0626938558437988,-1.1075943731970799,-1.291815406667183,-0.96788329143657,-0.4463354476933846
1.4623208461969446,-0.56233965282819,-1.0151420539207923,-0.6855587538693905,-0.20764437720954537,-1.2400632632263446
-0.7954713074951617,0.2930215069021515,0.3948619771635071,0.6792042782703965,1.6125225153835834,0.19979518824169504
-0.2381681809509077,-0.56233965282819,-0.5882945373107968,-0.6253206537153407,-0.5385419552887978,-0.4141514865592648
0.8430951500366621,0.4832473463317343,0.2154041527706038,0.5333920931530894,0.5548396384128148,-0.4041096075518358
1.4194513749243096,-0.56233965282819,0.6271144418723329,0.07684002705969808,-0.96788329143657,1.942808327519711
-0.49538500858671725,-1.0626938558437988,-1.470501040112752,-1.1919657697052988,-0.5385419552887978,-1.1509708894464383
1.8100398909638724,-1.0626938558437988,-1.1016499403317859,-0.8400937388776598,-1.7476702981701815,-0.43479347709910754
2.0910730915289237,-1.0626938558437988,-0.5106410943764471,-0.41423521112826645,-0.6581841478671907,0.7127351224415323
-0.9478960942423081,-0.56233965282819,-0.9689582351321495,-1.291815406667183,-1.2679812202347571,-1.150788615611739
0.8383318754508139,-1.0626938558437988,-0.48186584097992285,-0.3056158365269802,0.13145521807489544,0.7686064117758983
0.6239845190876392,-1.0626938558437988,-1.7947788439144121,-1.5970161634592985,-1.5988787983140098,-1.7806028426824705
-0.6573363445055603,-1.0626938558437988,-1.6192081188450358,-0.41686215719554537,-0.20764437720954537,-1.4397070512945684
-0.8621571516970383,-0.20733269611345734,-0.108685729975251,0.46561194714501586,1.190306903561004,-0.05589774360547648
-0.7954713074951617,0.2930215069021515,0.2646568337712226,0.5826976814525242,0.17900811520458537,-0.05228475895681565
-0.814524405838555,1.148382666632493,0.4130885454855835,0.29965168387714536,1.3479690759998015,-0.8738877561115364
-0.23340490636505937,1.5033896233472255,-1.2010082555164636,-1.6793344007676652,-0.2327569383712667,-4.342520435428596
1.6814314771459675,-1.0626938558437988,-1.3227665796803394,-1.1753166534153046,-0.4022101454292381,-0.8641232057880628
0.8145155025215722,0.06803209247917626,-0.340529571727577,0.10747698281091293,0.959978724527841,-0.9087165836040693
-0.8764469754545833,-0.56233965282819,-0.6516659798935656,-0.7694342371079721,-0.6581841478671907,-0.5368681449316239
-0.9097898975555215,2.602872755993192,1.6112568201507016,1.823703291685478,1.9513562387508627,-0.3023078013442526
-0.7097323649498919,-0.56233965282819,-0.8253959902955906,-1.272511737266367,-0.9074042316811012,-0.8731296992113129
-0.8478673279394934,-0.20733269611345734,-0.36606287799219384,-0.3834945242958852,0.7523441704941772,-0.5540499385280546
-0.9478960942423081,1.7154571887753904,1.00904314865089,0.8109423685023802,0.904940310539697,-0.41511789087702555
-0.7526018362225269,-1.0626938558437988,-1.1552758124670681,-0.8156979718699264,0.02713119071853385,-0.5389158136287302
2.12917928821571,-1.0626938558437988,-1.110833066531317,-1.5667414063044838,-0.37141049614817273,-0.4526238361864051
0.8478584246225105,-0.56233965282819,-0.7178057702845062,-0.855172042615717,0.4623527961541478,-0.6649138405086689
-4.4516584914164145e-06,-0.20733269611345734,-0.5787635618556051,-0.4064159827665343,0.23838657621939405,-0.9652377933860881
1.1146018014300167,-0.56233965282819,-0.4060886074059224,-0.10684041125573866,0.5450659426428811,-0.061171579368127275
0.7430663837338474,-0.56233965282819,-0.547930424460451,-0.422147343386051,-0.5022651455660757,-0.33597337252372855
2.052966894842137,0.6480284636168839,0.6967207793728395,0.8366760749812275,-0.010833507594516798,0.3102790558546507
1.7243009484186025,-1.0626938558437988,1.8331753976066711,2.4144779960573235,-0.7489547038097792,5.263591636742994
-0.6287566969904703,-0.20733269611345734,-0.3108561948565964,-0.09537269920637742,-0.28542642807626484,-0.4472461471636578
0.9050177196526904,-1.0626938558437988,-1.1627831636203294,-1.0552749034716755,-1.033205652306678,-0.5534924146629098
-0.9336062704847632,1.4237474552251266,1.7822821028297824,1.3392478273156292,1.648914894580762,1.4364296318777654
0.40487388813861624,-0.56233965282819,-0.3321219615406359,-0.2299082843331754,-0.3130932756502835,0.08217372884460324
0.9050177196526904,-0.20733269611345734,0.22200699832141704,0.478771677854024,0.8594093254817513,0.5848260445436216
-0.9193164467272182,-0.20733269611345734,-0.0897894205510239,-0.12019283782039468,-0.96788329143657,-0.019303509224345167
-0.85739387711119,-0.20733269611345734,-0.7628595920373434,-0.4012537091284656,-0.7023080742274255,-1.3206440348081576
0.9764668384404153,-0.56233965282819,0.2201686480605168,0.4304225553995228,0.4623527961541478,1.1531744115585782
-0.8621571516970383,2.2372732423661383,1.4102561984681694,1.3054370144823522,-0.25866685557346636,-0.26118809931997533
-0.14290268923394117,0.4832473463317343,0.4530108231383464,0.3758894756260871,0.08095908209781587,0.05557426624907032
0.8954911704809938,-0.56233965282819,-1.1224967180461174,-1.5100322700199111,-2.164551944321342,-1.4474798085472966
-0.3334336726678742,1.148382666632493,1.187834050994612,1.1563433692505691,0.19426264985915923,0.624431214686802
-0.9383695450706115,2.2791086149554682,1.3837986470966843,1.0431106788333113,1.2379439384135897,-0.36168793707352176
-0.609703598647077,-0.20733269611345734,0.3618597014589707,0.08308121580317947,-0.09251100185985872,0.8559553960888706
-0.7764182091517684,-1.0626938558437988,-0.57619404471044,-0.607561468882761,-0.11427479409411481,0.5854546497255477
0.40963716272446454,-1.0626938558437988,-1.5610936471231636,-2.8058721464916907,-2.495449522400594,-1.3268694536774868
-0.843104053353645,1.148382666632493,1.185082862554596,1.2664635343874047,2.1634425360925604,0.6191012991158942
2.2196815053468284,-1.0626938558437988,-0.7449917322019682,-1.1277299880677918,-1.1819971521628492,0.25770968404784367
0.26197565056316646,0.4832473463317343,0.21042174384842505,0.24056497300010438,0.17900811520458537,-0.4137426678881481
-0.08098011961791295,-1.0626938558437988,-0.9180200135290626,-0.32826869973257417,-0.6581841478671907,-0.07824958747752477
-0.4239358897989924,1.2471573932472422,1.0790947947415883,1.2524479093717924,-0.46753250629934595,0.29118461070915114
0.8145155025215722,-0.56233965282819,0.1104355567860372,-0.17828960216239312,-0.09251100185985872,0.9403054899674318
-0.85739387711119,1.8389627090776848,1.3733850206003275,1.2897956639243697,1.1813387491085796,0.1411825977281379
0.8430951500366621,-1.0626938558437988,-1.2733398795395185,-0.7015099348130508,-1.2679812202347571,-0.768154165086433
-0.9288429958989148,1.7154571887753904,1.1192534777032768,1.2346133173073734,0.9832972778391466,-0.20208708457295116
0.06668139254338513,0.06803209247917626,-0.136859918370029,-0.1619357934632743,0.3580287687977862,-0.5151379172027835
-0.7526018362225269,0.2930215069021515,1.1412467543463334,1.9413594667965843,0.7599357958664912,1.646608802538107
-0.8764469754545833,-0.56233965282819,0.2478825494166831,0.20428750367065854,-2.164551944321342,1.2069404687985743
-0.7954713074951617,-0.20733269611345734,-0.6801602594918345,-0.5868573153390715,-0.8510995740835968,-1.1610527213536974
-0.843104053353645,-1.0626938558437988,-0.1830743914447349,0.16810988840398797,0.3200640704847356,1.34875294593749
0.9288340925819321,-1.0626938558437988,-0.46244348132781216,-0.37602607258281523,-0.11427479409411481,0.8063177139398009
-0.8907367992121282,-0.20733269611345734,-0.07017256562193447,0.312099335350273,-1.3641032303859306,0.01868870579182465
0.6049314207442459,0.06803209247917626,0.3103049787416663,0.04735226621215322,0.008369586453112622,0.35042677764736646
0.3381880439367397,-1.0626938558437988,-1.5636498948711923,-0.9899352831368446,-1.3641032303859306,-1.331832776000747
-0.5001482831725655,1.6487368696481015,2.055445859731848,1.8642195756738342,0.04547115000298754,1.6921087657967246
-0.6763894428489536,-1.0626938558437988,-1.2070411826320482,-0.9837405411215069,-0.13663492822009354,-0.6394257182378589
1.1622345472885,-1.0626938558437988,-0.5196036403088315,-1.0621757938743313,-1.1819971521628492,0.6953330516392197
1.0431526826422919,-1.0626938558437988,-0.7271911522547544,-0.2858668779323768,0.09814063970798567,0.29227206787277404
1.8576726368223555,-1.0626938558437988,-0.6442857053366915,0.08803239076339725,-0.4022101454292381,0.4532449061767286
-0.9574226434140048,1.7154571887753904,2.0520948399118217,1.9075669271887907,0.008369586453112622,1.6049152905370747
-0.5239646561018072,0.7933757099177606,1.183089860783834,1.319168015677192,0.02713119071853385,1.064406003680136
-0.5763606765461388,1.338608506062076,1.4461687783938597,1.4484623234804415,0.2239420603335628,0.8894051910051098
0.5191924781989761,0.2930215069021515,0.7033254304387278,0.8212734780382053,-0.09251100185985872,0.7974293764912577
-0.9097898975555215,0.4832473463317343,0.4641541931216182,0.7271758843579935,1.5936990881688118,0.07714520318708892
-0.9288429958989148,1.148382666632493,1.2111790844239883,1.1639850703174301,0.5834774484363009,0.6696596596691591
0.9193075434102354,-1.0626938558437988,-0.3679184692594629,-0.5221530637810872,0.5740427324604442,0.9898516076584607
-0.3620133201829641,-1.0626938558437988,-1.1971715367985531,-0.7649798394662016,-0.6163240061555176,-0.6202623826316631
1.6528518296308776,-1.0626938558437988,-0.4814474998563519,-0.04683458524582811,-0.25866685557346636,0.7694186811809115
-0.9145531721413699,0.2930215069021515,-0.2487601731329305,-0.4301546137815194,0.6111442960103195,-1.0445873849342837
-0.9621859179998531,4.231841657367162,4.72898651007581,3.9625766613793925,1.7930320612895112,3.852248579147617
1.6480885550450293,-1.0626938558437988,-1.5325969929104468,-1.9853507485551702,-1.1042151012961297,-1.2715391046918412
-0.7907080329093135,-1.0626938558437988,-0.10826172319319201,-0.17645255281948025,-0.07131256734998571,1.4940124915671658
-0.7859447583234651,-1.0626938558437988,-1.4820457172983934,-1.537783367254372,-0.6581841478671907,-1.1733865391167462
0.6049314207442459,0.4832473463317343,0.36219295026405984,0.04604008851765121,0.8921885848117497,-0.12018875153861798
1.1384181743592583,-1.0626938558437988,-1.2076952168215689,-1.3116953893575352,-0.07131256734998571,-0.6406956195983696
0.24292255221977319,-0.20733269611345734,-0.022764266899638855,-0.39358456527529734,0.02713119071853385,0.11051542674501498
-0.9574226434140048,2.602872755993192,1.738893116890659,1.546140841083766,1.2789623122914688,-0.055527896619719054
-0.8716837008687349,-0.56233965282819,-0.5836522633003822,-0.6816299521226986,0.26653053216275097,-0.40516077837584874
1.8386195384789623,-1.0626938558437988,-0.5589578036988719,-0.4717021791170215,-0.34173108567376953,0.6189212884141407
-0.9097898975555215,0.06803209247917626,-0.09044718061381508,-0.04231978853236449,0.28024671793106676,-0.4253799790787342
0.7906991295923306,-1.0626938558437988,-1.7677324939104635,-1.244566519650268,-2.495449522400594,-1.7280884677198622
0.4144004373103129,-1.0626938558437988,-1.002890372243306,-1.4211097144704317,-0.3130932756502835,-0.2430375843821044
2.3578164683364298,-1.0626938558437988,-3.2074290441038813,-3.178537068282631,-1.9297763763932627,-4.523466197365195
-0.6430465207480154,1.338608506062076,0.6480078487089534,0.6564881855283659,1.6257068706720101,-0.6550694126100916
-0.843104053353645,-1.0626938558437988,-0.7414196132878189,0.16482133868640592,0.394305578520509,0.2646454662159099
-0.9145531721413699,2.2791086149554682,1.4264890997394044,1.2698172964120324,1.915478204429434,-0.27918068609097113
0.7859358550064822,-1.0626938558437988,-1.1457587820577784,-0.8863932273087582,-0.28542642807626484,-0.5204371315377633
0.05239156878584016,-1.0626938558437988,-1.497014704378919,-1.7937746362613727,-0.7023080742274255,-1.2024509785047743
-0.257221279294301,-0.56233965282819,-0.21308757554340893,-0.04986154484161282,-0.3130932756502835,0.31291297463613216
-0.9288429958989148,0.4832473463317343,0.5211860405950833,0.6340569882839209,1.4115930099457308,0.1875606303688195
-0.8526306025253416,-0.20733269611345734,-0.19839501743368268,0.17680077801389027,0.19426264985915923,-0.22959167877997727
1.2813164119347082,-1.0626938558437988,-1.5543907772334884,-1.5237632712147509,-0.5765066536018487,-1.3138548686166343
-0.8240509550102517,0.06803209247917626,0.18644525024000258,0.3506031201394124,1.1058079930281992,0.11051957508905619
-0.6763894428489536,-1.0626938558437988,-1.068948180500515,-0.8302279293267634,0.17900811520458537,-0.3712983113016595
-0.8764469754545833,0.06803209247917626,-0.33012007022157824,-0.422147343386051,0.23838657621939405,-0.8886140650943111
1.5909292600148495,-1.0626938558437988,-0.5707910286504353,-0.5190771693309986,0.008369586453112622,0.5959453817933742
0.1905265317754416,-1.0626938558437988,-1.4879836047028998,-1.5100322700199111,-0.9074042316811012,-1.184915800758353
-0.8955000737979766,-0.20733269611345734,0.13839137072902485,0.37026299707185334,0.26653053216275097,0.4227630530312251
2.04344034567044,-1.0626938558437988,-0.9935343329610498,0.10387410676648108,-1.7476702981701815,-0.22487148969792078
1.4337411986818547,-1.0626938558437988,-1.0027916052931365,-0.5314669214027508,0.2937361794744193,-0.24284581415601605
0.04286501961414351,-1.0626938558437988,0.04483161394423822,0.6987109441563987,-2.495449522400594,1.791265204393048
1.8814890097515973,-0.56233965282819,-0.4920767606402996,-0.8654173210722571,-0.34173108567376953,-0.2277775986492667
-0.8288142295961001,1.0410084257512708,0.2585070073978783,0.31033528143262645,-0.46753250629934595,-1.0382895134722394
-0.6668628936772569,0.2930215069021515,0.4524268542122608,0.39870561042711977,0.49436057865734623,0.3112813870420967
1.657615104216726,-0.56233965282819,-1.3000811654422526,-1.375165294010686,-0.37141049614817273,-1.7902165157167482
0.4382168102395545,-1.0626938558437988,-1.267823189559372,-1.662036546029389,-1.2679812202347571,-0.7574427187682574
-0.8812102500404316,0.4832473463317343,1.6483787689344551,1.6405978057899053,-0.13663492822009354,2.373070700138862
0.9478871909253254,-0.56233965282819,0.005513074731842014,-0.057489691990578906,-0.07131256734998571,0.7367979333024818
-0.2191150826075144,-0.56233965282819,0.11049262497398635,0.661198122396335,-1.1819971521628492,0.9404161875787357
-0.4096460660414474,-0.56233965282819,0.09654999174473776,0.12520464806168666,0.28024671793106676,0.913371318156934
-0.9288429958989148,1.778754411939859,1.25170920878492,1.0065666997339895,0.16346300057809388,-0.022014445678636016
-0.9050266229696732,1.148382666632493,1.351209117388214,1.5839818521773517,1.448165452289874,0.9410148107922335
-0.2953274759810876,-0.56233965282819,-1.232226854654407,-0.7474543552727965,-1.1042151012961297,-1.6593179007663792
-0.7478385616366785,-0.56233965282819,-1.1512279717154013,-0.560216564280142,-1.3641032303859306,-1.5029639943332818
2.114889464458165,-1.0626938558437988,-1.4860628600394805,-1.3321871589209533,-1.1819971521628492,-1.181186398992588
-0.7240221887074368,0.6480284636168839,0.41706465460753067,0.40563042115753184,0.2092372689416153,-0.23097942392289406
-0.814524405838555,-0.20733269611345734,-0.31659228122810085,-0.23389590082616213,-0.28542642807626484,-0.4583446286994205
-0.32390712349617756,0.4832473463317343,0.5554181417340723,0.4896553516044496,0.6971283640822278,0.2538467124809557
2.1101261898723167,-1.0626938558437988,-0.5225931509549665,-1.2177469234272453,-1.1042151012961297,0.6895284871414994
2.172048759488345,-1.0626938558437988,-0.9216035796660486,-0.5700823738310379,-0.7023080742274255,-0.085207596073639
-0.9526593688281565,0.2930215069021515,0.045689829557940584,0.18750727815743157,-0.15962500745068847,-0.4758733674800082
-0.609703598647077,-0.20733269611345734,-0.6229350425489959,-0.38099572224762923,-0.6163240061555176,-1.0505587366419626
-0.9050266229696732,-0.56233965282819,-0.18864741405053911,-0.33989080910895314,0.7052487678224237,0.360295844628082
1.7528805959336924,-1.0626938558437988,-1.0235952688018164,-0.7829790423098484,-0.4022101454292381,-0.2832391162441446
-0.9240797213130665,-0.56233965282819,-0.4784937829139037,-0.19129283190488833,-0.4342179279324365,-0.20146275043518053
0.46679645775464446,-1.0626938558437988,-0.36488325919247944,-0.8109242599259479,-0.46753250629934595,0.9957449041485447
-0.6954425411923469,-0.20733269611345734,0.09924985916424968,0.06289997548973225,0.23838657621939405,0.34691116400126254
-0.8955000737979766,0.4832473463317343,0.5252485366995581,0.4753337251252206,0.2525798703570481,0.1954266888673534
2.519767804255273,-1.0626938558437988,-0.6231499736325475,-0.23389590082616213,0.06340800044125627,0.4942829663829473
1.8148031655497208,-1.0626938558437988,-0.13355092721562098,-0.028956196982428253,-0.18328155780244723,1.4449098680210735
-0.7907080329093135,-1.0626938558437988,-0.570136631897902,-0.6253206537153407,-0.4342179279324365,0.5972159871220722
-0.12384959089054788,-1.0626938558437988,-0.7723923911979244,-0.4116185870760772,-1.1042151012961297,0.2045073672647608
2.005334148983654,-1.0626938558437988,-1.1668959531200702,-1.097795511944651,-1.1042151012961297,-0.5614779864646551
-0.85739387711119,-0.20733269611345734,0.33325518634542856,-0.1407372938005892,-0.4342179279324365,0.8004941063313771
-0.1286128654763962,1.5782019406724268,0.9943410520568879,0.9586234884855189,1.3026188626432278,-0.27786425785807156
-0.6763894428489536,-1.0626938558437988,-1.0627377528989994,-1.3533295684623587,-1.1819971521628492,-0.3592398737048484
-0.8097611312527068,0.9233932522095181,0.8654841689905254,0.6114060045666464,0.28024671793106676,0.28295172173606337
-0.6859159920206502,0.9233932522095181,0.7445421705452555,0.4930203408993193,0.48383018942336337,0.048833165493266203
-0.8955000737979766,2.9813856672841825,2.1779566183288406,1.8319342456087404,1.163101256249335,0.3522989732047703
-0.5525443036168971,0.2930215069021515,0.8180432659659223,0.8637644942271087,-0.15962500745068847,1.0198133544317336
-0.9336062704847632,-0.56233965282819,-1.222590771943894,-1.1753166534153046,-2.495449522400594,-1.640722550622061
2.2530244274477664,-1.0626938558437988,-1.1644254921344297,-1.2630657637897924,-1.3641032303859306,-0.5566812314677151
0.738303109147999,-1.0626938558437988,-0.44262557093368315,-0.33989080910895314,-0.25866685557346636,0.8447970347080646
-0.8192876804244034,0.9233932522095181,0.6753814917355739,0.6410810611444363,0.37030108791939076,-0.08499162392179756
-0.3524867710112675,1.148382666632493,1.4126366459340565,1.3962644548593643,1.282952999180018,1.0600816790266157
-0.9240797213130665,0.7933757099177606,0.7767322001378442,0.8942187576984111,0.7132891662841367,0.2770613411828932
-0.9431328196564598,0.4832473463317343,0.5414689193854848,0.8602930877675394,0.767457451346147,0.2268348087660806
-0.8526306025253416,0.2930215069021515,0.22193355337717016,0.05127335682151185,0.9717212845639751,-0.13496806872411965
1.2384469406620733,-1.0626938558437988,-0.8000919911726317,-0.6895108720833907,-1.1042151012961297,0.15072461361505685
0.1143141384018684,-0.56233965282819,-0.23709936753270888,-0.16014324873489805,-0.11427479409411481,0.2663629612170684
-0.8955000737979766,-1.0626938558437988,-2.0735174361277626,-1.3641579365491812,-2.495449522400594,-2.321813872854914
0.21910617929053156,-1.0626938558437988,-0.7681110244151764,-0.628930039052761,-0.7023080742274255,0.21282025608520636
2.4768983329826377,-1.0626938558437988,-0.7100796749844648,-0.22200397830500243,-1.033205652306678,0.3254964598297276
2.04344034567044,-1.0626938558437988,-0.13750146225598936,-0.27941193274460224,0.11496791303105958,1.4372393365673823
-0.8955000737979766,0.4832473463317343,0.9607634858187581,0.9219323527526351,0.6638137857153177,1.0392816109488792
-0.5954137748895321,-0.20733269611345734,0.34310030772582606,0.379879481358346,0.515022285859146,0.8195824623217491
-0.052400472102823,0.2930215069021515,-0.11700361126982896,0.024685795056898694,-0.15962500745068847,-0.7902567312639922
0.28102874890655977,-0.56233965282819,-0.36591188986399587,-0.23389590082616213,-0.7984300843785986,0.01668637369160171
-0.6239934224046221,-1.0626938558437988,0.0652077309759806,-0.22004247478227895,0.06340800044125627,1.8308283635598372
-0.18100888592072778,-0.20733269611345734,0.23347703388750574,0.4478905723884997,0.37030108791939076,0.6070596753546278
-0.5763606765461388,0.4832473463317343,1.133958349930758,0.8804800999800158,-0.46753250629934595,1.3751089618755983
0.8764380721376005,-1.0626938558437988,-1.564931392756362,-1.3641579365491812,-1.5988787983140098,-1.3343209882898643
-0.5144381069301106,0.06803209247917626,0.37029028324150265,0.5238468275142766,1.3064958003027254,0.466647632185528
1.7766969688629342,-1.0626938558437988,-0.9706886691952104,-0.6934865851727449,-1.1819971521628492,-0.180513350684937
-0.9478960942423081,1.6487368696481015,1.3269117888428579,1.433914731178378,0.5351737749496048,0.28018543254361866
2.2911306241345533,-1.0626938558437988,-0.6774180066209576,-1.0349912045128231,-0.5765066536018487,0.3889137822815618
-0.462042086485779,-1.0626938558437988,-1.278802493757531,-1.0025003722197456,-0.28542642807626484,-0.778760615541999
2.4768983329826377,-1.0626938558437988,-0.4879589596099821,-0.6005883165339115,-0.34173108567376953,0.7567757464039028
-0.014294275416036393,-0.20733269611345734,0.3395990860378625,0.13791141625578585,0.2239420603335628,0.8127940256982995
-0.2191150826075144,0.06803209247917626,-0.4183746805228412,-0.9595222371300127,-0.030499371057727126,-1.0589976759463322
-0.6287566969904703,-0.20733269611345734,0.5916312693688133,0.6147692943647469,1.0806954318664779,1.3015596970030392
-0.7954713074951617,-0.56233965282819,-0.3826269537712543,-0.5971289323153811,-0.25866685557346636,-0.015706545584737212
1.6671416533884227,-1.0626938558437988,-0.7436991368631102,-0.43284524356104437,-0.6163240061555176,0.2602194436379475
1.4099248257526131,-1.0626938558437988,-0.34551704297048785,-0.24804365525100988,-0.2327569383712667,1.0333471957753313
1.7290642230044508,-1.0626938558437988,-0.645836424775365,-1.1590736539023403,-0.7023080742274255,0.4502339615556461
-0.8288142295961001,-1.0626938558437988,-1.335029231425087,-1.3863576577143846,-1.2679812202347571,-0.8879329062343536
-0.9574226434140048,0.6480284636168839,0.8373433020598989,0.7683805697591221,0.825258156736599,0.5826670045942729
-0.843104053353645,0.2930215069021515,-0.2748584553607753,-0.18197897428322476,-0.09251100185985872,-1.0949318525150673
0.5858783224008526,-0.56233965282819,-0.3868381343837473,-0.7261768275480125,-0.030499371057727126,-0.023867368701692458
0.16194688426035164,-1.0626938558437988,-0.9632300431121417,-0.4717021791170215,-0.7984300843785986,-0.1660313563760939
1.5623496124997593,0.06803209247917626,0.5160063609915058,0.4916763849144105,-0.07131256734998571,0.7490497963744918
-0.5430177544452005,0.2930215069021515,0.6806709532844705,0.580935183825992,0.19426264985915923,0.7535198810680421
-0.8192876804244034,-1.0626938558437988,-0.43443676726857416,-0.5700823738310379,-0.37141049614817273,0.8606967737154327
-0.8288142295961001,0.06803209247917626,0.05532569289307171,0.2987535988259967,-0.18328155780244723,-0.14333123615531312
0.038101745028295185,0.06803209247917626,0.18004856652769005,0.5174064488389101,-0.4022101454292381,0.09813244539471234
-0.9526593688281565,1.6487368696481015,0.9765865749380943,0.8059259232024722,0.5928043367258662,-0.39745537097137984
0.1143141384018684,0.4832473463317343,0.5716195590746445,0.6996960478338146,-0.7023080742274255,0.28522158951597065
-0.8621571516970383,0.4832473463317343,0.35400963933389956,0.49903480193382366,0.42903821778723844,-0.13602261571958416
-0.5239646561018072,-1.0626938558437988,-0.49534850459752355,-0.22792339474297102,-0.6163240061555176,0.7424278829686458
-0.9431328196564598,2.149091072663711,2.0169351714939356,1.7595504519253025,1.2337263897890152,1.0177771132431024
0.2905552980782564,-1.0626938558437988,-1.2385707885297934,-1.272511737266367,-1.1042151012961297,-0.7006449787405048
-0.9526593688281565,2.149091072663711,1.9637754260701688,1.8206016944631962,1.4985965582782739,0.9147506631369146
-0.7573651108083751,2.149091072663711,1.8972995619340178,1.8734049621916957,1.5936990881688118,0.7859372862837093
0.07144466712923346,-0.56233965282819,-0.5902157987472392,-2.01369247107402,-1.4730773776884334,-0.4178723574867485
-0.6954425411923469,-0.56233965282819,-0.08432486245807827,-0.45477084426498326,-0.46753250629934595,0.5625745570192616
-0.9097898975555215,2.2372732423661383,1.7828466770944085,1.245761592827767,0.4513983519132168,0.4597462361124436
-0.9240797213130665,0.9233932522095181,1.156176637828801,0.9589570371849515,0.008369586453112622,0.8460828479577556
-0.052400472102823,2.2372732423661383,1.4970347857855744,1.2110559860396175,1.3368655871337631,-0.09339687025972312
-0.5763606765461388,0.06803209247917626,-0.28350852503326796,-0.29676613865401374,-0.2327569383712667,-0.7985806627657117
0.5858783224008526,-1.0626938558437988,-0.5002838577734696,-3.0299390910785666,-2.495449522400594,0.7328451855911183
1.6623783788025743,-1.0626938558437988,-1.1501792095828303,-1.1753166534153046,-0.25866685557346636,-0.5290200267717494
-0.6239934224046221,-0.20733269611345734,0.5225724264496013,0.8025605087650095,0.7052487678224237,1.1676142159736778
-0.8240509550102517,1.2471573932472422,0.5221146436012857,0.257988553183747,0.525160227938412,-0.785664889278015
-0.9526593688281565,0.2930215069021515,0.08699134403360592,0.18324531183710893,-0.030499371057727126,-0.3960131767484294
1.4861372191261861,-1.0626938558437988,-0.8522803033342423,-0.9419195391891159,-0.8510995740835968,0.04939350634474648
0.07620794171508179,0.4832473463317343,0.48763921689398565,0.38621417801551366,0.5740427324604442,0.12260990329794622
-0.7478385616366785,-1.0626938558437988,-0.5296225218171415,-0.875822688468686,-1.4730773776884334,0.6758799535259247
-0.9193164467272182,1.8963695854816123,0.8925337074381355,0.7558323929684974,0.7132891662841367,-0.8566273192158724
-0.6239934224046221,0.7933757099177606,1.0294316120991236,0.9672419159342306,0.804059722226726,0.7665776055844972
1.0050464859555053,-1.0626938558437988,-0.3848492242763001,-0.5039072658727841,-0.37141049614817273,0.9569781139255006
1.0860221539149268,-0.56233965282819,-0.3139549675003459,0.3956046503907107,-0.6163240061555176,0.1173849673864051
-0.9336062704847632,1.8389627090776848,1.4385516819658524,1.5831987121837283,1.6886111739434202,0.2673167191413086
-0.8526306025253416,-0.20733269611345734,-0.10424592856712407,-0.5252432315743947,-1.9297763763932627,-0.04729993152837403
1.0098097605413536,-0.20733269611345734,-0.03058420224924445,-0.22792339474297102,-0.3130932756502835,0.09536774032536266
-0.3810664185263574,-0.56233965282819,-0.06218024894169504,0.052575273100305735,-0.050650860148185636,0.6055173428412635
-0.88597352462628,-1.0626938558437988,-1.607631164833648,-0.8654173210722571,-1.2679812202347571,-1.4172287315290497
0.5096659290272794,-1.0626938558437988,-0.6679630093067552,-0.573403727172404,-0.5385419552887978,0.4072720182045602
-0.5525443036168971,0.9233932522095181,2.4752696805818775,2.9488840658534445,0.5928043367258662,3.40508967341045
-0.7240221887074368,0.6480284636168839,0.4075127652352856,0.4521869096424394,0.8857372164920676,-0.24945403346050962
2.095836366114772,-1.0626938558437988,-0.736310927662192,-0.8654173210722571,-1.3641032303859306,0.2745647134515294
1.8005133417921757,-1.0626938558437988,-0.8604104298189206,-0.6110756193305663,-0.7489547038097792,0.03360769751481218
-0.5430177544452005,-0.56233965282819,-0.7707390482264758,-0.5667775037006352,-0.7489547038097792,-0.7673665125448936
0.8812013467234487,-1.0626938558437988,-1.4999415147749542,-0.6398770795028121,-1.1042151012961297,-1.208133801457203
-0.7811814837376168,1.2471573932472422,1.2067987145406165,1.0729934819070661,1.3405835609562786,0.5384938515854166
1.2432102152479216,0.4832473463317343,0.6220451230297175,0.9539361792877018,-0.25866685557346636,0.3828846985723546
-0.8478673279394934,0.6480284636168839,1.0944088522739355,0.6601543448088268,0.16346300057809388,1.0808874572103273
-0.14290268923394117,2.0037438263628347,1.7681237941669967,1.601998447675734,1.3141948559183994,0.7085662718819006
-0.7621283853942235,-0.56233965282819,-0.7219347631254666,-0.7784334276328698,-0.6163240061555176,-0.6729063687393918
-0.3000907505669359,-0.20733269611345734,-0.3026692983036753,0.10387410676648108,-0.030499371057727126,-0.43140518204568234
-0.843104053353645,-0.20733269611345734,0.23696883883116332,0.7544738138549962,0.28024671793106676,0.6138283400817813
1.4099248257526131,-1.0626938558437988,-0.27101727806117665,-0.4464639178661017,-0.11427479409411481,1.177999194603364
-0.6239934224046221,-0.56233965282819,-0.06445353232141532,-0.2772741140081302,0.04547115000298754,0.6011089212231823
1.1003119776724717,-1.0626938558437988,-0.9073739604949578,-0.8156979718699264,-0.8510995740835968,-0.05757874572537802
2.238734603690222,-1.0626938558437988,-0.8564417072717171,-0.8302279293267634,-0.7023080742274255,0.04131354262648068
-0.32867039808202586,0.4832473463317343,0.38660051657583305,0.27216786738658805,-0.11427479409411481,-0.07295899731726185
0.7764093058347856,-1.0626938558437988,-1.1959257253736568,-1.2090418326132162,-1.3641032303859306,-0.617843460733139
-0.7859447583234651,-0.20733269611345734,-0.49281162203925033,-0.5409128948793259,-0.7023080742274255,-0.7991411281812352
1.938648304781777,-0.56233965282819,-0.1830637150915299,-0.2604142270360491,-0.6163240061555176,0.3711214606323302
-0.9526593688281565,0.9233932522095181,1.1721002629556252,1.2030146432860929,1.0059680090545104,0.8769439566279625
-0.9574226434140048,0.06803209247917626,-0.6520725489100588,-0.8061845248673303,-2.495449522400594,-1.5095265291011573
-0.8240509550102517,-1.0626938558437988,-1.1651657505165036,-1.1125945646346709,-1.033205652306678,-0.5581185494880678
1.7862235180346306,-0.56233965282819,-0.12068870981623711,-0.08250408688919045,-0.6163240061555176,0.4920615125206336
-0.7573651108083751,0.4832473463317343,0.46356153152803087,0.6453670290493388,0.5351737749496048,0.07599792495981941
-0.6906792666064986,0.2930215069021515,0.2168417094452891,-0.03338099707915998,0.19426264985915923,-0.14482136053607633
-0.6144668732329254,-0.56233965282819,-0.5441687029491421,-0.8061845248673303,-0.5022651455660757,-0.3286870440489595
1.5051903174695795,-1.0626938558437988,-0.9667931280574525,0.1917421411700356,-0.9074042316811012,-0.17294959779552252
0.357241142280133,-0.56233965282819,-0.42484931404056964,-0.590263614144485,-0.3130932756502835,-0.09752481741425367
-0.10479649254715458,-0.56233965282819,-1.0681554684629482,-0.7784334276328698,-0.7023080742274255,-1.3425076409809211
-0.9288429958989148,-0.56233965282819,-1.1564539087842474,-1.008872956395172,-0.96788329143657,-1.5130547467265238
-0.9478960942423081,1.951224185270838,0.8095029598605686,0.8438495371419331,1.7264657901301141,-1.0819356775307802
1.090785428500775,-1.0626938558437988,-0.46534839203098455,0.030088907573990888,-0.3130932756502835,0.8006774123879458
2.1815753086600416,-1.0626938558437988,-0.5220656978599059,-0.7829790423098484,-0.96788329143657,0.6905526131180233
1.3051327848639498,-0.56233965282819,0.2852566601143345,0.16810988840398797,0.3823915882048847,1.2794503283888252
-0.7621283853942235,0.6480284636168839,1.1376125435400137,1.2330684915105365,0.8526924658156667,1.1646498775177399
